{"type":"Topology","objects":{"municipalities":{"type":"GeometryCollection","geometries":[{"type":"Polygon","id":4001,"properties":{"id":4001,"name":"Aarau"},"arcs":[[0,1,2,3,4,5,6,7]]},{"type":"Polygon","id":4002,"properties":{"id":4002,"name":"Biberstein"},"arcs":[[8,-7,9,10]]},{"type":"Polygon","id":4003,"properties":{"id":4003,"name":"Buchs (AG)"},"arcs":[[11,12,-1]]},{"type":"Polygon","id":4004,"properties":{"id":4004,"name":"Densbüren"},"arcs":[[13,14,15,16,17,18]]},{"type":"Polygon","id":4005,"properties":{"id":4005,"name":"Erlinsbach (AG)"},"arcs":[[-5,19,20,21]]},{"type":"Polygon","id":4006,"properties":{"id":4006,"name":"Gränichen"},"arcs":[[22,23,24,25,26,27,28,29]]},{"type":"Polygon","id":4007,"properties":{"id":4007,"name":"Hirschthal"},"arcs":[[30,31,32,33]]},{"type":"Polygon","id":4008,"properties":{"id":4008,"name":"Küttigen"},"arcs":[[34,-10,-6,-22,35,-16]]},{"type":"Polygon","id":4009,"properties":{"id":4009,"name":"Muhen"},"arcs":[[-27,36,-34,37,38,39]]},{"type":"Polygon","id":4010,"properties":{"id":4010,"name":"Oberentfelden"},"arcs":[[40,-28,-40,41,42,43]]},{"type":"Polygon","id":4012,"properties":{"id":4012,"name":"Suhr"},"arcs":[[44,-29,-41,45,-2,-13,46]]},{"type":"Polygon","id":4013,"properties":{"id":4013,"name":"Unterentfelden"},"arcs":[[-46,-44,47,-3]]},{"type":"MultiPolygon","id":4021,"properties":{"id":4021,"name":"Baden"},"arcs":[[[48,49,50]],[[51,52,53,54,55,56,57,58]]]},{"type":"Polygon","id":4022,"properties":{"id":4022,"name":"Bellikon"},"arcs":[[59,60,61,62,63,64]]},{"type":"Polygon","id":4023,"properties":{"id":4023,"name":"Bergdietikon"},"arcs":[[65,66,67,-61,68]]},{"type":"Polygon","id":4024,"properties":{"id":4024,"name":"Birmenstorf (AG)"},"arcs":[[-56,69,-51,70,71,72,73,74,75]]},{"type":"Polygon","id":4026,"properties":{"id":4026,"name":"Ennetbaden"},"arcs":[[76,77,-52,78,79]]},{"type":"Polygon","id":4027,"properties":{"id":4027,"name":"Fislisbach"},"arcs":[[80,81,82,83,-49,-70,-55]]},{"type":"Polygon","id":4028,"properties":{"id":4028,"name":"Freienwil"},"arcs":[[84,-80,85,86]]},{"type":"Polygon","id":4029,"properties":{"id":4029,"name":"Gebenstorf"},"arcs":[[87,-57,-76,88,89,90]]},{"type":"Polygon","id":4030,"properties":{"id":4030,"name":"Killwangen"},"arcs":[[91,92,93,94]]},{"type":"Polygon","id":4031,"properties":{"id":4031,"name":"Künten"},"arcs":[[-64,95,96,97,98,99]]},{"type":"Polygon","id":4032,"properties":{"id":4032,"name":"Mägenwil"},"arcs":[[100,101,102,103,104]]},{"type":"Polygon","id":4033,"properties":{"id":4033,"name":"Mellingen"},"arcs":[[-50,-84,105,106,107,108,-71]]},{"type":"Polygon","id":4034,"properties":{"id":4034,"name":"Neuenhof"},"arcs":[[109,-94,110,-81,-54,111]]},{"type":"Polygon","id":4035,"properties":{"id":4035,"name":"Niederrohrdorf"},"arcs":[[112,113,-106,-83,114]]},{"type":"Polygon","id":4037,"properties":{"id":4037,"name":"Oberrohrdorf"},"arcs":[[-93,115,116,-115,-82,-111]]},{"type":"Polygon","id":4038,"properties":{"id":4038,"name":"Obersiggenthal"},"arcs":[[117,-86,-79,-59,118,119,120,121]]},{"type":"Polygon","id":4039,"properties":{"id":4039,"name":"Remetschwil"},"arcs":[[-65,-100,122,-113,-117,123]]},{"type":"Polygon","id":4040,"properties":{"id":4040,"name":"Spreitenbach"},"arcs":[[124,-69,-60,-124,-116,-92,125]]},{"type":"Polygon","id":4041,"properties":{"id":4041,"name":"Stetten (AG)"},"arcs":[[-123,-99,126,127,-107,-114]]},{"type":"Polygon","id":4042,"properties":{"id":4042,"name":"Turgi"},"arcs":[[-119,-58,-88,128]]},{"type":"Polygon","id":4044,"properties":{"id":4044,"name":"Untersiggenthal"},"arcs":[[-120,-129,-91,129,130,131]]},{"type":"Polygon","id":4045,"properties":{"id":4045,"name":"Wettingen"},"arcs":[[132,-112,-53,-78,133,134]]},{"type":"Polygon","id":4046,"properties":{"id":4046,"name":"Wohlenschwil"},"arcs":[[135,136,-101,137,-72,-109]]},{"type":"Polygon","id":4047,"properties":{"id":4047,"name":"Würenlingen"},"arcs":[[138,-121,-132,139,140,141,142]]},{"type":"Polygon","id":4048,"properties":{"id":4048,"name":"Würenlos"},"arcs":[[-126,-95,-110,-133,143]]},{"type":"Polygon","id":4049,"properties":{"id":4049,"name":"Ehrendingen"},"arcs":[[144,145,-134,-77,-85,146]]},{"type":"Polygon","id":4061,"properties":{"id":4061,"name":"Arni (AG)"},"arcs":[[147,148,149,150,151,152,153]]},{"type":"Polygon","id":4062,"properties":{"id":4062,"name":"Berikon"},"arcs":[[154,155,156,157,158]]},{"type":"Polygon","id":4063,"properties":{"id":4063,"name":"Bremgarten (AG)"},"arcs":[[159,160,161,162,163,164,165,166,167]]},{"type":"Polygon","id":4064,"properties":{"id":4064,"name":"Büttikon"},"arcs":[[168,169,170,171,172]]},{"type":"Polygon","id":4065,"properties":{"id":4065,"name":"Dottikon"},"arcs":[[173,174,175,176,177]]},{"type":"Polygon","id":4066,"properties":{"id":4066,"name":"Eggenwil"},"arcs":[[-63,178,179,-168,180,-96]]},{"type":"Polygon","id":4067,"properties":{"id":4067,"name":"Fischbach-Göslikon"},"arcs":[[-181,-167,181,182,-97]]},{"type":"Polygon","id":4068,"properties":{"id":4068,"name":"Hägglingen"},"arcs":[[183,184,185,-178,186,-102,-137]]},{"type":"Polygon","id":4071,"properties":{"id":4071,"name":"Jonen"},"arcs":[[187,188,189,190,-151]]},{"type":"Polygon","id":4072,"properties":{"id":4072,"name":"Niederwil (AG)"},"arcs":[[-98,-183,191,-185,192,-127]]},{"type":"Polygon","id":4073,"properties":{"id":4073,"name":"Oberlunkhofen"},"arcs":[[-191,193,194,-152]]},{"type":"Polygon","id":4074,"properties":{"id":4074,"name":"Oberwil-Lieli"},"arcs":[[195,-154,196,197,-157]]},{"type":"Polygon","id":4075,"properties":{"id":4075,"name":"Rudolfstetten-Friedlisberg"},"arcs":[[198,-155,199,-67]]},{"type":"Polygon","id":4076,"properties":{"id":4076,"name":"Sarmenstorf"},"arcs":[[-171,200,201,202,203,204,205,206]]},{"type":"Polygon","id":4077,"properties":{"id":4077,"name":"Tägerig"},"arcs":[[-193,-184,-136,-108,-128]]},{"type":"Polygon","id":4078,"properties":{"id":4078,"name":"Uezwil"},"arcs":[[207,208,-201,-170]]},{"type":"Polygon","id":4079,"properties":{"id":4079,"name":"Unterlunkhofen"},"arcs":[[-153,-195,209,-161,210,-197]]},{"type":"Polygon","id":4080,"properties":{"id":4080,"name":"Villmergen"},"arcs":[[211,-172,-207,212,213,214,-175]]},{"type":"Polygon","id":4081,"properties":{"id":4081,"name":"Widen"},"arcs":[[-200,-159,215,-179,-62,-68]]},{"type":"Polygon","id":4082,"properties":{"id":4082,"name":"Wohlen (AG)"},"arcs":[[-192,-182,-166,216,-173,-212,-174,-186]]},{"type":"Polygon","id":4083,"properties":{"id":4083,"name":"Zufikon"},"arcs":[[-216,-158,-198,-211,-160,-180]]},{"type":"Polygon","id":4084,"properties":{"id":4084,"name":"Islisberg"},"arcs":[[-149,217]]},{"type":"Polygon","id":4091,"properties":{"id":4091,"name":"Auenstein"},"arcs":[[218,219,-9,220,221,222]]},{"type":"Polygon","id":4092,"properties":{"id":4092,"name":"Birr"},"arcs":[[223,224,225,226]]},{"type":"Polygon","id":4093,"properties":{"id":4093,"name":"Birrhard"},"arcs":[[-73,-138,-105,227,-224,228,229]]},{"type":"Polygon","id":4094,"properties":{"id":4094,"name":"Bözen"},"arcs":[[230,231,232,233]]},{"type":"Polygon","id":4095,"properties":{"id":4095,"name":"Brugg"},"arcs":[[-90,234,235,236,237,238,239,240,241,242,-130]]},{"type":"Polygon","id":4096,"properties":{"id":4096,"name":"Effingen"},"arcs":[[243,244,-231,245,246]]},{"type":"Polygon","id":4097,"properties":{"id":4097,"name":"Elfingen"},"arcs":[[247,-246,-234,248,249]]},{"type":"Polygon","id":4099,"properties":{"id":4099,"name":"Habsburg"},"arcs":[[250,251,-237,252]]},{"type":"Polygon","id":4100,"properties":{"id":4100,"name":"Hausen (AG)"},"arcs":[[253,254,255,-253,-236,256]]},{"type":"Polygon","id":4104,"properties":{"id":4104,"name":"Lupfig"},"arcs":[[-229,-227,257,258,259,-255,260]]},{"type":"Polygon","id":4105,"properties":{"id":4105,"name":"Mandach"},"arcs":[[261,262,263,264]]},{"type":"Polygon","id":4106,"properties":{"id":4106,"name":"Mönthal"},"arcs":[[265,-247,-248,266,267,268]]},{"type":"Polygon","id":4107,"properties":{"id":4107,"name":"Mülligen"},"arcs":[[-230,-261,-254,269,-74]]},{"type":"Polygon","id":4110,"properties":{"id":4110,"name":"Remigen"},"arcs":[[270,271,272,-269,273,274,275]]},{"type":"Polygon","id":4111,"properties":{"id":4111,"name":"Riniken"},"arcs":[[276,-241,277,-272]]},{"type":"Polygon","id":4112,"properties":{"id":4112,"name":"Rüfenach"},"arcs":[[-242,-277,-271,278]]},{"type":"Polygon","id":4113,"properties":{"id":4113,"name":"Scherz"},"arcs":[[-256,-260,279,280,-251]]},{"type":"Polygon","id":4114,"properties":{"id":4114,"name":"Schinznach-Bad"},"arcs":[[-252,-281,281,282,283,-238]]},{"type":"Polygon","id":4117,"properties":{"id":4117,"name":"Thalheim (AG)"},"arcs":[[284,-221,-11,-35,-15,285]]},{"type":"Polygon","id":4120,"properties":{"id":4120,"name":"Veltheim (AG)"},"arcs":[[286,287,-223,288]]},{"type":"Polygon","id":4121,"properties":{"id":4121,"name":"Villigen"},"arcs":[[-140,-131,-243,-279,-276,289,-263,290]]},{"type":"Polygon","id":4122,"properties":{"id":4122,"name":"Villnachern"},"arcs":[[-239,-284,291,292]]},{"type":"Polygon","id":4123,"properties":{"id":4123,"name":"Windisch"},"arcs":[[-75,-270,-257,-235,-89]]},{"type":"Polygon","id":4124,"properties":{"id":4124,"name":"Bözberg"},"arcs":[[-278,-240,-293,293,294,-244,-266,-273]]},{"type":"Polygon","id":4125,"properties":{"id":4125,"name":"Schinznach"},"arcs":[[-292,-283,-289,-222,-285,295,-294]]},{"type":"Polygon","id":4131,"properties":{"id":4131,"name":"Beinwil am See"},"arcs":[[296,297,298,299,300]]},{"type":"Polygon","id":4132,"properties":{"id":4132,"name":"Birrwil"},"arcs":[[-301,301,302,303,304,305]]},{"type":"Polygon","id":4133,"properties":{"id":4133,"name":"Burg (AG)"},"arcs":[[306,307]]},{"type":"Polygon","id":4134,"properties":{"id":4134,"name":"Dürrenäsch"},"arcs":[[308,309,310,311,312,313,314,315]]},{"type":"Polygon","id":4135,"properties":{"id":4135,"name":"Gontenschwil"},"arcs":[[316,317,318,319,320,321]]},{"type":"Polygon","id":4136,"properties":{"id":4136,"name":"Holziken"},"arcs":[[-38,-33,322,323,324]]},{"type":"Polygon","id":4137,"properties":{"id":4137,"name":"Leimbach (AG)"},"arcs":[[-317,325,326]]},{"type":"Polygon","id":4138,"properties":{"id":4138,"name":"Leutwil"},"arcs":[[327,-304,328,-311]]},{"type":"Polygon","id":4139,"properties":{"id":4139,"name":"Menziken"},"arcs":[[329,-308,330,331,-299]]},{"type":"Polygon","id":4140,"properties":{"id":4140,"name":"Oberkulm"},"arcs":[[332,-321,333,334,335,-313]]},{"type":"Polygon","id":4141,"properties":{"id":4141,"name":"Reinach (AG)"},"arcs":[[-300,-332,336,-318,-327,337,-302]]},{"type":"Polygon","id":4142,"properties":{"id":4142,"name":"Schlossrued"},"arcs":[[-335,338,339,340,341,342]]},{"type":"Polygon","id":4143,"properties":{"id":4143,"name":"Schmiedrued"},"arcs":[[-334,-320,343,344,345,-339]]},{"type":"Polygon","id":4144,"properties":{"id":4144,"name":"Schöftland"},"arcs":[[346,-342,347,348,-323,-32]]},{"type":"Polygon","id":4145,"properties":{"id":4145,"name":"Teufenthal (AG)"},"arcs":[[349,-315,350,-25]]},{"type":"Polygon","id":4146,"properties":{"id":4146,"name":"Unterkulm"},"arcs":[[-351,-314,-336,-343,-347,-31,-37,-26]]},{"type":"Polygon","id":4147,"properties":{"id":4147,"name":"Zetzwil"},"arcs":[[-329,-303,-338,-326,-322,-333,-312]]},{"type":"Polygon","id":4161,"properties":{"id":4161,"name":"Eiken"},"arcs":[[351,352,353,354,355,356,357]]},{"type":"Polygon","id":4163,"properties":{"id":4163,"name":"Frick"},"arcs":[[358,359,360,361,362,363,-354]]},{"type":"Polygon","id":4164,"properties":{"id":4164,"name":"Gansingen"},"arcs":[[-274,-268,364,365]]},{"type":"Polygon","id":4165,"properties":{"id":4165,"name":"Gipf-Oberfrick"},"arcs":[[366,367,368,369,370,-363]]},{"type":"Polygon","id":4166,"properties":{"id":4166,"name":"Herznach"},"arcs":[[371,-19,372,-368,373]]},{"type":"Polygon","id":4167,"properties":{"id":4167,"name":"Hornussen"},"arcs":[[-249,-233,374,375,-361,376,377]]},{"type":"Polygon","id":4169,"properties":{"id":4169,"name":"Kaisten"},"arcs":[[-377,-360,378,-352,379,380]]},{"type":"Polygon","id":4170,"properties":{"id":4170,"name":"Laufenburg"},"arcs":[[381,-365,-267,-250,-378,-381,382]]},{"type":"Polygon","id":4172,"properties":{"id":4172,"name":"Münchwilen (AG)"},"arcs":[[-356,383,384,385,386]]},{"type":"Polygon","id":4173,"properties":{"id":4173,"name":"Oberhof"},"arcs":[[-17,-36,-21,387,388]]},{"type":"Polygon","id":4175,"properties":{"id":4175,"name":"Oeschgen"},"arcs":[[-359,-353,-379]]},{"type":"Polygon","id":4176,"properties":{"id":4176,"name":"Schwaderloch"},"arcs":[[389,390,391]]},{"type":"Polygon","id":4177,"properties":{"id":4177,"name":"Sisseln"},"arcs":[[-357,-387,392,393]]},{"type":"Polygon","id":4179,"properties":{"id":4179,"name":"Ueken"},"arcs":[[394,-374,-367,-362,-376]]},{"type":"Polygon","id":4181,"properties":{"id":4181,"name":"Wittnau"},"arcs":[[395,396,397,-370]]},{"type":"Polygon","id":4182,"properties":{"id":4182,"name":"Wölflinswil"},"arcs":[[-373,-18,-389,398,-396,-369]]},{"type":"Polygon","id":4183,"properties":{"id":4183,"name":"Zeihen"},"arcs":[[-245,-295,-296,-286,-14,-372,-395,-375,-232]]},{"type":"Polygon","id":4184,"properties":{"id":4184,"name":"Mettauertal"},"arcs":[[399,-264,-290,-275,-366,-382,400,-391,401]]},{"type":"Polygon","id":4191,"properties":{"id":4191,"name":"Ammerswil"},"arcs":[[402,403,404,405]]},{"type":"Polygon","id":4192,"properties":{"id":4192,"name":"Boniswil"},"arcs":[[406,407,-305,-328,-310,408]]},{"type":"Polygon","id":4193,"properties":{"id":4193,"name":"Brunegg"},"arcs":[[-104,409,410,-225,-228]]},{"type":"Polygon","id":4194,"properties":{"id":4194,"name":"Dintikon"},"arcs":[[411,-403,412,-214]]},{"type":"Polygon","id":4195,"properties":{"id":4195,"name":"Egliswil"},"arcs":[[-404,-412,413,414,415]]},{"type":"Polygon","id":4196,"properties":{"id":4196,"name":"Fahrwangen"},"arcs":[[416,417,418,419,-204]]},{"type":"Polygon","id":4197,"properties":{"id":4197,"name":"Hallwil"},"arcs":[[-409,-309,420,421]]},{"type":"Polygon","id":4198,"properties":{"id":4198,"name":"Hendschiken"},"arcs":[[-215,-413,-406,422,423,-176]]},{"type":"Polygon","id":4199,"properties":{"id":4199,"name":"Holderbank (AG)"},"arcs":[[-280,-259,424,-287,-282]]},{"type":"Polygon","id":4200,"properties":{"id":4200,"name":"Hunzenschwil"},"arcs":[[425,-30,-45,426]]},{"type":"Polygon","id":4201,"properties":{"id":4201,"name":"Lenzburg"},"arcs":[[427,-423,-405,-416,428,429,430,431,432]]},{"type":"Polygon","id":4202,"properties":{"id":4202,"name":"Meisterschwanden"},"arcs":[[-205,-420,433,434]]},{"type":"Polygon","id":4203,"properties":{"id":4203,"name":"Möriken-Wildegg"},"arcs":[[-258,-226,-411,435,-433,436,437,-219,-288,-425]]},{"type":"Polygon","id":4204,"properties":{"id":4204,"name":"Niederlenz"},"arcs":[[-432,438,-437]]},{"type":"Polygon","id":4205,"properties":{"id":4205,"name":"Othmarsingen"},"arcs":[[-103,-187,-177,-424,-428,-436,-410]]},{"type":"Polygon","id":4206,"properties":{"id":4206,"name":"Rupperswil"},"arcs":[[-439,-431,439,440,-427,-47,-12,-8,-220,-438]]},{"type":"Polygon","id":4207,"properties":{"id":4207,"name":"Schafisheim"},"arcs":[[441,-23,-426,-441,442]]},{"type":"Polygon","id":4208,"properties":{"id":4208,"name":"Seengen"},"arcs":[[-206,-435,443,-407,-422,444,-414,-213]]},{"type":"Polygon","id":4209,"properties":{"id":4209,"name":"Seon"},"arcs":[[-429,-415,-445,-421,-316,-350,-24,-442,445]]},{"type":"Polygon","id":4210,"properties":{"id":4210,"name":"Staufen"},"arcs":[[-446,-443,-440,-430]]},{"type":"Polygon","id":4221,"properties":{"id":4221,"name":"Abtwil"},"arcs":[[446,447]]},{"type":"Polygon","id":4222,"properties":{"id":4222,"name":"Aristau"},"arcs":[[-189,448,449,450,451,452,453]]},{"type":"Polygon","id":4223,"properties":{"id":4223,"name":"Auw"},"arcs":[[454,455,456,457]]},{"type":"Polygon","id":4224,"properties":{"id":4224,"name":"Beinwil (Freiamt)"},"arcs":[[458,-457,459,460,461]]},{"type":"Polygon","id":4226,"properties":{"id":4226,"name":"Besenbüren"},"arcs":[[-453,462,463,-163,464]]},{"type":"Polygon","id":4227,"properties":{"id":4227,"name":"Bettwil"},"arcs":[[465,466,467,468,-417,-203]]},{"type":"Polygon","id":4228,"properties":{"id":4228,"name":"Boswil"},"arcs":[[469,-463,-452,470,471,-467,472,473]]},{"type":"Polygon","id":4229,"properties":{"id":4229,"name":"Bünzen"},"arcs":[[-464,-470,474,-164]]},{"type":"Polygon","id":4230,"properties":{"id":4230,"name":"Buttwil"},"arcs":[[475,476,-468,-472,477]]},{"type":"Polygon","id":4231,"properties":{"id":4231,"name":"Dietwil"},"arcs":[[478,479,480]]},{"type":"Polygon","id":4232,"properties":{"id":4232,"name":"Geltwil"},"arcs":[[481,-461,482,-476,483]]},{"type":"Polygon","id":4233,"properties":{"id":4233,"name":"Kallern"},"arcs":[[-466,-202,-209,484,-473]]},{"type":"Polygon","id":4234,"properties":{"id":4234,"name":"Merenschwand"},"arcs":[[485,-462,-482,486,-450,487]]},{"type":"Polygon","id":4235,"properties":{"id":4235,"name":"Mühlau"},"arcs":[[488,489,-458,-459,-486]]},{"type":"Polygon","id":4236,"properties":{"id":4236,"name":"Muri (AG)"},"arcs":[[-487,-484,-478,-471,-451]]},{"type":"Polygon","id":4237,"properties":{"id":4237,"name":"Oberrüti"},"arcs":[[490,-481,491]]},{"type":"Polygon","id":4238,"properties":{"id":4238,"name":"Rottenschwil"},"arcs":[[-194,-190,-454,-465,-162,-210]]},{"type":"Polygon","id":4239,"properties":{"id":4239,"name":"Sins"},"arcs":[[-492,-480,492,-448,493,-455,-490,494]]},{"type":"Polygon","id":4240,"properties":{"id":4240,"name":"Waltenschwil"},"arcs":[[-165,-475,-474,-485,-208,-169,-217]]},{"type":"Polygon","id":4251,"properties":{"id":4251,"name":"Hellikon"},"arcs":[[495,496,497,498,499]]},{"type":"Polygon","id":4252,"properties":{"id":4252,"name":"Kaiseraugst"},"arcs":[[500,501,502]]},{"type":"Polygon","id":4253,"properties":{"id":4253,"name":"Magden"},"arcs":[[503,504,505,506,507,508]]},{"type":"Polygon","id":4254,"properties":{"id":4254,"name":"Möhlin"},"arcs":[[509,510,511,-504,512,513]]},{"type":"Polygon","id":4255,"properties":{"id":4255,"name":"Mumpf"},"arcs":[[514,515,516,517,518,519]]},{"type":"Polygon","id":4256,"properties":{"id":4256,"name":"Obermumpf"},"arcs":[[520,-385,521,-500,522,-516]]},{"type":"MultiPolygon","id":4257,"properties":{"id":4257,"name":"Olsberg"},"arcs":[[[523,-506]],[[-508,524,-501,525]]]},{"type":"Polygon","id":4258,"properties":{"id":4258,"name":"Rheinfelden"},"arcs":[[-513,-509,-526,-503,526]]},{"type":"Polygon","id":4259,"properties":{"id":4259,"name":"Schupfart"},"arcs":[[-355,-364,-371,527,-496,-522,-384]]},{"type":"Polygon","id":4260,"properties":{"id":4260,"name":"Stein (AG)"},"arcs":[[-393,-386,-521,-515,528]]},{"type":"Polygon","id":4261,"properties":{"id":4261,"name":"Wallbach"},"arcs":[[-519,529,-510,530]]},{"type":"Polygon","id":4262,"properties":{"id":4262,"name":"Wegenstetten"},"arcs":[[-398,531,-497,-528]]},{"type":"Polygon","id":4263,"properties":{"id":4263,"name":"Zeiningen"},"arcs":[[-518,532,533,-511,-530]]},{"type":"Polygon","id":4264,"properties":{"id":4264,"name":"Zuzgen"},"arcs":[[-523,-499,534,-533,-517]]},{"type":"Polygon","id":4271,"properties":{"id":4271,"name":"Aarburg"},"arcs":[[535,536,537]]},{"type":"Polygon","id":4272,"properties":{"id":4272,"name":"Attelwil"},"arcs":[[538,539,540,541]]},{"type":"Polygon","id":4273,"properties":{"id":4273,"name":"Bottenwil"},"arcs":[[542,543,544,545,546]]},{"type":"Polygon","id":4274,"properties":{"id":4274,"name":"Brittnau"},"arcs":[[547,548,549,550,551]]},{"type":"Polygon","id":4275,"properties":{"id":4275,"name":"Kirchleerau"},"arcs":[[-346,552,553,-340]]},{"type":"Polygon","id":4276,"properties":{"id":4276,"name":"Kölliken"},"arcs":[[-39,-325,554,555,556,-42]]},{"type":"Polygon","id":4277,"properties":{"id":4277,"name":"Moosleerau"},"arcs":[[-345,557,558,-539,559,-553]]},{"type":"Polygon","id":4279,"properties":{"id":4279,"name":"Murgenthal"},"arcs":[[560,-549,561,562]]},{"type":"Polygon","id":4280,"properties":{"id":4280,"name":"Oftringen"},"arcs":[[563,564,565,-536,566]]},{"type":"Polygon","id":4281,"properties":{"id":4281,"name":"Reitnau"},"arcs":[[-559,567,568,-540]]},{"type":"Polygon","id":4282,"properties":{"id":4282,"name":"Rothrist"},"arcs":[[-566,569,570,-563,571,-537]]},{"type":"Polygon","id":4283,"properties":{"id":4283,"name":"Safenwil"},"arcs":[[-556,572,573,-564,574]]},{"type":"Polygon","id":4284,"properties":{"id":4284,"name":"Staffelbach"},"arcs":[[-341,-554,-560,-542,575,-543,576,-348]]},{"type":"Polygon","id":4285,"properties":{"id":4285,"name":"Strengelbach"},"arcs":[[-551,577,-570,578]]},{"type":"Polygon","id":4286,"properties":{"id":4286,"name":"Uerkheim"},"arcs":[[-555,-324,-349,-577,-547,579,-573]]},{"type":"Polygon","id":4287,"properties":{"id":4287,"name":"Vordemwald"},"arcs":[[-550,-561,-571,-578]]},{"type":"Polygon","id":4288,"properties":{"id":4288,"name":"Wiliberg"},"arcs":[[-576,-541,-569,580,-544]]},{"type":"Polygon","id":4289,"properties":{"id":4289,"name":"Zofingen"},"arcs":[[-546,581,-552,-579,-565,-574,-580]]},{"type":"Polygon","id":4301,"properties":{"id":4301,"name":"Baldingen"},"arcs":[[582,583,584,585,586]]},{"type":"Polygon","id":4302,"properties":{"id":4302,"name":"Böbikon"},"arcs":[[587,588,589,-583,590]]},{"type":"Polygon","id":4303,"properties":{"id":4303,"name":"Böttstein"},"arcs":[[591,-141,-291,-262,592,593]]},{"type":"Polygon","id":4304,"properties":{"id":4304,"name":"Döttingen"},"arcs":[[594,595,-142,-592,596]]},{"type":"Polygon","id":4305,"properties":{"id":4305,"name":"Endingen"},"arcs":[[-585,597,-122,-139,598]]},{"type":"Polygon","id":4306,"properties":{"id":4306,"name":"Fisibach"},"arcs":[[599,600,601,602,603,604]]},{"type":"Polygon","id":4307,"properties":{"id":4307,"name":"Full-Reuenthal"},"arcs":[[605,606,607]]},{"type":"Polygon","id":4308,"properties":{"id":4308,"name":"Kaiserstuhl"},"arcs":[[-600,608]]},{"type":"Polygon","id":4309,"properties":{"id":4309,"name":"Klingnau"},"arcs":[[609,610,-597,-594,611,612]]},{"type":"Polygon","id":4310,"properties":{"id":4310,"name":"Koblenz"},"arcs":[[613,-613,614,615]]},{"type":"Polygon","id":4311,"properties":{"id":4311,"name":"Leibstadt"},"arcs":[[616,-402,-390,617,-607]]},{"type":"Polygon","id":4312,"properties":{"id":4312,"name":"Lengnau (AG)"},"arcs":[[618,619,-147,-87,-118,-598,-584,-590]]},{"type":"Polygon","id":4313,"properties":{"id":4313,"name":"Leuggern"},"arcs":[[-615,-612,-593,-265,-400,-617,-606,620]]},{"type":"Polygon","id":4314,"properties":{"id":4314,"name":"Mellikon"},"arcs":[[621,622,-588,623,624]]},{"type":"Polygon","id":4315,"properties":{"id":4315,"name":"Rekingen (AG)"},"arcs":[[-624,-591,-587,625,626,627]]},{"type":"Polygon","id":4316,"properties":{"id":4316,"name":"Rietheim"},"arcs":[[628,-610,-614,629]]},{"type":"Polygon","id":4317,"properties":{"id":4317,"name":"Rümikon"},"arcs":[[630,-622,631,-604]]},{"type":"Polygon","id":4318,"properties":{"id":4318,"name":"Schneisingen"},"arcs":[[632,633,-145,-620,634]]},{"type":"Polygon","id":4319,"properties":{"id":4319,"name":"Siglistorf"},"arcs":[[635,-633,636,-602]]},{"type":"Polygon","id":4320,"properties":{"id":4320,"name":"Tegerfelden"},"arcs":[[-626,-586,-599,-143,-596,637]]},{"type":"Polygon","id":4322,"properties":{"id":4322,"name":"Wislikofen"},"arcs":[[-603,-637,-635,-619,-589,-623,-631]]},{"type":"Polygon","id":4323,"properties":{"id":4323,"name":"Bad Zurzach"},"arcs":[[-627,-638,-595,-611,-629,638]]},{"type":"Polygon","id":9174,"properties":{"id":9174,"name":"Hallwilersee (AG)"},"arcs":[[-434,-419,639,-297,-306,-408,-444]]}]},"lakes":{"type":"GeometryCollection","geometries":[{"type":"Polygon","id":9172,"properties":{"id":9172,"name":"Hallwilersee"},"arcs":[[-297,-306,-408,-444,-434,-419,640]]}]}},"arcs":[[[53913,55358],[-1254,18],[-1712,-225],[-551,-1344],[-861,-184],[-1241,237],[-967,-691],[166,-1142]],[[47493,52027],[-937,-885],[-45,-707],[716,-326],[458,-1457],[-1676,-606]],[[46009,48046],[247,558],[-906,-327],[-239,969],[-1223,362],[-1305,-1393],[-358,126]],[[42225,48341],[396,1359],[149,1310],[-567,2364]],[[42203,53374],[167,657],[1103,606]],[[43473,54637],[1093,-357],[1502,1078],[2047,1027]],[[48115,56385],[1256,-24],[986,438],[2289,28]],[[52646,56827],[0,-831],[1267,-638]],[[51895,59088],[-127,-678],[467,-349],[411,-1234]],[[48115,56385],[-342,901],[133,2124],[-140,893]],[[47766,60303],[2660,-523],[1469,-692]],[[53913,55358],[391,-1057]],[[54304,54301],[-1210,-748],[-2622,-582],[916,-527],[971,113],[381,-593],[-2140,-678],[-467,-671],[-1438,-252],[-1202,1664]],[[48601,67892],[1876,-773],[607,-1088]],[[51084,66031],[-951,-312],[-56,-1434],[-1154,1],[89,-1303],[-1711,-409],[357,-551],[-36,-1141]],[[47622,60882],[-895,49],[-829,799],[-1340,-383],[-153,594],[-1051,148],[-625,-376]],[[42729,61713],[447,1403],[-542,26],[340,522],[-332,1339]],[[42642,65003],[-128,2094]],[[42514,67097],[1250,338],[658,499],[381,-275],[833,215],[-113,-377],[1499,542],[1050,-289],[529,142]],[[42203,53374],[-838,38],[-62,-420],[-1353,463],[42,916],[-401,1380],[-1104,567],[-1081,287],[-196,600],[-1005,-106],[-1074,1206],[-265,-106],[-1224,693],[2633,1238],[407,-1144],[210,1161]],[[36892,60147],[3792,536]],[[40684,60683],[-152,-1205],[680,-719],[537,120],[447,-1194],[570,-2795],[707,-253]],[[55287,48551],[174,-765],[-578,-1223],[139,-522],[1275,-142],[772,-593]],[[57069,45306],[-205,-1390],[504,-1227],[-34,-846],[579,-1072]],[[57913,40771],[-1327,-146],[-627,-305],[-2371,277]],[[53588,40597],[-228,938],[-968,-509],[-1466,-294],[-702,-776]],[[50224,39956],[-275,909],[-1215,868],[-533,832]],[[48201,42565],[22,1191]],[[48223,43756],[676,1319],[701,180],[718,1884],[1207,667],[1299,1304],[1211,684]],[[54035,49794],[1252,-1243]],[[50169,38180],[284,-877],[-146,-849],[-610,-868]],[[49697,35586],[-696,1],[-1600,458],[-2938,1384]],[[44463,37429],[130,1244]],[[44593,38673],[1347,114],[683,-655],[789,-212],[1607,396],[1150,-136]],[[47622,60882],[144,-579]],[[40684,60683],[572,33],[526,995],[947,2]],[[50224,39956],[-55,-1776]],[[44593,38673],[-273,1137]],[[44320,39810],[305,24],[-604,2103],[541,1157]],[[44562,43094],[449,-586],[419,434],[1073,75],[974,-620],[724,168]],[[46559,46137],[541,-422],[574,-1285],[549,-674]],[[44562,43094],[-1139,24],[170,283],[-1159,478],[-2208,19]],[[40226,43898],[146,888],[-341,574],[779,781],[357,718],[524,157]],[[41691,47016],[520,-188],[1101,340],[820,-338],[823,-783],[1604,90]],[[54243,52899],[-1227,-934],[489,-1473],[530,-698]],[[46559,46137],[-544,745],[516,274],[-522,890]],[[54304,54301],[-61,-1402]],[[41691,47016],[534,1325]],[[75497,63124],[269,-1026],[-878,-860]],[[74888,61238],[-564,120]],[[74324,61358],[-485,463],[501,949],[928,636],[229,-282]],[[80523,71226],[511,-428],[-490,-646],[-35,-768],[560,349]],[[81069,69733],[650,-279],[-383,-714],[-605,-289],[-452,-1347],[265,-405]],[[80544,66699],[-104,-531],[-760,-657],[497,-750],[539,-236],[-564,-884]],[[80152,63641],[-109,321],[-1131,218],[-877,-876],[-483,551],[-1079,235]],[[76473,64090],[-1288,2401],[-149,1881]],[[75036,68372],[-542,1322],[160,1114]],[[74654,70808],[101,796],[370,221]],[[75125,71825],[1077,-170],[725,360],[1505,-146],[890,-512],[1201,-131]],[[86611,55065],[316,18]],[[86927,55083],[17,-1368],[833,-2991]],[[87777,50724],[-445,-614],[-1252,-952]],[[86080,49158],[-662,696]],[[85418,49854],[-1100,2345],[-840,1260],[7,583]],[[83485,54042],[136,510],[2172,932],[818,-419]],[[87495,54769],[518,-713],[1854,141],[512,-876],[1116,92],[655,-687],[-289,-238],[-49,-2084],[292,-903],[572,-501],[-53,-817]],[[92623,48183],[-783,496],[-74,572],[-1026,698],[-489,-578],[-927,424],[-1242,-55]],[[88082,49740],[-305,984]],[[86927,55083],[568,-314]],[[76473,64090],[-976,-966]],[[74324,61358],[-63,-399],[-646,630],[-798,-961]],[[72817,60628],[-194,-68]],[[72623,60560],[-494,141],[52,1674],[741,773],[446,1265]],[[73368,64413],[-725,1250],[-1171,906],[-1683,-94],[-551,341]],[[69238,66816],[723,718],[98,1498]],[[70059,69032],[904,17],[672,421],[939,-1112],[783,133],[1045,-454],[634,335]],[[82650,72156],[707,-68],[488,-1128],[686,154],[158,-573]],[[84689,70541],[-1885,-518],[-1735,-290]],[[80523,71226],[268,797],[299,-193],[1305,368]],[[82395,72198],[255,-42]],[[80152,63641],[854,-766]],[[81006,62875],[-737,-335],[215,-490],[-475,-415]],[[80009,61635],[-732,-414],[-1570,-1791]],[[77707,59430],[-1569,933],[-410,-59],[158,974],[-998,-40]],[[84135,76644],[97,-596],[-321,-1075],[-757,-1286],[-595,-423],[341,-728],[-250,-380]],[[82395,72198],[192,414],[-1365,1160],[-362,-367],[-314,787],[-1189,1355],[-223,573],[-772,126],[-222,693]],[[78140,76939],[619,84],[2271,-751],[1003,-1],[633,657],[737,187],[-70,-619],[802,148]],[[71933,73779],[141,-918],[718,-399],[160,-928],[1045,-268],[657,-458]],[[70059,69032],[-1139,1936],[1164,25],[925,1293],[-385,1256]],[[70624,73542],[-299,2690]],[[70325,76232],[1052,-1159],[-47,-1060],[603,-234]],[[87256,61416],[-563,-900],[-466,-125],[-364,-1890],[-402,76],[-829,-604]],[[84632,57973],[-514,1029],[-536,168],[-590,854]],[[82992,60024],[1588,1336],[589,34],[175,595]],[[85344,61989],[944,-499],[968,-74]],[[85418,49854],[-528,-369],[-339,343],[-1005,-254],[-317,742],[-374,-738]],[[82855,49578],[-1446,-480],[-714,64],[-802,674]],[[79893,49836],[253,1240]],[[80146,51076],[1440,1233],[-254,431],[570,355],[-562,404],[882,418],[-125,368]],[[82097,54285],[401,265],[987,-508]],[[70652,59185],[19,-1274],[554,-75],[394,-661],[-69,-598],[516,68],[281,-994]],[[72347,55651],[-664,-683],[-1561,-224]],[[70122,54744],[-801,836],[-689,328],[-881,876]],[[67751,56784],[750,502],[936,1661],[938,859]],[[70375,59806],[277,-621]],[[77707,59430],[285,-1432],[-691,250],[624,-690],[-282,-499]],[[77643,57059],[-793,-602]],[[76850,56457],[-1226,-204],[-568,-660],[-398,263]],[[74658,55856],[186,666],[-1033,1826],[287,631],[-221,1294],[-1060,355]],[[84024,63590],[853,-1266],[467,-335]],[[82992,60024],[-676,1106],[-1142,1090],[-168,655]],[[80544,66699],[371,-347],[-47,-716],[1544,535],[502,-177],[809,-1275],[301,-1129]],[[81175,56916],[-858,-452],[-451,82]],[[79866,56546],[-320,454],[-898,116],[51,-765],[-583,-476],[-473,1184]],[[80009,61635],[278,-779],[-618,-592],[939,-1221],[-351,-474],[1082,-1119],[-164,-534]],[[84632,57973],[-129,-252]],[[84503,57721],[-959,-346],[-838,159],[-1157,-669],[-374,51]],[[77606,77256],[534,-317]],[[75125,71825],[-161,718],[-557,41]],[[74407,72584],[376,108],[547,1179],[-401,215],[633,1635],[436,161],[375,1946]],[[76373,77828],[316,223]],[[76689,78051],[917,-795]],[[82097,54285],[-675,845],[-314,949],[-1308,140],[66,327]],[[84503,57721],[623,-530],[161,-757],[603,176],[478,-432],[243,-1113]],[[89158,60956],[524,-682],[1230,-149],[594,-1606],[-1468,-2064],[458,-887],[-722,-793],[-459,497],[-928,-339],[-208,-501],[-684,337]],[[87256,61416],[896,-302],[774,323],[232,-481]],[[80146,51076],[-108,1815],[-1016,254],[-637,1034]],[[78385,54179],[-615,487],[-920,1791]],[[71933,73779],[904,497],[429,-79],[328,-1157],[813,-456]],[[70325,76232],[-25,428]],[[70300,76660],[-244,715],[32,1427]],[[70088,78802],[1277,173],[858,-171],[2129,107],[2021,-1083]],[[87956,67980],[-422,-786],[-863,383],[-419,-953],[255,-111],[-1143,-599],[286,-316],[-939,-980],[-687,-1028]],[[84689,70541],[2970,460]],[[87659,71001],[1312,115],[40,-1350],[225,-777],[-1000,-164],[-280,-845]],[[74658,55856],[-604,-1242]],[[74054,54614],[-1043,384],[-664,653]],[[70652,59185],[1509,611],[462,764]],[[74236,84257],[43,-1185],[902,-1184],[-736,-1551],[1150,-1505],[707,-82],[387,-699]],[[70088,78802],[-136,677],[-840,2093],[-94,1396],[484,603]],[[69502,83571],[246,731]],[[69748,84302],[364,-313],[956,831],[1442,-164],[1544,240]],[[74054,84896],[182,-639]],[[87956,67980],[501,-174],[448,-1375],[825,53],[546,-583],[515,-1395],[-673,-198],[18,-1647],[426,-816],[-301,-758],[-775,183],[-328,-314]],[[85081,77485],[758,-314],[1487,-81]],[[87326,77090],[-316,-953],[54,-983],[541,61],[-648,-776],[580,-1412],[-90,-1011],[212,-1015]],[[84135,76644],[583,864],[363,-23]],[[94272,39506],[497,-851],[1736,573],[490,-180]],[[96995,39048],[-390,-1364],[397,-275],[-129,-626],[558,-55]],[[97431,36728],[-538,-749],[-105,-1219],[-375,-918]],[[96413,33842],[-544,601],[-754,1530],[-233,-72]],[[94882,35901],[-616,736],[-777,228],[939,1026],[-494,367]],[[93934,38258],[-195,1302]],[[93739,39560],[533,-54]],[[88025,46980],[188,-470],[1312,-608],[1831,83],[891,-173],[54,437],[948,600]],[[93249,46849],[338,-866],[-93,-1653]],[[93494,44330],[-506,-394],[-2068,-945],[-723,-657],[-448,216],[-513,-427]],[[89236,42123],[-890,1464],[188,415],[-1499,1646],[-93,411]],[[86942,46059],[791,987],[292,-66]],[[85316,46791],[742,-1507],[-185,-565],[299,-925],[-403,-916],[-1599,-1224],[1596,-1120]],[[85766,40534],[793,-713],[1242,-179]],[[87801,39642],[-461,-718],[-1142,-256],[-406,-565]],[[85792,38103],[-1248,-262]],[[84544,37841],[-1641,2479],[-1154,619]],[[81749,40939],[177,1129],[-222,468]],[[81704,42536],[-1121,1967],[-1348,1377]],[[79235,45880],[677,733],[1098,-755],[497,708],[-28,596],[733,552],[544,-660],[140,529]],[[82896,47583],[291,787],[676,-231],[-116,-817],[1640,-1678],[-71,1147]],[[75685,40561],[184,-673],[1376,-1471]],[[77245,38417],[-108,-858],[-891,1011],[-1836,-888]],[[74410,37682],[-1296,876]],[[73114,38558],[-342,552],[484,758],[-177,875],[605,-42],[731,810]],[[74415,41511],[1270,-950]],[[74277,48699],[-451,265],[-746,-1162],[-651,52]],[[72429,47854],[-174,-384],[-846,605],[-381,836],[-656,-96],[-515,1286]],[[69857,50101],[-479,1171],[-118,1691]],[[69260,52963],[785,762]],[[70045,53725],[617,-1307],[740,-1074],[632,-224],[511,-1076],[1325,-429],[407,-916]],[[86080,49158],[-280,-1052],[-710,-462],[353,-871]],[[85443,46773],[-127,18]],[[82896,47583],[-501,257],[-10,707],[470,1031]],[[79235,45880],[-311,441],[-809,33]],[[78115,46354],[1198,973],[-511,977],[636,899],[-218,507],[673,126]],[[74054,54614],[1072,-761],[854,-1857],[473,-242]],[[76453,51754],[-21,-642],[-489,-333],[540,-1634],[-437,-358]],[[76046,48787],[-318,208],[-1451,-296]],[[70045,53725],[77,1019]],[[96413,33842],[-1333,-1367],[-1926,-556],[-976,-813],[-641,628],[-482,-201]],[[91055,31533],[-1613,1689],[-176,633]],[[89266,33855],[757,404],[23,456]],[[90046,34715],[1725,162],[185,-521],[881,917],[938,-172],[1107,800]],[[78115,46354],[-908,1131],[-687,-486],[-502,1174],[28,614]],[[76453,51754],[1475,1340],[-184,335],[641,750]],[[90046,34715],[-158,804]],[[89888,35519],[704,558],[181,1598],[1297,-176],[721,232],[325,-331],[818,858]],[[93494,44330],[-402,-1104],[477,-1003],[1268,-1546],[-565,-1171]],[[93739,39560],[-1105,-364],[-698,275],[-845,-162],[-1521,806],[-631,1078]],[[88939,41193],[-189,625],[486,305]],[[92623,48183],[914,-80],[132,-703],[-420,-551]],[[88025,46980],[374,856],[-69,986],[-444,232],[196,686]],[[74410,37682],[1,-754],[1130,-1355],[697,-1242]],[[76238,34331],[-203,-481],[501,-1080]],[[76536,32770],[-703,-183],[-614,998],[-2250,-451]],[[72969,33134],[-921,268],[-939,630],[-96,591],[-719,485]],[[70294,35108],[-1094,1290]],[[69200,36398],[746,1501],[225,1327]],[[70171,39226],[1532,-339],[430,161],[981,-490]],[[77245,38417],[167,-149]],[[77412,38268],[241,-812],[-610,-296],[473,-1736],[-655,-365],[-9,-1068],[-333,940],[-281,-600]],[[89888,35519],[156,976],[-1033,813],[-144,1420],[-1066,914]],[[85766,40534],[2223,-219],[260,598],[690,280]],[[72429,47854],[554,-481],[-292,-304],[1261,-1388],[-689,-847],[65,-492],[672,-778],[-463,-227],[878,-1826]],[[70171,39226],[-866,2074],[-1818,1083],[-295,632]],[[67192,43015],[640,756],[878,-260],[752,1144],[-343,523],[622,254],[-445,535],[784,419],[413,595],[-498,865],[-228,1186],[-445,544]],[[69322,49576],[535,525]],[[86942,46059],[-1126,280],[-373,434]],[[81704,42536],[-982,-234],[-1305,818],[-329,-997],[-1866,-1179],[-1057,340],[-480,-723]],[[96995,39048],[1250,216],[1053,635],[203,638],[498,21],[-871,-1579],[77,-554],[-453,-693],[-712,-458],[94,-398],[-703,-148]],[[60265,57913],[-783,-476]],[[59482,57437],[-4217,-906],[-596,-54],[-2023,350]],[[51895,59088],[1867,519]],[[53762,59607],[1628,175]],[[55390,59782],[439,-556],[1601,162],[1155,-212],[1680,-1263]],[[69660,62556],[457,-678],[-369,-422],[43,-860],[-325,-728]],[[69466,59868],[-279,-546],[-1200,-285],[-156,695],[-413,-308],[-632,244],[-166,-556]],[[66620,59112],[-2662,617]],[[63958,59729],[-6,880],[965,930],[-98,386],[677,324],[312,-310],[1575,760],[2068,194],[209,-337]],[[70375,59806],[-55,589],[-854,-527]],[[69660,62556],[1376,644],[-199,287]],[[70837,63487],[580,258],[609,-312],[374,570],[968,410]],[[52722,75061],[-1108,-1337],[-229,-676],[-626,-394],[431,-1563]],[[51190,71091],[-902,197],[-1495,1481]],[[48793,72769],[-316,1471],[453,755],[-96,1030],[846,1423],[263,2]],[[49943,77450],[699,-587],[44,-1208],[256,-452],[1780,-142]],[[70624,73542],[-1126,-1153],[-1350,187],[-705,-344],[103,-643],[-610,-401],[224,-375],[-1138,-730],[-258,-813]],[[65764,69270],[-306,-173]],[[65458,69097],[-831,-839],[-2175,-566]],[[62452,67692],[-319,111]],[[62133,67803],[289,741],[764,579],[861,-92],[645,657],[50,768],[-906,290],[-1003,-905],[-253,1188]],[[62580,71029],[448,369]],[[63028,71398],[2199,724],[208,315],[1158,390],[-269,486]],[[66324,73313],[639,308],[-439,436],[357,387],[656,-605],[1467,1160],[152,603],[525,15],[191,826]],[[69872,76443],[428,217]],[[55899,77006],[275,-653],[177,-1526],[-523,-201],[280,-825],[-312,-1505],[-497,-605],[-766,235],[-676,-546],[-334,-1273],[-576,-153]],[[52947,69954],[-552,-530],[-1205,1667]],[[52722,75061],[1373,315],[713,2459]],[[54808,77835],[234,110],[857,-939]],[[53715,78578],[1093,-743]],[[49943,77450],[-267,188],[839,826],[1072,587]],[[51587,79051],[2128,-473]],[[65044,65132],[-648,-5],[-93,532],[-1409,443],[-588,-653]],[[62306,65449],[-470,-155],[167,823],[-347,63],[280,797],[510,69],[6,646]],[[65458,69097],[260,-526],[-198,-670],[-1023,-1489],[62,-641],[485,-639]],[[68575,66674],[300,-822]],[[68875,65852],[-629,-505],[-910,234],[-831,-300],[-362,383]],[[66143,65664],[-504,175],[-595,-707]],[[65764,69270],[1005,-43],[410,-1045],[1070,-377],[-328,-613],[654,-518]],[[63958,59729],[-442,97]],[[63516,59826],[-661,1408]],[[62855,61234],[427,380],[364,1137],[756,345],[926,1252],[600,70],[-404,670],[619,576]],[[68875,65852],[-126,-1502],[1177,-751],[558,415],[353,-527]],[[66354,86958],[-107,-1439],[421,-988]],[[66668,84531],[-1114,-315],[-871,-635],[-1652,-372],[-92,-297]],[[62939,82912],[-1030,974],[127,589],[-520,1967],[536,442],[645,1342]],[[62697,88226],[378,235],[1146,-1199],[1348,34],[490,726],[295,-1064]],[[59232,77403],[-501,-453],[-1290,-116],[-1542,172]],[[53715,78578],[556,164],[665,-348],[119,1584]],[[55055,79978],[607,426],[421,-612],[1199,-132],[851,587],[1002,158]],[[59135,80405],[56,-558],[-479,-543],[444,-797],[902,-929],[-826,-175]],[[68575,66674],[663,142]],[[66905,77762],[-588,-422],[-679,131],[-182,-1230],[-880,15]],[[64576,76256],[-701,163],[-654,-879]],[[63221,75540],[-458,201],[380,1228],[-1048,180],[-1156,-521],[-795,214],[-364,-307],[-548,868]],[[59135,80405],[886,716]],[[60021,81121],[631,444],[1713,281]],[[62365,81846],[33,-296],[-1334,-549],[1235,-455],[436,206],[456,-594],[768,98],[371,-893],[606,-558],[1142,141],[654,-208],[-325,-419],[498,-557]],[[64576,76256],[879,-1168],[869,-1775]],[[63028,71398],[73,638],[-508,-157],[-1231,347],[569,630],[-979,192],[1095,1726],[1068,369],[106,397]],[[66905,77762],[901,57],[775,-395],[1163,59],[128,-1040]],[[62855,61234],[-771,351],[-189,1295]],[[61895,62880],[373,886],[-507,1151],[545,532]],[[61895,62880],[-1041,215]],[[60854,63095],[-392,3593]],[[60462,66688],[263,928],[1408,187]],[[52162,66267],[249,-821],[1139,-138],[-38,-833],[887,-2014],[-519,-1586],[-118,-1268]],[[51084,66031],[678,487],[400,-251]],[[60854,63095],[-375,-1606],[58,-2488]],[[60537,59001],[-272,-1088]],[[55390,59782],[458,191],[675,1017],[547,1875],[3088,380],[696,-150]],[[62365,81846],[665,228],[-91,838]],[[66668,84531],[820,127],[1344,-535],[670,-552]],[[60462,66688],[-461,-7],[95,862],[-1575,157],[-454,661],[-695,-113]],[[57372,68248],[-511,586],[289,1061],[1023,1176],[935,-83],[714,-658],[2758,699]],[[57372,68248],[-731,269],[-148,-543],[-625,-136],[-1323,-1119]],[[54545,66719],[-544,1277],[242,463],[-689,1089],[-607,406]],[[52162,66267],[862,-253],[891,200],[630,505]],[[66366,29807],[517,-2152],[1421,-3869]],[[68304,23786],[-1626,-1008]],[[66678,22778],[-151,444]],[[66527,23222],[-855,2314],[-463,349],[-461,937],[267,880],[-491,1290],[230,340]],[[64754,29332],[1612,475]],[[64754,29332],[-809,1227],[-785,-20]],[[63160,30539],[-458,1376],[298,979]],[[63000,32894],[793,616],[-17,478],[603,111]],[[64379,34099],[785,-888],[-75,1162],[385,188]],[[65474,34561],[252,-978],[297,-2496],[343,-1280]],[[62147,18626],[-344,124]],[[61803,18750],[477,2193],[441,418],[622,-133],[-7,-748],[358,-420],[-880,-747],[-124,-935],[-543,248]],[[60762,39806],[1085,-1231],[59,-339]],[[61906,38236],[297,-768]],[[62203,37468],[-1227,-931],[161,-337],[-684,-856],[-113,-1136],[-526,-572]],[[59814,33636],[-462,367]],[[59352,34003],[-275,1088],[-521,166],[-708,1040],[-1430,246]],[[56418,36543],[-236,997]],[[56182,37540],[1029,-74],[-34,415],[778,504],[638,1059],[-229,858]],[[58364,40302],[1197,161],[1201,-657]],[[59915,28546],[1025,-1093],[-78,-336]],[[60862,27117],[313,-853],[-1698,-998],[295,-909],[-1767,-244],[-128,-1424]],[[57877,22689],[-1494,-308],[-258,-492]],[[56125,21889],[155,938],[-246,834],[-674,933],[142,644],[-909,1013],[156,510],[918,35],[452,816],[-597,1012],[-118,807]],[[55404,29431],[-94,461],[1951,1336]],[[57261,31228],[692,-140],[-4,-516],[735,-126],[247,-902],[984,-998]],[[44463,37429],[-308,-81],[165,-904],[-890,-1161]],[[43430,35283],[-1209,450]],[[42221,35733],[-548,1229],[376,1248],[586,215],[2,859],[484,621],[1199,-95]],[[59915,28546],[714,427],[2104,616]],[[62733,29589],[489,-703],[-1202,-829],[48,-576],[-1206,-364]],[[62203,37468],[615,-756],[156,-771],[686,-454],[719,-1388]],[[63000,32894],[-1059,-92],[-679,-356],[-359,897],[-1089,293]],[[66678,22778],[-505,-1069],[207,-915],[-321,-436],[-89,-1259],[297,-838],[-1411,87],[-1149,-771],[-1319,-139],[-439,691],[198,497]],[[61803,18750],[-842,55],[-762,891],[294,533],[-830,836],[1623,269],[967,-108],[642,1117]],[[62895,22343],[425,249],[3207,630]],[[59352,34003],[-946,-1457],[-951,-469],[291,-364],[-485,-485]],[[55404,29431],[-1311,416]],[[54093,29847],[-565,1270],[-946,818],[529,581],[-927,446],[71,595],[-1000,278],[77,582]],[[51332,34417],[2886,583],[989,707],[1163,492],[48,344]],[[62895,22343],[-62,1026],[-650,591],[-1974,-906],[-223,151],[-2109,-516]],[[62733,29589],[522,37],[-95,913]],[[54093,29847],[-619,108],[-721,-904],[-1317,-394],[-514,-1257]],[[50922,27400],[-218,659],[150,938],[-180,1343],[-2121,-356],[-732,1462],[-257,-231]],[[47564,31215],[-648,1074]],[[46916,32289],[1011,1388],[695,-41],[591,514],[928,231]],[[50141,34381],[352,-297],[839,333]],[[56125,21889],[-642,-435],[-730,525],[-1424,149],[-409,1580],[-963,1666],[-1425,550]],[[50532,25924],[-185,281]],[[50347,26205],[-50,471],[625,724]],[[49697,35586],[444,-1205]],[[46916,32289],[-769,687],[-930,-138],[-618,309],[-463,-374],[-1354,442]],[[42782,33215],[648,2068]],[[57913,40771],[451,-469]],[[56182,37540],[-1106,16],[-362,1123],[-696,200],[-554,936],[124,782]],[[39727,86248],[-9,-4046]],[[39718,82202],[-775,-1710],[-560,-749]],[[38383,79743],[-1346,949],[-634,-1028]],[[36403,79664],[-1327,205],[-565,721]],[[34511,80590],[485,2956],[-200,1473]],[[34796,85019],[1071,253],[12,-348],[957,-303],[1159,-81],[201,693],[1326,500],[73,604]],[[39595,86337],[132,-89]],[[38383,79743],[704,-273],[124,-1125],[560,-142],[597,334],[338,-560],[936,-218],[339,1041],[1346,596]],[[43327,79396],[1292,-1552]],[[44619,77844],[250,-575],[-880,-1275],[-116,-1281]],[[43873,74713],[-218,-880],[-1558,-1354]],[[42097,72479],[-465,1304],[-1406,1107],[-605,1344],[-2154,-62],[-1148,280],[-640,425]],[[35679,76877],[800,1336],[-459,356],[383,1095]],[[55055,79978],[-609,0],[-1054,2024],[548,1307],[-405,1472],[-44,971],[384,562]],[[53875,86314],[895,-770],[1035,-287],[1587,108],[1364,-733],[493,-1703],[-288,-485],[1034,-955],[26,-368]],[[42097,72479],[-402,-689],[-39,-829]],[[41656,70961],[-455,130],[-543,-649],[566,-916]],[[41224,69526],[-803,125],[-392,-836],[-520,398],[-338,968],[-881,513],[-381,555]],[[37909,71249],[165,1272],[-602,4],[-844,818],[-1632,-203],[-1822,593],[-1387,-567]],[[31787,73166],[1136,1434],[1474,344],[1282,1933]],[[48185,70571],[709,-912],[-403,-1159],[110,-608]],[[42514,67097],[-109,507],[-690,230],[-491,1692]],[[41656,70961],[407,97],[751,-1353],[1590,153],[-368,783],[1521,417],[-99,-252],[1156,-504],[564,598],[566,-710],[441,381]],[[48793,72769],[-456,-433],[434,-743],[-930,-412]],[[47841,71181],[-254,770],[-1318,759],[-240,955],[-663,-112],[-443,643],[-1050,517]],[[44619,77844],[592,185],[1025,-1436],[380,94],[508,1317],[673,-168],[1792,54],[-189,363],[505,524]],[[49905,78777],[625,366],[1057,-92]],[[43327,79396],[-83,1168],[-297,484],[-625,1],[-1130,1421],[-1474,-268]],[[39727,86248],[1418,-846],[2075,438],[1592,555]],[[44812,86395],[1168,-668],[272,385],[544,-630],[940,-501],[991,-34],[403,-467],[112,-1400],[-138,-730],[385,-677],[-670,-292],[325,-402],[761,-2202]],[[51728,87589],[800,-571],[744,87],[603,-791]],[[44812,86395],[1851,1717],[1602,98],[1024,-1058],[603,-306],[915,96],[921,647]],[[34511,80590],[-1040,388],[-719,-376]],[[32752,80602],[-358,266],[357,640],[-590,173]],[[32161,81681],[355,1276],[989,533],[-93,927],[252,936]],[[33664,85353],[1132,-334]],[[36892,60147],[-97,1002],[-368,887],[10,1194],[-261,633]],[[36176,63863],[1191,21],[619,464],[-723,712],[873,22],[470,476],[845,-166],[811,396],[747,-307],[701,-973],[932,495]],[[60094,94441],[-432,-775],[432,-1275]],[[60094,92391],[-756,-337],[-495,-734],[-1096,-721],[-442,122],[-392,863],[-289,-193],[-997,804]],[[55627,92195],[1393,156],[379,1517],[1190,790],[609,101],[896,-318]],[[33664,85353],[194,1440]],[[33858,86793],[1793,-407],[2299,261],[1645,-310]],[[47841,71181],[344,-610]],[[37909,71249],[-105,-764],[-1121,-371],[62,-1463],[-946,-147],[290,-507],[-1204,-845],[226,-530]],[[35111,66622],[-799,711],[-815,-690],[-218,-868],[-478,-77],[105,742],[-1183,1035],[-1173,-349],[612,3099],[-121,660],[364,1030]],[[31405,71915],[382,1251]],[[36176,63863],[-170,538],[-768,639],[223,448],[-350,1134]],[[62271,89738],[426,-1512]],[[51728,87589],[598,1219],[112,1501],[363,990],[888,907],[1938,-11]],[[60094,92391],[485,146],[664,-501],[-290,-816],[870,-520],[448,-962]],[[68663,49025],[-994,-1437],[151,-1001],[-437,-373],[-534,266],[-347,-464]],[[66502,46016],[-932,-444],[-128,699],[-1226,244]],[[64216,46515],[158,1046],[363,661],[1332,1062]],[[66069,49284],[1462,301],[1132,-560]],[[64058,37632],[1032,461],[541,-1215]],[[65631,36878],[-246,-1579],[89,-738]],[[61906,38236],[1003,-1318],[1149,714]],[[67751,56784],[22,483],[-804,42]],[[66969,57309],[307,341],[-656,1462]],[[67192,43015],[198,1174],[-564,756],[-324,1071]],[[68663,49025],[659,551]],[[67192,43015],[-1499,-444],[-483,-591],[-421,83],[-914,-581],[-654,29]],[[63221,41511],[-1727,3176],[654,1160],[-242,1296]],[[61906,47143],[1619,-587],[691,-41]],[[72969,33134],[531,-2189]],[[73500,30945],[-1070,-197],[-279,-1050],[-550,-76],[-468,-1003],[181,-754],[-1914,154]],[[69400,28019],[-9,1001]],[[69391,29020],[606,-8],[661,672],[-245,2599],[14,1144],[-623,1352],[490,329]],[[60762,39806],[934,864],[764,404]],[[62460,41074],[1485,-1684],[-291,-250],[404,-1508]],[[66069,49284],[100,1770],[-609,1893]],[[65560,52947],[629,-311],[1725,127],[366,-311],[980,511]],[[63516,59826],[-1040,109],[-901,-1303],[-1038,369]],[[56789,52546],[224,-407],[-134,-1231],[238,-346],[-926,-695],[-904,-1316]],[[54243,52899],[2546,-353]],[[65613,55047],[-53,-2100]],[[61906,47143],[-1533,-73]],[[60373,47070],[727,639],[484,994],[523,1990],[-495,155],[123,744],[-1689,-81],[-614,261],[-418,1209],[-774,789]],[[58240,53770],[-83,572],[898,464]],[[59055,54806],[1571,-370],[-51,-679],[1023,-103],[996,-447],[1597,364],[-112,610],[-1267,1363],[-94,472]],[[62718,56016],[492,51],[2403,-1020]],[[69391,29020],[-433,1237],[-1034,3992],[79,632],[-469,1324]],[[67534,36205],[891,434],[775,-241]],[[66969,57309],[-1049,-981],[-307,-1281]],[[62718,56016],[-408,-85],[-797,1166],[-555,-41],[-407,-560],[-864,-140]],[[59687,56356],[-205,1081]],[[59055,54806],[297,533],[-168,720],[503,297]],[[58240,53770],[-191,-374]],[[58049,53396],[-847,-252],[-413,-598]],[[58964,47651],[-945,-2281],[-950,-64]],[[58049,53396],[904,-1843],[73,-810],[340,34],[281,-1523],[-820,-290],[137,-1313]],[[67534,36205],[-722,1033],[-781,361],[-400,-721]],[[62460,41074],[761,437]],[[58964,47651],[913,-172],[496,-409]],[[86945,3976],[-1594,2228],[-5,521],[-1077,1742],[105,1247]],[[84374,9714],[422,-308],[587,318],[2149,117],[43,-1446],[528,16],[-368,-1895],[117,-698],[-960,-677],[448,-182],[-395,-983]],[[91055,31533],[389,-734]],[[91444,30799],[-1030,-1496],[-1480,-125],[-1506,-456],[-104,-574]],[[87324,28148],[-661,598],[-71,818],[-362,-18],[218,1440],[-825,58],[-149,761],[-854,-468],[-773,1529]],[[83847,32866],[649,653],[118,637]],[[84614,34156],[1214,225],[551,775]],[[86379,35156],[838,-295],[212,-544],[1812,6],[25,-468]],[[90654,16814],[99,-894],[-431,37],[226,-1442],[-448,-68],[-113,-656],[-801,-323],[-65,-676],[-490,873],[-998,-62],[-810,456],[-58,-578],[-1361,261],[-894,-500],[-1353,151]],[[83157,13393],[-381,1738]],[[82776,15131],[1157,-486],[675,345],[468,813],[647,188],[1,897],[1191,147],[-213,1291],[273,184],[17,1414],[1386,-333],[694,453]],[[89072,20044],[459,-868],[189,-1876],[488,61],[446,-547]],[[88878,20615],[194,-571]],[[82776,15131],[-250,781],[-820,237],[201,1134],[-318,458],[-621,2704],[109,681]],[[81077,21126],[1372,695],[128,596],[637,-47],[1147,-550],[412,580],[1197,64]],[[85970,22464],[416,-1446],[793,-149],[347,608],[1152,218],[200,-1080]],[[84614,34156],[-416,580]],[[84198,34736],[342,268],[-787,1157],[295,1221],[-227,431],[723,28]],[[85792,38103],[451,-911],[136,-2036]],[[76536,32770],[346,-658]],[[76882,32112],[874,-1908],[587,-452],[186,-940],[397,-408]],[[78926,28404],[-149,-601]],[[78777,27803],[-458,268],[-961,1205],[-1144,608],[-825,-299],[-262,563],[-1217,-166],[-410,963]],[[79149,38567],[630,-661],[821,-201],[827,-1268],[-605,-459],[369,-1207],[1360,234],[221,-360],[612,410],[814,-319]],[[83847,32866],[-1071,-1271],[-640,-329],[-62,-1067],[-1126,-750]],[[80948,29449],[-1395,-924],[-620,521],[-7,-642]],[[76882,32112],[454,439],[-38,1257],[1403,670],[-79,613],[642,360],[-149,1079],[-596,1884],[-683,181]],[[77836,38595],[-308,372],[383,511],[563,-645],[675,-266]],[[79149,38567],[1005,558],[-151,881],[904,589],[349,-264],[493,608]],[[81939,25052],[-602,-393],[44,-544],[-1501,-729]],[[79880,23386],[-620,351],[-674,1409],[-182,1416],[743,1129],[-370,112]],[[80948,29449],[81,-814],[1121,-1978],[-211,-1605]],[[94508,4050],[-269,-940],[391,-1457],[-421,-1005],[-950,-648],[-1002,50],[-1053,399],[-1884,-77],[-141,750]],[[89179,1122],[307,569],[-429,145],[709,577],[573,1869],[-115,535]],[[90224,4817],[612,154],[748,-672],[757,67],[12,-1150],[2155,834]],[[85992,22679],[-22,-215]],[[81077,21126],[-1197,2260]],[[81939,25052],[464,78],[284,-915],[512,-477],[1010,349],[914,-1301],[869,-107]],[[77412,38268],[424,327]],[[93665,21742],[-80,418],[-944,-63],[-250,484],[-693,-261],[-240,528],[-678,-364],[-199,470],[-595,-105],[-652,-1303],[-394,-195],[-62,-736]],[[85992,22679],[570,669],[-107,987],[353,111],[263,944],[515,552],[-262,2206]],[[91444,30799],[446,-1757],[899,-923],[137,-448],[-231,-1505],[474,-564],[-143,-1524],[993,-1233],[-354,-1103]],[[93665,21742],[-289,-1260],[-1173,-1250],[-307,-847],[203,-1277]],[[92099,17108],[-839,-419],[-606,125]],[[92606,9499],[339,-1423],[799,-196],[403,-489],[409,-1494],[-48,-1847]],[[90224,4817],[-617,-26],[459,1428],[81,1167],[984,419],[475,-158],[337,1506],[663,346]],[[89179,1122],[-1722,611],[-97,1289],[-414,219],[-1,735]],[[84374,9714],[-126,837],[-1042,1741],[-49,1101]],[[92099,17108],[583,-1101],[-86,-1265],[731,-2949],[-694,-1461],[-27,-833]],[[31031,77689],[-219,-352]],[[30812,77337],[-744,-1037],[-1142,-305],[-1015,-1456],[-1373,-568],[-773,-626]],[[25765,73345],[-690,832],[-171,1039],[-566,932]],[[24338,76148],[219,-225],[138,1745],[225,705],[908,391],[816,-468],[1232,349],[1199,1040]],[[29075,79685],[513,177],[22,-527],[1154,-1010],[267,-636]],[[6683,83392],[44,-614],[-628,-445],[165,-1320],[-1372,-643],[104,-211]],[[4996,80159],[-1849,431],[-501,927],[-795,254],[-445,616],[-1177,88],[-229,633],[810,541],[3167,333],[1284,296]],[[5261,84278],[1422,-886]],[[14097,82223],[2010,-261]],[[16107,81962],[-148,-3946],[-447,-143],[-681,-1077],[-1199,-839],[-986,-1576],[-698,-45],[-533,506]],[[11415,74842],[-752,869]],[[10663,75711],[-396,294]],[[10267,76005],[1075,2181],[-494,1867],[-698,133],[-780,540],[556,1374]],[[9926,82100],[688,-310],[690,843],[818,601],[1368,-459],[607,-552]],[[24857,92353],[-741,-1082],[-429,-1259],[-954,142],[-614,-784]],[[22119,89370],[-685,-2433],[-480,-881],[-1373,-472],[-811,-877],[255,-1993],[-307,-454]],[[18718,82260],[-977,-588],[-833,375],[-801,-85]],[[14097,82223],[287,1282],[-277,1059],[344,699],[528,-123],[254,720],[646,47],[-121,1052],[643,970],[-442,846],[311,164],[-359,1517],[879,317],[-84,1290]],[[16706,92063],[1305,-57],[1973,1103],[2992,260],[1174,-364],[707,-652]],[[30594,84166],[-909,-960]],[[29685,83206],[-1212,113],[-78,-545],[-992,-184]],[[27403,82590],[-907,-450],[16,1344],[-777,280],[-892,-196]],[[24843,83568],[-385,901],[723,906],[-487,354]],[[24694,85729],[975,612],[611,89]],[[26280,86430],[237,-654],[1119,-1012],[1688,-72],[1270,-526]],[[29685,83206],[1577,-587],[899,-938]],[[32752,80602],[-1010,-1166],[-711,-1747]],[[29075,79685],[-1190,1407],[-482,1498]],[[11415,74842],[36,-768],[-548,116],[-579,-617],[-423,75],[770,1455],[-8,608]],[[10267,76005],[-300,1843],[308,1004],[-3200,1130],[-1147,271],[-932,-94]],[[6683,83392],[198,-627],[916,-60],[858,-413],[959,241],[312,-433]],[[5261,84278],[647,671],[2075,842],[1332,170],[1811,959],[416,957],[1179,1004],[566,775],[373,2015],[427,1168],[765,320],[1322,-344],[532,-752]],[[31787,73166],[508,1623],[-864,1369],[-73,952],[-546,227]],[[30594,84166],[815,-57],[596,1017],[169,1030],[573,723],[1111,-86]],[[24694,85729],[-145,1329],[-726,903],[-478,171],[-1226,1238]],[[24857,92353],[758,-763],[1062,-2262],[-65,-773],[-452,-866],[120,-1259]],[[31405,71915],[-1779,-805],[-894,378],[-1166,-114],[-829,439],[-861,26],[-111,1506]],[[24843,83568],[-1076,-2137],[-1216,-938],[-243,-923],[-322,89]],[[21986,79659],[-591,-84],[-383,-617],[-731,23],[-198,1560],[-704,1295],[-661,424]],[[24338,76148],[-1374,581],[-782,1125],[-326,-157],[130,1962]],[[27588,40913],[-67,-712],[1243,-542],[-100,-335],[-1225,-141],[-57,-824],[-734,-479],[-116,-1204],[621,-546],[-729,-890]],[[26424,35240],[-2345,1711]],[[24079,36951],[861,865],[-368,566],[130,930],[741,1558],[1089,1359],[-2,-417],[1058,-899]],[[45417,26867],[627,-1697]],[[46044,25170],[-1325,-809],[-33,375],[-762,49],[108,616],[-592,197],[-1373,-118],[-406,578]],[[41661,26058],[681,293],[-435,279],[569,538]],[[42476,27168],[398,327],[1186,-233],[308,-477],[1049,82]],[[41292,31801],[-59,-702],[-671,-446],[384,-795],[-92,-1412],[469,-1101]],[[41323,27345],[-355,263],[-1706,-24]],[[39262,27584],[-123,814],[-833,1002]],[[38306,29400],[273,716],[-570,170],[-994,-505],[-1245,713],[953,1291]],[[36723,31785],[1436,1034],[1169,-59],[1130,-347],[834,-612]],[[31980,28404],[-172,-411],[308,-1474],[954,-1966],[356,-406],[-1253,-1164],[-825,-1120],[-784,-521],[-918,-1012],[-1512,382],[-1708,1289],[-2009,-280]],[[24417,21721],[16,720]],[[24433,22441],[-452,2589],[844,618],[1903,770],[573,497]],[[27301,26915],[239,-381],[969,-16],[1938,1487],[139,398]],[[30586,28403],[1056,285],[338,-284]],[[50347,26205],[-414,642],[-927,-69],[-1534,1079],[-384,-192],[-503,968],[-443,129]],[[46142,28762],[-154,857],[561,345],[-367,1004],[637,-389],[745,636]],[[42221,35733],[-883,81],[-1411,1003]],[[39927,36817],[-299,1094],[422,435],[-770,417],[72,496],[-835,555],[242,969]],[[38759,40783],[854,961],[-453,1232],[1066,922]],[[50532,25924],[-1348,-593],[-755,-1030],[-901,-95],[-454,421],[-861,-228]],[[46213,24399],[-169,771]],[[45417,26867],[-156,726],[611,287],[270,882]],[[21957,29517],[-710,-1410],[101,-447],[1040,-501],[273,-746],[-1403,-602],[-549,-702],[2175,-2244],[385,-30],[172,-741],[992,347]],[[24417,21721],[-3645,-1091],[-1897,-1005],[-2013,401],[-646,742],[-1042,1675],[220,914],[-324,357],[469,470],[-560,2301],[1119,538],[1338,1751],[204,1151],[842,1634]],[[18482,31559],[1110,-525],[722,-683],[554,186],[1089,-1020]],[[33724,37874],[420,-959],[-492,-188],[782,-1066],[1001,-448]],[[35435,35213],[-954,-567],[-80,-673],[-828,-66],[156,-511],[-898,-160],[-510,346],[-1712,-1480],[-1596,1132]],[[29013,33234],[-1426,1661],[-1163,345]],[[27588,40913],[145,-290],[2651,-333],[1207,57],[140,-647],[-225,-925],[146,-1521],[2072,620]],[[46213,24399],[88,-666],[805,-1189],[-1619,-576],[-55,192],[-2746,-519],[-141,-334],[-1894,744],[244,2553],[-413,1131]],[[40482,25735],[1179,323]],[[29013,33234],[-899,-536],[-1004,198],[-1143,-178]],[[25967,32718],[-1620,-1775],[-591,-441],[-1465,-525],[-334,-460]],[[18482,31559],[1604,3579],[1535,878],[1290,-201],[533,284],[635,852]],[[39927,36817],[-462,-300],[-629,446],[-712,-616],[-653,-38],[-572,-949],[-581,-94]],[[36318,35266],[-883,-53]],[[33724,37874],[1703,386],[-138,775],[1233,792],[131,-357],[848,856],[1258,457]],[[42476,27168],[-1153,177]],[[41292,31801],[605,-181],[885,1595]],[[27301,26915],[332,690],[-781,785],[95,386],[-754,115],[-250,453],[633,2233],[-609,1141]],[[29013,33234],[257,-504],[738,-3027],[578,-1300]],[[36723,31785],[498,1089],[-685,1112],[-218,1280]],[[40482,25735],[-569,620],[-651,1229]],[[38306,29400],[-321,380],[-1140,-1142],[-1803,-334],[-329,349],[-2017,154],[-716,-403]],[[82580,86749],[216,-1683],[-661,-332]],[[82135,84734],[-67,-223]],[[82068,84511],[-658,423],[-571,-105],[-1150,394],[-548,-163],[137,591]],[[79278,85651],[-342,1088],[513,162],[499,1222]],[[79948,88123],[350,-389],[1195,243],[422,-738],[665,-490]],[[83832,87032],[1519,-894]],[[85351,86138],[-72,-506],[1034,-514],[86,-602]],[[86399,84516],[-750,-589],[-1135,282],[-897,-148],[-1482,673]],[[82580,86749],[312,676],[940,-393]],[[72473,90385],[407,-1002],[-465,-1688],[-397,-256],[-2353,-533],[-637,-1017],[102,-634],[618,-953]],[[66354,86958],[1161,500],[995,55],[229,509],[-246,933],[719,1142],[-160,992],[2091,772]],[[71143,91861],[1330,-1476]],[[75472,90947],[534,-428]],[[76006,90519],[-349,-1125],[-749,-1000],[-79,-1252],[-597,-942],[-178,-1304]],[[72473,90385],[588,721],[653,-264],[720,273],[1038,-168]],[[82068,84511],[-1027,-1033],[95,-1012],[-996,-1320],[-398,-915],[-401,233],[-745,-1076],[-227,-792],[133,-969],[-896,-371]],[[74236,84257],[1547,623],[1089,816],[207,-229],[929,717],[1270,-533]],[[94769,89600],[-296,-874],[583,-436]],[[95056,88290],[-85,-1223],[-443,-921],[412,-1726],[-834,105],[-943,-1647],[-445,372],[455,-1117],[-233,-274]],[[92940,81859],[-996,2141],[543,894],[-75,780],[-964,807]],[[91448,86481],[49,349]],[[91497,86830],[451,538],[-345,410],[233,1072],[598,534],[-928,1099]],[[91506,90483],[667,456],[568,-122],[2028,-1217]],[[68463,98861],[-991,-491],[169,-902],[-298,-1710],[-594,-158],[-664,-635],[-176,-644],[-629,-62]],[[65280,94259],[-432,1738],[-1303,268],[-45,382]],[[63500,96647],[981,1876],[842,1075],[787,362],[1727,-350],[626,-749]],[[94769,89600],[1368,-662],[-1081,-648]],[[74232,95062],[648,381],[-125,-1001],[213,-1044],[493,-569]],[[75461,92829],[469,-586],[-450,-550],[-8,-746]],[[71143,91861],[-2208,2565],[-449,712]],[[68486,95138],[850,-58],[230,1157],[862,-413],[640,-1134],[911,117],[342,662],[808,-187],[746,-548],[357,328]],[[73845,98437],[-1167,-620],[-21,-478],[1215,-283],[360,-1994]],[[68486,95138],[354,1931]],[[68840,97069],[715,-302],[1197,1519],[1102,1],[1039,427],[952,-277]],[[65280,94259],[-225,-1088],[-637,-792],[62,-468],[-776,-241],[-970,-947],[-50,-973],[-413,-12]],[[60094,94441],[854,33],[1270,1631],[1282,542]],[[86399,84516],[97,-104]],[[86496,84412],[-366,-1488],[-1073,-1150],[723,-1060],[-1337,-1154],[94,-1110],[892,-589],[-348,-376]],[[68463,98861],[377,-1792]],[[87461,89340],[-413,-1165]],[[87048,88175],[-126,-529],[-913,-876],[277,-649],[-935,17]],[[83832,87032],[-106,777],[339,666],[33,1053]],[[84098,89528],[1351,60],[2012,-248]],[[79948,88123],[-130,1332]],[[79818,89455],[1522,1478],[-50,362]],[[81290,91295],[913,-1172],[575,-357],[1320,-238]],[[77607,97748],[-364,-314],[216,-642],[476,-106],[-81,-833],[-710,-172],[118,-506],[-614,-590],[-836,70],[-351,-1826]],[[73845,98437],[590,-844],[1955,461],[1217,-306]],[[91497,86830],[-611,-159],[-1292,362],[-2341,940],[-205,202]],[[87461,89340],[2132,-432],[464,-322],[635,219],[236,866],[578,812]],[[87586,83770],[-20,-1942],[742,428],[1275,-263],[-15,-521],[914,22],[294,-560]],[[90776,80934],[-711,-804],[-137,-1861],[-896,-1022],[-1706,-157]],[[86496,84412],[948,102],[142,-744]],[[92940,81859],[-956,-250],[7,-903],[-513,-540],[-702,768]],[[87586,83770],[245,-57],[699,1333],[1715,140],[58,673],[1145,622]],[[76006,90519],[1648,-63],[637,346],[844,-154],[-37,-660],[720,-533]],[[77607,97748],[1164,-990],[-321,-1760],[25,-836],[375,-839],[692,-663],[717,-252],[1031,-1113]],[[69400,28019],[-1096,-4233]],[[69400,28019],[471,-1009],[220,-1268],[-471,-739],[-298,-1337],[317,-357],[-273,-831],[-384,-35],[-678,1343]]],"transform":{"scale":[0.0000074138836526240395,0.000004834157631228161],"translate":[7.713672944800285,47.13760298245416]}}