{"type":"Topology","objects":{"municipalities":{"type":"GeometryCollection","geometries":[{"type":"Polygon","id":2761,"properties":{"id":2761,"name":"Aesch (BL)"},"arcs":[[0,1,2,3,4,5]]},{"type":"Polygon","id":2762,"properties":{"id":2762,"name":"Allschwil"},"arcs":[[6,7,8,9,10]]},{"type":"Polygon","id":2763,"properties":{"id":2763,"name":"Arlesheim"},"arcs":[[11,12,13,14]]},{"type":"Polygon","id":2764,"properties":{"id":2764,"name":"Biel-Benken"},"arcs":[[15,16,17]]},{"type":"Polygon","id":2765,"properties":{"id":2765,"name":"Binningen"},"arcs":[[18,19,-7,20]]},{"type":"Polygon","id":2766,"properties":{"id":2766,"name":"Birsfelden"},"arcs":[[21,22]]},{"type":"Polygon","id":2767,"properties":{"id":2767,"name":"Bottmingen"},"arcs":[[23,24,-19,25]]},{"type":"Polygon","id":2768,"properties":{"id":2768,"name":"Ettingen"},"arcs":[[-3,26,27,28,29]]},{"type":"Polygon","id":2769,"properties":{"id":2769,"name":"Münchenstein"},"arcs":[[30,-15,31,32]]},{"type":"Polygon","id":2770,"properties":{"id":2770,"name":"Muttenz"},"arcs":[[33,34,-12,-31,35,-22,36]]},{"type":"Polygon","id":2771,"properties":{"id":2771,"name":"Oberwil (BL)"},"arcs":[[-25,37,38,-16,39,-8,-20]]},{"type":"Polygon","id":2772,"properties":{"id":2772,"name":"Pfeffingen"},"arcs":[[40,41,42,-27,-2]]},{"type":"Polygon","id":2773,"properties":{"id":2773,"name":"Reinach (BL)"},"arcs":[[-32,-14,43,-5,44,-38,-24,45]]},{"type":"Polygon","id":2774,"properties":{"id":2774,"name":"Schönenbuch"},"arcs":[[46,-10]]},{"type":"Polygon","id":2775,"properties":{"id":2775,"name":"Therwil"},"arcs":[[-4,-30,47,-17,-39,-45]]},{"type":"Polygon","id":2781,"properties":{"id":2781,"name":"Blauen"},"arcs":[[48,49,50,51,-28]]},{"type":"Polygon","id":2782,"properties":{"id":2782,"name":"Brislach"},"arcs":[[52,53,54,55,56]]},{"type":"Polygon","id":2783,"properties":{"id":2783,"name":"Burg im Leimental"},"arcs":[[57,58]]},{"type":"Polygon","id":2784,"properties":{"id":2784,"name":"Dittingen"},"arcs":[[59,60,61,62,-51]]},{"type":"Polygon","id":2785,"properties":{"id":2785,"name":"Duggingen"},"arcs":[[63,-41,-1,64]]},{"type":"Polygon","id":2786,"properties":{"id":2786,"name":"Grellingen"},"arcs":[[-64,65,66,-42]]},{"type":"Polygon","id":2787,"properties":{"id":2787,"name":"Laufen"},"arcs":[[67,-55,68,69,70,71,-61]]},{"type":"Polygon","id":2788,"properties":{"id":2788,"name":"Liesberg"},"arcs":[[-71,72,73,74]]},{"type":"Polygon","id":2789,"properties":{"id":2789,"name":"Nenzlingen"},"arcs":[[-67,-57,75,-49,-43]]},{"type":"Polygon","id":2790,"properties":{"id":2790,"name":"Roggenburg"},"arcs":[[76]]},{"type":"Polygon","id":2791,"properties":{"id":2791,"name":"Röschenz"},"arcs":[[-72,-75,77,-58,78,-62]]},{"type":"Polygon","id":2792,"properties":{"id":2792,"name":"Wahlen"},"arcs":[[79,-69,-54]]},{"type":"Polygon","id":2793,"properties":{"id":2793,"name":"Zwingen"},"arcs":[[-56,-68,-60,-50,-76]]},{"type":"Polygon","id":2821,"properties":{"id":2821,"name":"Arisdorf"},"arcs":[[80,81,82,83,84]]},{"type":"Polygon","id":2822,"properties":{"id":2822,"name":"Augst"},"arcs":[[85,86,87,88]]},{"type":"Polygon","id":2823,"properties":{"id":2823,"name":"Bubendorf"},"arcs":[[89,90,91,92,93,94,95,96,97]]},{"type":"Polygon","id":2824,"properties":{"id":2824,"name":"Frenkendorf"},"arcs":[[98,99,100,101]]},{"type":"Polygon","id":2825,"properties":{"id":2825,"name":"Füllinsdorf"},"arcs":[[-83,102,-102,103,-87,104]]},{"type":"Polygon","id":2826,"properties":{"id":2826,"name":"Giebenach"},"arcs":[[-84,-105,-86,105]]},{"type":"Polygon","id":2827,"properties":{"id":2827,"name":"Hersberg"},"arcs":[[106,107,108,109,110,-81]]},{"type":"Polygon","id":2828,"properties":{"id":2828,"name":"Lausen"},"arcs":[[-110,111,112,113,-90,114]]},{"type":"Polygon","id":2829,"properties":{"id":2829,"name":"Liestal"},"arcs":[[-111,-115,-98,115,116,-99,-103,-82]]},{"type":"Polygon","id":2830,"properties":{"id":2830,"name":"Lupsingen"},"arcs":[[-96,117,118,119]]},{"type":"Polygon","id":2831,"properties":{"id":2831,"name":"Pratteln"},"arcs":[[-104,-101,-34,120,-88]]},{"type":"Polygon","id":2832,"properties":{"id":2832,"name":"Ramlinsburg"},"arcs":[[121,122,123,-91,-114]]},{"type":"Polygon","id":2833,"properties":{"id":2833,"name":"Seltisberg"},"arcs":[[-97,-120,124,-116]]},{"type":"Polygon","id":2834,"properties":{"id":2834,"name":"Ziefen"},"arcs":[[125,126,127,-118,-95]]},{"type":"Polygon","id":2841,"properties":{"id":2841,"name":"Anwil"},"arcs":[[128,129,130]]},{"type":"Polygon","id":2842,"properties":{"id":2842,"name":"Böckten"},"arcs":[[131,132,133,134]]},{"type":"Polygon","id":2843,"properties":{"id":2843,"name":"Buckten"},"arcs":[[135,136,137,138,139]]},{"type":"Polygon","id":2844,"properties":{"id":2844,"name":"Buus"},"arcs":[[140,141,142,143,144,145]]},{"type":"Polygon","id":2845,"properties":{"id":2845,"name":"Diepflingen"},"arcs":[[146,147,148]]},{"type":"Polygon","id":2846,"properties":{"id":2846,"name":"Gelterkinden"},"arcs":[[149,150,151,152,-149,153,-132,154,155]]},{"type":"Polygon","id":2847,"properties":{"id":2847,"name":"Häfelfingen"},"arcs":[[156,157,158,-136,159,160]]},{"type":"Polygon","id":2848,"properties":{"id":2848,"name":"Hemmiken"},"arcs":[[161,162,-141,163]]},{"type":"Polygon","id":2849,"properties":{"id":2849,"name":"Itingen"},"arcs":[[164,-122,-113,165]]},{"type":"Polygon","id":2850,"properties":{"id":2850,"name":"Känerkinden"},"arcs":[[-138,166,167,168]]},{"type":"Polygon","id":2851,"properties":{"id":2851,"name":"Kilchberg (BL)"},"arcs":[[169,170,171,172]]},{"type":"Polygon","id":2852,"properties":{"id":2852,"name":"Läufelfingen"},"arcs":[[173,174,175,-167,-137,-159]]},{"type":"Polygon","id":2853,"properties":{"id":2853,"name":"Maisprach"},"arcs":[[-145,176,177]]},{"type":"Polygon","id":2854,"properties":{"id":2854,"name":"Nusshof"},"arcs":[[178,179,-108,180]]},{"type":"Polygon","id":2855,"properties":{"id":2855,"name":"Oltingen"},"arcs":[[181,182,183,-129]]},{"type":"Polygon","id":2856,"properties":{"id":2856,"name":"Ormalingen"},"arcs":[[184,185,186,-156,187,-142,-163]]},{"type":"Polygon","id":2857,"properties":{"id":2857,"name":"Rickenbach (BL)"},"arcs":[[-188,-155,-135,188,189,-143]]},{"type":"Polygon","id":2858,"properties":{"id":2858,"name":"Rothenfluh"},"arcs":[[-130,190,-185,-162,191]]},{"type":"Polygon","id":2859,"properties":{"id":2859,"name":"Rümlingen"},"arcs":[[192,-160,-140,193,-152]]},{"type":"Polygon","id":2860,"properties":{"id":2860,"name":"Rünenberg"},"arcs":[[-172,194,-161,-193,-151,195]]},{"type":"Polygon","id":2861,"properties":{"id":2861,"name":"Sissach"},"arcs":[[-189,-134,196,197,-166,-112,-109,-180,198]]},{"type":"Polygon","id":2862,"properties":{"id":2862,"name":"Tecknau"},"arcs":[[199,-173,-196,-150,-187]]},{"type":"Polygon","id":2863,"properties":{"id":2863,"name":"Tenniken"},"arcs":[[200,201,202,203,204]]},{"type":"Polygon","id":2864,"properties":{"id":2864,"name":"Thürnen"},"arcs":[[-154,-148,-201,205,-197,-133]]},{"type":"Polygon","id":2865,"properties":{"id":2865,"name":"Wenslingen"},"arcs":[[-184,206,-170,-200,-186,-191]]},{"type":"Polygon","id":2866,"properties":{"id":2866,"name":"Wintersingen"},"arcs":[[-144,-190,-199,-179,207,-177]]},{"type":"Polygon","id":2867,"properties":{"id":2867,"name":"Wittinsburg"},"arcs":[[-194,-139,-169,208,-202,-147,-153]]},{"type":"Polygon","id":2868,"properties":{"id":2868,"name":"Zeglingen"},"arcs":[[-183,209,-157,-195,-171,-207]]},{"type":"Polygon","id":2869,"properties":{"id":2869,"name":"Zunzgen"},"arcs":[[-206,-205,210,-123,-165,-198]]},{"type":"Polygon","id":2881,"properties":{"id":2881,"name":"Arboldswil"},"arcs":[[211,212,213,-126,-94]]},{"type":"Polygon","id":2882,"properties":{"id":2882,"name":"Bennwil"},"arcs":[[214,215,216,217,218,219]]},{"type":"Polygon","id":2883,"properties":{"id":2883,"name":"Bretzwil"},"arcs":[[220,221,222]]},{"type":"Polygon","id":2884,"properties":{"id":2884,"name":"Diegten"},"arcs":[[-209,-168,-176,223,-220,224,-203]]},{"type":"Polygon","id":2885,"properties":{"id":2885,"name":"Eptingen"},"arcs":[[-175,225,226,-215,-224]]},{"type":"Polygon","id":2886,"properties":{"id":2886,"name":"Hölstein"},"arcs":[[-211,-204,-225,-219,227,228,-124]]},{"type":"Polygon","id":2887,"properties":{"id":2887,"name":"Lampenberg"},"arcs":[[229,-92,-229]]},{"type":"Polygon","id":2888,"properties":{"id":2888,"name":"Langenbruck"},"arcs":[[230,231,232,-216,-227]]},{"type":"Polygon","id":2889,"properties":{"id":2889,"name":"Lauwil"},"arcs":[[233,-222,234]]},{"type":"Polygon","id":2890,"properties":{"id":2890,"name":"Liedertswil"},"arcs":[[235,236,237,238]]},{"type":"Polygon","id":2891,"properties":{"id":2891,"name":"Niederdorf"},"arcs":[[-230,-228,-218,239,240,-212,-93]]},{"type":"Polygon","id":2892,"properties":{"id":2892,"name":"Oberdorf (BL)"},"arcs":[[-217,-233,241,-239,242,-240]]},{"type":"Polygon","id":2893,"properties":{"id":2893,"name":"Reigoldswil"},"arcs":[[-214,243,-237,244,245,-235,-221,246,-127]]},{"type":"Polygon","id":2894,"properties":{"id":2894,"name":"Titterten"},"arcs":[[-241,-243,-238,-244,-213]]},{"type":"Polygon","id":2895,"properties":{"id":2895,"name":"Waldenburg"},"arcs":[[-232,247,-245,-236,-242]]}]}},"arcs":[[[44003,58983],[-517,-4053]],[[43486,54930],[-651,-691],[-1082,844],[-1552,485],[-676,921],[-1312,-67],[-1364,721]],[[36849,57143],[161,3884],[184,-72],[603,4212]],[[37797,65167],[267,-128]],[[38064,65039],[1461,-1897],[1606,1142],[1137,-127],[-5,598],[1405,399],[570,1098]],[[44238,66252],[243,-2305],[-361,-973],[18,-2138],[379,-125],[-514,-1728]],[[36146,91058],[-543,-1274],[-608,-3246]],[[34995,86538],[-136,-1128],[-1190,-1541],[-517,627],[-730,-719]],[[32422,83777],[-575,2021],[-530,-158],[-821,1138],[-474,-850]],[[30022,85928],[-1123,2544],[-51,1960],[-660,61]],[[28188,90493],[2311,1390],[1944,3643],[783,441],[1688,2725],[1228,1307],[1447,-3263],[-481,-2136],[-413,218],[-549,-3760]],[[50608,71225],[533,-2034]],[[51141,69191],[-246,-842],[993,-1110],[-630,-781],[593,-688],[-1077,-1032],[-560,284],[-592,-1086],[-1841,781],[-1979,1949],[-1615,272]],[[44187,66938],[-52,4616],[186,1913]],[[44321,73467],[726,2401],[2807,-1731],[380,-853],[1046,-152],[1328,-1907]],[[31232,78279],[702,220],[1157,-775],[123,-3952]],[[33214,73772],[-559,-719],[-179,-2621]],[[32476,70432],[-1970,-226],[-1067,822],[-517,4764],[-1575,2818],[-212,2309],[896,-2912],[2079,1070],[323,-872],[799,74]],[[40626,85175],[-102,-1512],[-556,734],[-2492,107],[-635,-747]],[[36841,83757],[-1846,2781]],[[36146,91058],[1469,459],[2355,-713],[1111,-705],[-119,-2011],[-513,-2200],[177,-713]],[[50300,94737],[-1366,-1031],[-746,98],[-699,-4424],[-931,824]],[[46558,90204],[100,3227],[-593,1702],[-89,2289],[1824,1293],[1319,-816],[1181,-3162]],[[41500,80684],[-458,-227],[-278,-3678],[-497,-402]],[[40267,76377],[-896,756],[-249,1248],[-796,683],[-1249,2911],[-236,1782]],[[40626,85175],[747,-1270],[127,-3221]],[[36849,57143],[166,-1126],[-970,-1692]],[[36045,54325],[-10,907],[-787,351],[-1115,-738],[-1838,-356]],[[32295,54489],[-503,5577],[268,1801],[619,137],[560,2965]],[[33239,64969],[1594,2020],[1597,-1628],[1367,-194]],[[46358,88859],[-63,-3995],[321,-3471],[1266,-1419],[202,-1838],[775,-705],[1548,-3465],[201,-2741]],[[44321,73467],[-449,604],[297,1654],[-256,1530],[-1386,1161],[-605,-235],[408,2075]],[[42330,80256],[1779,4914],[501,1768],[1306,2240],[442,-319]],[[55011,86344],[-483,-2270],[-232,-2909],[32,-3826],[500,-2672],[-463,-353],[-809,-4134]],[[53556,70180],[-1033,-640],[-954,314],[-428,-663]],[[46358,88859],[200,1345]],[[50300,94737],[522,-1781],[2006,-1638],[356,-1970],[754,-2115],[1073,-889]],[[40267,76377],[245,-1343]],[[40512,75034],[-2832,-1024],[-2204,204],[-1383,-808],[-879,366]],[[31232,78279],[-18,1513],[553,1147],[655,2838]],[[43486,54930],[453,-1138],[-800,-1680],[-423,-3537],[201,-1119]],[[42917,47456],[-481,-66],[-190,1518],[-979,-413],[-613,981],[-977,-2215]],[[39677,47261],[34,2428],[-1686,2068],[-1524,932],[-456,1636]],[[44187,66938],[51,-686]],[[38064,65039],[972,2927],[282,1667],[1329,811],[1075,1829],[280,2423],[-1490,338]],[[41500,80684],[830,-428]],[[30022,85928],[-1002,-1796],[-1160,-18],[-659,3581],[159,1413],[828,1385]],[[33239,64969],[-50,2665],[-590,-46],[-123,2844]],[[36045,54325],[-1094,-436],[-343,-3702],[120,-1572]],[[34728,48615],[-1511,-1680],[-3193,-1320],[-1686,1773]],[[28338,47388],[-1949,5448],[-1350,-97]],[[25039,52739],[1646,1039],[2166,-442],[861,941],[2583,212]],[[38252,43603],[104,-2483],[-170,-3643],[492,-1364],[631,-105],[785,-1998],[-2234,-551],[-1798,405],[-1744,-106],[-2702,-960]],[[31616,32798],[-628,924]],[[30988,33722],[-1462,2620],[1579,1640]],[[31105,37982],[1698,3014],[1338,1126],[1104,2036],[-541,1467],[377,1159]],[[35081,46784],[1343,-233],[876,-1019],[952,-1929]],[[20336,49353],[-1075,-52],[-1553,-1393]],[[17708,47908],[-1981,-1285],[-693,1179],[403,2121],[808,1184],[250,2538],[611,-31],[1737,1105],[339,-2091],[1154,-3275]],[[28338,47388],[100,-1346],[1212,-2822],[-429,-4300]],[[29221,38920],[-1026,719],[-2071,94],[-1024,722]],[[25100,40455],[-707,725],[392,5025],[-907,3419],[-1634,60],[-640,527]],[[21604,50211],[915,1025],[1891,771],[629,732]],[[44479,41977],[-2239,943],[584,1055],[252,1801],[-159,1680]],[[44003,58983],[2256,-1815],[1029,-1941],[-615,-445],[66,-2103],[-483,-3293],[-513,-1989],[-75,-5453],[-1189,33]],[[44479,41977],[-950,-666],[-1585,624],[-1137,-1782],[-907,772],[-112,2024],[-431,761],[-1105,-107]],[[38252,43603],[154,1411],[1271,2247]],[[29221,38920],[1884,-938]],[[30988,33722],[-2125,-3648],[-1161,-1154],[-792,-2347],[41,-979],[-1118,-2216],[447,-2317]],[[26280,21061],[-1865,1606],[-366,939],[-164,4463],[-876,-344],[-1123,991],[-693,-958]],[[21193,27758],[-347,2772],[73,2147],[-327,843]],[[20592,33520],[1326,-238],[1722,2208],[1468,-2298],[-332,3343],[327,823],[-3,3097]],[[21193,27758],[-826,1319],[-578,0],[-129,-1287],[-1424,64],[389,-5125],[-749,-1386],[-309,-2617],[-545,-317],[-3409,597],[717,1849],[-412,2059],[149,1969],[-2445,1194],[-487,2926],[-1130,-160],[-742,4129],[-1310,771]],[[7953,33743],[1942,-21],[4131,-1331],[951,60],[1085,1469],[1689,-736],[1447,752]],[[19198,33936],[1394,-416]],[[35081,46784],[240,819],[-593,1012]],[[7953,33743],[-2897,406],[155,1355],[-612,529],[-2092,3314],[-136,1196],[-1249,314],[-990,821],[89,3409],[529,699],[1395,-230],[990,-2124],[1660,-1015],[2159,143],[1816,-975],[294,-962],[-489,-912],[-103,-2804],[-519,-3164]],[[19198,33936],[462,1367],[240,2245],[468,1306],[17,1604],[-429,753],[-568,2930],[-1333,2539],[-347,1228]],[[20336,49353],[1268,858]],[[31616,32798],[18,-1375],[741,-2330],[-1961,-6684],[-1248,548],[-1436,-2215],[-1450,319]],[[73173,72189],[-1006,-633],[-2025,-4153]],[[70142,67403],[-1517,408],[-511,1738],[-398,-28],[-259,2845],[-653,745]],[[66804,73111],[-953,542],[-16,2614],[-518,1405],[847,1198],[-30,851]],[[66134,79721],[104,1988],[495,739]],[[66733,82448],[1210,380],[1335,-576],[3728,-2407],[-360,-2135],[168,-3285],[643,-1264],[-284,-972]],[[64295,84831],[-968,-923]],[[63327,83908],[-1004,-1376],[-271,-1297]],[[62052,81235],[-244,2465],[-596,1184],[-94,2119],[-1037,-313],[-2018,-1326],[-1387,-114],[53,629]],[[56729,85879],[1435,58],[2876,2968],[267,-1348],[1370,-188],[519,-1310],[1099,-1228]],[[66876,55303],[509,-539],[208,-1831],[696,-849]],[[68289,52084],[-237,-2018],[-461,-1057],[649,-1384],[-306,-1882]],[[67934,45743],[-1547,-2218],[411,-439],[-605,-2759],[-1103,-2732]],[[65090,37595],[-16,2205],[-672,203],[-1005,-2654],[37,-614]],[[63434,36735],[-868,1273],[-123,1189]],[[62443,39197],[164,3809],[-713,3113],[-1464,2259]],[[60430,48378],[959,1657]],[[61389,50035],[1744,3556],[27,875],[885,2200],[588,249]],[[64633,56915],[2243,-1612]],[[62360,70945],[-1734,-1025],[-2354,993],[-691,630],[-972,-1678],[-882,132],[-863,-1697],[647,-760],[-1350,-2373]],[[54161,65167],[-703,2677],[98,2336]],[[53556,70180],[1175,2449],[2090,-555],[1691,1562],[622,1204],[2068,2176],[568,2883]],[[61770,79899],[159,-1090],[431,-7864]],[[66804,73111],[-726,-2366],[-1355,65],[-647,1264],[-897,-61],[-819,-1068]],[[61770,79899],[282,1336]],[[63327,83908],[557,-3279],[635,-1486],[1001,-161],[614,739]],[[64295,84831],[410,-1287],[2028,-1096]],[[73173,72189],[293,-323],[-649,-3194]],[[72817,68672],[362,-1192],[-973,-1567],[1122,-1336]],[[73328,64577],[-1012,-740]],[[72316,63837],[-535,483]],[[71781,64320],[-242,2319],[-813,-1059],[-701,937],[117,886]],[[72316,63837],[-1361,-2975]],[[70955,60862],[-281,-4362],[176,-2963],[367,-1013]],[[71217,52524],[-1345,-591],[-560,1002],[-1023,-851]],[[66876,55303],[538,1334],[-941,1361],[140,2292],[1728,3207],[853,-431],[906,2595],[1681,-1341]],[[64633,56915],[-1730,1644],[-2432,-522]],[[60471,58037],[-768,3042],[-851,1950],[-1464,444],[-2121,1498],[-1106,196]],[[60430,48378],[-1293,-1512],[-1545,-3348],[-1084,-3427]],[[56508,40091],[186,3301],[-533,1251],[350,3996],[1245,2924],[904,470]],[[58660,52033],[1031,-46],[1698,-1952]],[[55011,86344],[1718,-465]],[[71217,52524],[276,-438],[9,-2479]],[[71502,49607],[-566,-744],[50,-1810]],[[70986,47053],[-1775,-294],[-1277,-1016]],[[58660,52033],[27,2178],[1162,3121],[622,705]],[[62443,39197],[-617,-1956],[-1496,-635],[-1413,-3167],[-396,-342]],[[58521,33097],[-1423,1303],[-2203,-367]],[[54895,34033],[795,879],[818,5179]],[[97650,46582],[-1691,21],[-264,-888],[-842,2029],[-144,1812],[-870,268]],[[93839,49824],[979,1414],[262,2274],[1535,1375]],[[96615,54887],[1365,744],[1378,-2203],[30,-3284],[-818,-1217],[-920,-2345]],[[80391,61483],[651,-2006],[-155,-882],[644,-4703],[-393,-1346]],[[81138,52546],[-2668,2469]],[[78470,55015],[412,3085],[-168,2041],[588,1630],[738,230]],[[80040,62001],[351,-518]],[[82341,36428],[953,-2536],[527,-2571]],[[83821,31321],[-1063,-829],[-2452,-760],[-126,-581]],[[80180,29151],[-182,2108],[961,1437],[-206,2837]],[[80753,35533],[842,1128]],[[81595,36661],[746,-233]],[[89574,72563],[121,-853],[-1949,-1226],[-1193,-1658],[-866,-248]],[[85687,68578],[-777,-2008]],[[84910,66570],[-1415,585],[-1681,2559]],[[81814,69714],[-403,4550],[-360,182]],[[81051,74446],[116,1325],[502,-136],[21,1644],[2411,1670],[88,3076],[264,275]],[[84453,82300],[204,-2180],[851,-49],[446,1314],[689,179],[-152,-4176],[380,333],[910,-2394],[1256,-623],[537,-2141]],[[82186,46081],[-953,-1615],[-321,708],[-1393,-77]],[[79519,45097],[19,3532],[1587,1636]],[[81125,50265],[1831,-2964],[-770,-1220]],[[87664,53413],[-1035,-1291],[-188,-2442],[454,-1212]],[[86895,48468],[-570,-739],[-1452,-5141],[-968,78]],[[83905,42666],[-1146,1932]],[[82759,44598],[-573,1483]],[[81125,50265],[13,2281]],[[80391,61483],[3663,815]],[[84054,62298],[55,-2860],[1476,-3306],[1616,-868],[463,-1851]],[[87491,33579],[1009,-2842]],[[88500,30737],[-826,-506],[19,-2159],[-576,205]],[[87117,28277],[-3296,3044]],[[82341,36428],[167,818],[2076,-1023],[1171,1770],[-371,1394]],[[85384,39387],[1406,-2573],[701,-3235]],[[91172,64918],[-779,112],[-821,-2810]],[[89572,62220],[-1727,969],[-625,3480],[-1533,1909]],[[89574,72563],[466,-456],[199,-2212],[804,-1772],[129,-3205]],[[72321,49961],[-819,-354]],[[70955,60862],[909,1165],[735,-1935],[1317,-585],[-487,-677],[743,-2232],[-1381,-3275],[-470,-3362]],[[80180,29151],[106,-666],[-1563,323]],[[78723,28808],[265,7748]],[[78988,36556],[1765,-1023]],[[91172,39558],[784,-1066]],[[91956,38492],[-1295,-1391],[-1038,-246],[-4,-1477],[-1226,845]],[[88393,36223],[-35,2059],[588,2936],[1395,975],[-364,1430]],[[89977,43623],[596,-1227],[599,-2838]],[[87117,28277],[-702,-1775],[-956,-940],[428,-1815],[1185,-1430],[-83,-1999],[-431,420],[-1200,-1393],[-908,287],[-612,-984],[-1389,-631],[-1621,-1874]],[[80828,16143],[688,3182],[-804,5096]],[[80712,24421],[-1069,3159],[-920,1228]],[[81051,74446],[-1309,947],[236,1031],[-354,1643]],[[79624,78067],[172,8397],[933,181],[970,-797],[1138,1252],[770,-903],[820,-2756],[26,-1141]],[[75766,70329],[509,-896],[-19,-1544],[-704,-1399]],[[75552,66490],[-1297,-266],[-927,-1647]],[[72817,68672],[920,1251],[637,-247],[-41,1634],[620,-1077],[813,96]],[[97650,46582],[806,-4584],[-303,-471],[1846,-4320],[-1208,-2092],[155,-719],[-1035,302],[-1225,-947]],[[96686,33751],[77,1219],[-1253,1955],[-2687,-522],[-141,1352]],[[92682,37755],[259,1664],[1137,1998],[171,3372],[-507,969],[97,4066]],[[89572,62220],[-219,-1424],[-585,-441],[52,-3469],[544,-2042]],[[89364,54844],[414,-3410],[478,-330],[-1469,-1580]],[[88787,49524],[-1123,3889]],[[84054,62298],[856,4272]],[[80040,62001],[-258,1555]],[[79782,63556],[678,1106],[800,2349],[554,2703]],[[93839,49824],[-392,1034],[-1291,1480],[-357,1049],[-1484,-284],[-951,1741]],[[91172,64918],[1003,-55],[966,-933],[1357,241],[1041,-804],[1905,1862],[342,-523],[-600,-1819],[141,-1403],[-712,-6597]],[[83905,42666],[1479,-3279]],[[81595,36661],[130,2189],[1079,4048],[-45,1700]],[[88393,36223],[-353,-1984],[-549,-660]],[[86895,48468],[996,-1350],[1171,-3070],[915,-425]],[[78470,55015],[-424,-1913],[-1140,-1954]],[[76906,51148],[-518,1153],[-1340,1232],[-1904,-966],[-823,-2606]],[[75552,66490],[1984,-2664],[2246,-270]],[[88787,49524],[969,-2129],[1247,-537],[-502,-723],[-1124,-90],[1508,-1890],[301,-2170],[-14,-2427]],[[79100,46015],[419,-918]],[[79519,45097],[39,-3387],[-381,-3885]],[[79177,37825],[-1297,-645],[-671,521],[-952,1961],[-1683,-1106],[-956,701],[-715,-310]],[[72903,38947],[-303,1103]],[[72600,40050],[589,807],[628,-294],[686,1388],[281,1672],[1223,1304],[372,1929],[2721,-841]],[[79100,46015],[-138,1344],[-2056,3789]],[[92682,37755],[-726,737]],[[75766,70329],[1149,3356],[1395,1785],[794,2293],[520,304]],[[78988,36556],[189,1269]],[[96686,33751],[-888,-1039],[278,-1635],[-641,-1208],[-1334,-1433],[-497,156],[-1774,-1738],[-931,1769],[-464,-707],[-1935,2821]],[[72600,40050],[-730,2034],[-5,2324],[-979,1775],[100,870]],[[63434,36735],[607,-75],[306,-1408],[-642,-3540],[174,-1348]],[[63879,30364],[-1898,1174],[-411,-833],[-1005,177],[-196,1003],[-815,342],[-1306,-732]],[[58248,31495],[273,1602]],[[72998,23177],[-157,-1246],[481,-2373],[-273,-2025]],[[73049,17533],[-1756,-136]],[[71293,17397],[40,1022],[-739,2461],[-781,1373],[-349,4022]],[[69464,26275],[366,6618]],[[69830,32893],[417,175],[808,-1551],[748,1372],[1294,-304],[52,978]],[[73149,33563],[980,-2705],[122,-2813],[-303,-3185],[-950,-1683]],[[53156,31845],[924,-1743],[234,-1851],[-672,-1276]],[[53642,26975],[29,-1703],[-696,-1619],[-252,-1801],[519,-565],[-1067,-1776],[-1719,-684],[-716,150]],[[49740,18977],[-962,56],[-362,2065],[600,349],[-325,6429],[-369,4108],[3745,-434],[1089,295]],[[80712,24421],[-493,-339],[-986,1197],[-2445,932],[-585,-2401],[-1565,-172],[-732,-707],[-908,246]],[[73149,33563],[-318,1147],[-193,2889],[265,1348]],[[80828,16143],[-410,-609],[-1017,-3317],[-1327,-839],[-2496,-393]],[[75578,10985],[-1169,2386],[445,1739],[-1317,1140],[-488,1283]],[[69830,32893],[-888,300],[-944,1536]],[[67998,34729],[347,1514],[1024,1794],[296,1978],[-832,4323],[-899,1405]],[[67998,34729],[-2495,-40],[-776,350],[363,2556]],[[75578,10985],[-652,-549],[-689,-2299],[-425,-2740],[-219,-4810],[-1311,-587],[-490,959],[-2037,-313],[-439,1739],[-1912,173],[-1761,2797],[-1386,3602],[-824,4025]],[[63433,12982],[4711,520],[2619,3971]],[[70763,17473],[530,-76]],[[56941,14890],[-6813,-1757],[-388,5844]],[[53642,26975],[2898,-2471],[52,-2515],[420,-1571],[-217,-1519],[146,-4009]],[[63237,20944],[-1364,-692],[248,-865],[-408,-1312],[-905,165]],[[60808,18240],[-147,4535],[-694,1668]],[[59967,24443],[1169,-159],[2340,2016]],[[63476,26300],[436,-2648],[-555,-1699],[-697,44],[577,-1053]],[[69464,26275],[-617,-205],[-559,907],[809,1020],[323,2274],[-1041,428],[-870,-825],[-760,-2224],[-197,2279],[-1873,-232],[671,-2341],[-934,660]],[[64416,28016],[-537,2348]],[[70763,17473],[-893,649],[-94,1723],[-4644,2443],[-113,-1484],[-1782,140]],[[63476,26300],[940,1716]],[[58248,31495],[147,-1823],[1362,-2943],[210,-2286]],[[60808,18240],[-1019,85],[-1106,-2297],[265,-667]],[[58948,15361],[-2007,-471]],[[53156,31845],[1739,2188]],[[63433,12982],[-154,825],[-4331,1554]]],"transform":{"scale":[0.0000063666833581617676,0.0000022712131868738396],"translate":[7.325050132865646,47.33743960671933]}}