{"type":"Topology","objects":{"cantons":{"type":"GeometryCollection","geometries":[{"type":"Polygon","id":1,"properties":{"id":1,"name":"Zürich","abbr":"ZH"},"arcs":[[0,1,2,3,4,5,6,7,8,9]]},{"type":"MultiPolygon","id":2,"properties":{"id":2,"name":"Bern","abbr":"BE"},"arcs":[[[10,11,12,13,14,15,16,17,18,19,20,21,22],[23],[24]],[[25,26]],[[27]],[[28,29]]]},{"type":"Polygon","id":3,"properties":{"id":3,"name":"Luzern","abbr":"LU"},"arcs":[[30,31,32,33,-18,34]]},{"type":"Polygon","id":4,"properties":{"id":4,"name":"Uri","abbr":"UR"},"arcs":[[35,36,-22,37,38,39,40,41]]},{"type":"Polygon","id":5,"properties":{"id":5,"name":"Schwyz","abbr":"SZ"},"arcs":[[42,-32,43,-8,44,45,-40]]},{"type":"MultiPolygon","id":6,"properties":{"id":6,"name":"Obwalden","abbr":"OW"},"arcs":[[[-19,-34,46]],[[-38,-21,47]]]},{"type":"Polygon","id":7,"properties":{"id":7,"name":"Nidwalden","abbr":"NW"},"arcs":[[-48,-20,-47,-33,-43,-39]]},{"type":"Polygon","id":8,"properties":{"id":8,"name":"Glarus","abbr":"GL"},"arcs":[[48,49,-41,-46]]},{"type":"Polygon","id":9,"properties":{"id":9,"name":"Zug","abbr":"ZG"},"arcs":[[-31,50,-9,-44]]},{"type":"MultiPolygon","id":10,"properties":{"id":10,"name":"Fribourg","abbr":"FR"},"arcs":[[[-12,51,52,53,-27,54],[-28]],[[55]],[[56]],[[57,58]],[[-24]]]},{"type":"MultiPolygon","id":11,"properties":{"id":11,"name":"Solothurn","abbr":"SO"},"arcs":[[[-30,59,60,61,-16]],[[-25]],[[62,63,64]],[[65,66]]]},{"type":"Polygon","id":12,"properties":{"id":12,"name":"Basel-Stadt","abbr":"BS"},"arcs":[[67,68]]},{"type":"MultiPolygon","id":13,"properties":{"id":13,"name":"Basel-Landschaft","abbr":"BL"},"arcs":[[[69,-65,70,-66,71,-68,72,73,-61]],[[-63,74,75]]]},{"type":"MultiPolygon","id":14,"properties":{"id":14,"name":"Schaffhausen","abbr":"SH"},"arcs":[[[76,-2]],[[77,78]],[[79,80,-4,81]]]},{"type":"Polygon","id":15,"properties":{"id":15,"name":"Appenzell Ausserrhoden","abbr":"AR"},"arcs":[[82,83,84,85,86,87]]},{"type":"MultiPolygon","id":16,"properties":{"id":16,"name":"Appenzell Innerrhoden","abbr":"AI"},"arcs":[[[88,-88]],[[89,-86]],[[90,-84]]]},{"type":"MultiPolygon","id":17,"properties":{"id":17,"name":"St. Gallen","abbr":"SG"},"arcs":[[[91,-49,-45,-7,92,93],[94],[-91,-83,-89,-87,-90,-85]],[[95]]]},{"type":"Polygon","id":18,"properties":{"id":18,"name":"Graubünden","abbr":"GR"},"arcs":[[96,-42,-50,-92,97]]},{"type":"Polygon","id":19,"properties":{"id":19,"name":"Aargau","abbr":"AG"},"arcs":[[-74,98,-10,-51,-35,-17,-62]]},{"type":"MultiPolygon","id":20,"properties":{"id":20,"name":"Thurgau","abbr":"TG"},"arcs":[[[99,-80,100,-78,101,-93,-6],[-96]],[[-95]]]},{"type":"Polygon","id":21,"properties":{"id":21,"name":"Ticino","abbr":"TI"},"arcs":[[102,-36,-97,103],[104]]},{"type":"MultiPolygon","id":22,"properties":{"id":22,"name":"Vaud","abbr":"VD"},"arcs":[[[105,106,107,108,109,110,-59,111,-52,-11,112],[113],[-57],[-56]],[[-26,-54,114,-13,-55]]]},{"type":"Polygon","id":23,"properties":{"id":23,"name":"Valais","abbr":"VS"},"arcs":[[-113,-23,-37,-103,115]]},{"type":"Polygon","id":24,"properties":{"id":24,"name":"Neuchâtel","abbr":"NE"},"arcs":[[-115,-53,-112,-58,-111,116,117,-14]]},{"type":"MultiPolygon","id":25,"properties":{"id":25,"name":"Genève","abbr":"GE"},"arcs":[[[-109,118]],[[-114]],[[119,-107]]]},{"type":"Polygon","id":26,"properties":{"id":26,"name":"Jura","abbr":"JU"},"arcs":[[-118,120,-75,-70,-60,-29,-15]]}]}},"arcs":[[[54461,87893],[119,-52],[170,53],[351,237],[258,38],[205,237],[223,-10],[175,184],[-130,334],[-162,-129],[-316,-55],[-47,193],[-97,14],[18,214],[-92,237],[-10,254],[253,66],[215,355],[29,223],[90,-77],[122,71],[108,-29],[322,153],[-21,318],[168,-24],[-47,79],[66,175],[-6,277],[116,27],[109,-136],[287,-47],[-4,-238],[98,43],[96,-72],[220,-48],[120,-392],[143,26],[76,-321],[-140,-51],[-7,-226],[-102,-201],[31,-98]],[[57468,89495],[-131,-103],[-13,-162],[-239,-109],[-223,-244],[37,-189],[-63,-26],[75,-243],[-60,-129],[229,-35],[22,-172],[-102,-70],[158,-315],[47,-354],[83,-190],[138,81],[145,386],[56,432],[67,225],[142,62],[21,102],[-68,272],[14,226],[116,232],[254,202],[17,428]],[[58190,89802],[181,306],[10,300],[-118,381],[-49,347],[-30,530],[156,222],[32,198],[77,76],[118,-158],[28,-249],[-46,-102],[-151,-34],[-47,-118],[62,-110],[244,43],[147,151],[121,454],[-23,169],[-295,408],[-135,125],[-44,250]],[[58428,92991],[75,142],[66,273],[138,-103],[124,65],[60,139],[-60,408],[13,211],[384,150],[209,-172],[96,-156],[151,-108]],[[59684,93840],[157,-52]],[[59841,93788],[-51,-362],[32,-146],[160,-147],[48,-225],[-30,-185],[78,-339],[92,-106],[70,-271],[243,-124],[201,-249],[106,108],[143,-151],[126,98],[192,-73],[189,49],[20,-155],[305,178],[239,358],[170,-64],[213,315],[57,512],[368,-33],[-9,-627],[476,-276],[25,-322],[-161,-555],[-151,-95],[-36,-239],[63,-65],[-68,-120],[54,-87],[-199,-177],[-62,-530],[20,-108],[-316,107],[34,266],[-347,322],[-90,12],[-186,151],[-121,-65],[-223,256],[-13,-455],[-121,-32],[-19,-205],[55,-36],[43,-244],[105,-125],[-66,-176],[55,-211],[305,25],[123,-42],[848,-445],[-108,-131],[112,-51],[-31,-225],[74,-35],[-15,-141],[206,-77],[123,156],[161,-95],[22,131],[174,-141],[11,-280],[122,24],[-10,-136],[151,22],[0,-147],[-200,-34],[-68,-137],[-207,11],[-28,-77],[134,-652],[150,-291],[-5,-223],[179,-70],[280,-26],[264,-72],[144,-133],[71,130],[60,-79],[228,-108],[49,-81],[-81,-231],[46,-90],[-1,-639],[-81,-221],[-13,-614],[85,-27],[18,-140],[-268,-166],[-12,-237],[-86,-117],[79,-56],[-18,-170],[153,-44],[23,-247],[87,-55],[-1,-149],[106,-303],[70,-43],[117,-266],[-136,-196],[92,-275],[90,-108],[159,-11],[78,-77],[244,33],[-42,-188],[-94,-20],[-209,90],[-80,-82],[-63,126],[-39,-229],[129,-91],[-73,-239],[75,-216],[-45,-297],[-172,-367],[-23,-150],[353,-140],[161,-168],[37,-118],[316,-389],[-59,-342],[68,-180]],[[65863,78261],[161,-184],[124,-573],[95,-347],[137,25],[107,-96],[51,-249],[-24,-387],[132,-107],[-44,-272],[5,-263],[169,-383],[-211,-602],[-403,-145],[-187,-532],[4,-88],[-147,-39],[-190,-150],[152,-209],[16,-221],[142,97],[-3,-284],[-154,-201],[79,-146],[-139,-246],[-41,-186],[-607,-315],[-6,120],[-242,-137],[-523,-124],[5,-199],[-77,-116],[-201,-94],[-120,47],[-67,122],[-21,211],[-152,-118],[-1,-83],[-137,-1],[-129,169],[-137,58],[-525,-236],[-10,-105],[-123,-113],[-18,-168],[265,-932]],[[62868,70459],[-317,100],[-1163,-546],[-577,-430],[-100,-133],[-133,90],[-28,-199],[-190,-98],[-189,-494],[-72,-74],[-39,-298],[36,-252],[181,-219],[49,-307]],[[60326,67599],[-183,-50],[-207,-160],[-290,54],[-17,501],[-190,32],[-210,-103],[-57,116],[-305,50],[-49,56],[90,287],[-226,665],[-53,358],[-159,279],[-171,-167],[-77,119],[23,253],[-78,137],[-139,35],[-123,-74],[6,334],[-488,96],[-151,176],[-26,-77],[-151,-17],[-148,85],[-62,-116],[-86,64],[-26,-213],[-87,57],[-326,26],[-48,-187],[-188,-188],[-97,26],[-164,-75],[-135,-132],[-225,112],[-68,145],[-203,9],[-104,247],[-81,-39],[-114,114],[-32,170],[-117,90],[-89,-75],[-167,61],[-162,-80],[-100,345],[14,171],[-75,263],[48,125],[-139,336]],[[54114,71840],[-162,300],[24,370],[-78,137],[38,365],[-23,109],[-146,224],[-73,427],[-64,178],[79,49],[105,-152],[159,197],[315,135],[85,166],[148,141],[66,385],[-3,159],[88,182],[115,36],[-15,97],[116,111],[74,168],[-12,135],[142,383],[-82,-5],[-33,-155],[-332,-259],[-124,96],[-284,-139],[-81,207],[92,284],[-207,376],[-78,243],[121,429],[-95,451],[68,134],[-21,171],[-150,20],[9,198],[-94,122],[-47,219],[8,506],[47,58],[-107,167],[-182,-23],[-84,213],[-303,-34],[-85,173],[112,-82],[34,122],[152,82],[75,-121],[118,193],[-75,216],[240,501],[-97,390],[-201,36],[-86,166],[54,76],[126,-44],[49,184],[-69,198],[-3,400],[110,48],[-84,339],[-90,142],[-134,-13],[-74,334],[-81,42],[45,205],[164,40],[-37,189],[-7,328],[-214,-28],[-35,246],[15,246],[-95,343],[106,188],[-88,-15],[-9,239],[52,232],[278,38],[147,248],[22,452],[116,195],[115,-186],[84,131],[-1,219],[194,128],[-74,271],[73,-91],[154,401],[136,-26],[-67,419],[72,224],[14,297],[177,157]],[[27896,25674],[32,971],[-82,423],[162,90],[83,155],[-87,160],[-158,-154],[-68,2],[-198,599],[25,245],[-321,8],[21,244],[148,464],[72,370],[69,128],[-16,269],[62,395],[-73,246],[-133,216],[-31,192],[-135,225],[45,347],[156,10],[65,-83],[178,23],[209,124],[71,190],[5,287],[142,122],[-120,156],[85,460],[-129,566],[-23,462],[59,-28],[210,84],[-13,251],[-67,100],[153,57],[107,274],[2,163],[83,316],[-29,154],[40,380],[-44,465],[-35,95],[18,271],[-192,416],[-5,374]],[[28239,36958],[193,104],[206,202],[103,177],[182,511],[103,217],[191,280],[382,-217],[206,109],[99,393],[181,126],[-130,437],[76,789],[-10,123],[-126,160],[25,748],[199,29],[165,229],[-42,224],[-151,426],[521,19],[110,-179],[-12,-143],[126,-94],[21,-380],[67,251],[376,582],[-162,-25],[41,150],[27,564],[91,270],[-61,265],[106,174],[-39,211],[94,121],[-73,124],[-184,0],[-81,120],[-51,213],[-62,-64],[-321,45],[83,328],[-3,344],[-375,130],[-191,112],[-340,4],[-205,316],[-55,298],[7,376],[159,518],[-8,617],[-53,207],[-122,107],[-49,280],[-55,87],[303,507],[-58,140],[36,217],[-37,158],[84,122],[135,696],[208,295],[-27,477],[192,190],[61,156],[-29,160],[-160,283],[-319,292],[-48,188],[-84,91],[218,179],[1,158],[95,190],[22,-102],[137,23],[155,-167],[-171,-141],[63,-156],[213,-63],[358,200],[162,488],[-35,299],[-81,72],[-29,203],[26,529],[-92,147],[-525,248],[-261,-68],[-319,18],[-201,49],[-202,-223],[-323,221],[-141,195],[-351,110],[-20,-106],[-234,70],[-47,239],[-119,-37],[-166,-291],[-110,212],[-274,30],[-102,-169],[-164,63],[100,145],[139,57],[200,251],[-50,281],[27,130],[-12,360],[107,30],[10,307],[-189,309],[4,105],[144,185],[-43,291],[21,254],[49,79],[-96,249],[-208,15],[-39,147],[250,1],[18,194],[148,-38],[10,218],[172,165],[-27,72],[131,128],[169,408],[-270,322],[90,183],[-76,74],[-133,432],[-94,4],[-60,-145],[-117,118],[-115,-233],[-865,-712],[-494,-204],[-983,-362],[-87,19],[-832,24]],[[24157,58228],[-262,138]],[[23895,58366],[-319,1307],[96,213],[86,335],[-15,620],[141,377],[255,307],[327,104],[209,267],[290,440],[-133,379],[-47,36],[11,262],[-84,183],[222,283],[-5,204],[-246,531],[-272,168],[-136,5],[-175,265],[-191,202],[-262,-264],[-116,427],[191,372],[179,231],[-54,117],[-170,33],[-98,-154],[-332,-51],[-62,52],[-248,-265],[-547,-189],[-530,-144],[-248,-180],[-147,195],[-70,-170],[-186,-207],[-706,-657],[-423,-346],[86,854],[225,313],[170,1148],[-601,1730]],[[19960,67699],[41,142],[199,277],[160,-990],[92,-192],[192,174],[301,167],[217,314],[367,395],[122,193],[70,471],[237,142],[91,-335],[115,67],[199,-37],[144,-320],[64,-41],[151,171],[82,312],[90,162],[42,317],[593,121],[151,328],[144,558],[167,435],[69,268],[246,174],[-51,313],[38,242],[471,303],[5,-222],[123,100],[80,-195],[-69,-83],[61,-146],[172,1],[132,297],[245,-56],[351,162],[236,-98],[16,76],[333,150],[-147,316],[52,85],[-193,11],[7,195],[129,129],[-75,156],[125,247],[387,224],[-22,336],[35,235],[-102,123],[98,120],[-127,110],[114,74],[128,-22],[432,86],[333,-56],[-63,-141],[89,-156],[95,61],[199,-95],[193,3],[231,-143],[340,16],[92,76],[264,-136],[396,68],[331,111],[211,119],[127,259],[198,205],[122,293],[240,-10],[373,208],[297,279],[43,-45],[558,-73],[131,35],[29,-169],[144,-60],[40,-98],[183,14],[280,83],[381,-104],[369,18],[35,-100],[183,-145],[300,62],[224,200],[269,326],[175,124],[422,163],[200,142]],[[35324,75575],[-220,-302],[-32,-513],[-174,-207],[12,-167],[-158,-215],[-260,-22],[-572,-293],[13,-67],[-220,-128],[-159,-292],[-137,-449],[-132,-242],[-311,-78],[-256,-26],[-286,-323],[-186,-84],[-53,-121],[40,-339],[60,-126],[-122,-132],[-145,-25],[-140,-230],[-571,-396],[-291,-344],[-180,23],[-325,-171],[95,-515],[44,0],[169,-790],[249,122],[46,-157],[156,-111],[140,-238],[238,-882],[-212,-57],[18,-238],[217,-5],[131,112],[242,-23],[130,159],[41,262],[187,117],[119,149],[-15,268],[70,202],[91,-31],[76,-195],[179,163],[-32,233],[198,16],[397,126],[29,-165],[-87,-127],[54,-132],[-94,-84],[169,-193],[44,-288],[126,102],[238,-181],[-151,-218],[56,-126],[-235,-257],[-72,-195],[-241,-145],[-293,248],[-108,-34],[-213,-263],[-10,-321],[-200,-54],[-193,-355],[103,-231],[107,-108],[90,107],[-47,-257],[138,-76],[-51,-100],[-164,90],[-168,-147],[-104,16],[-173,-77],[-131,-135],[-189,212],[-112,-114],[-72,321],[-83,-138],[-85,52],[-190,-165],[33,-185],[-55,-54],[110,-224],[173,-646],[-7,-157],[164,-32],[14,-127],[420,146],[231,243],[80,-140],[225,143],[84,-317],[-49,-22],[-39,-240],[41,-373],[123,-355],[293,81],[142,125],[165,47],[152,369],[-89,196],[-198,640],[-14,241],[682,444],[135,221],[139,75],[133,184],[73,199],[3,172],[97,295],[96,131],[18,175],[129,145],[-71,259],[-44,0],[-83,300],[308,223],[20,-97],[120,58],[95,-158],[298,382],[131,-14],[14,-176],[86,-86],[129,94],[148,-256],[100,-593],[51,180],[95,77],[115,-51],[368,148],[21,93],[142,-173],[299,-41],[99,76],[105,-232],[131,55],[47,115],[-49,242],[21,213],[184,343],[279,-5],[13,286],[61,125],[41,320],[-151,91],[79,317],[-135,259],[-124,134],[-11,114],[-329,38],[83,246],[-116,406],[54,202],[-216,244],[111,105],[-70,195],[-211,-150],[-106,-10],[-67,184],[-92,-43],[-65,222],[-147,297],[-64,-21],[-229,329],[39,426],[-91,607],[-104,121],[-196,387],[592,207],[451,67],[469,20],[167,117],[95,136],[232,21],[128,74],[178,242],[81,-177],[272,-191],[246,-631],[65,143],[216,-367],[-1,-166],[174,-357],[124,39],[127,-139],[142,89],[142,-44],[174,433],[210,36],[34,-305],[202,-254],[174,245],[172,333],[94,0],[28,-172],[128,-119],[128,8],[151,174]],[[41196,72724],[91,-559],[-76,-114],[53,-87],[-36,-222],[170,-406],[106,-181]],[[41504,71155],[-50,-232],[22,-312],[72,-58],[135,-281],[50,-363],[98,-317],[135,-221],[13,-343],[322,-429],[90,-220],[69,-370],[-123,-229],[-33,-244],[47,-473],[96,-288],[185,-336],[-4,-422],[-72,-23],[-6,-164],[-287,-180],[-91,-174],[-25,-220],[70,-4],[-53,-247],[142,-116],[-47,-229],[72,-174],[-57,-182],[124,-106],[-37,-171],[96,-201],[-75,-323],[-31,-538],[-133,-380],[67,-99],[-145,-278],[-23,-313],[40,-173],[85,-93],[58,-194],[148,-14],[68,-394],[169,-133],[52,-402],[128,-208],[-77,-229],[112,-380],[401,236],[107,-11],[67,-220],[105,-101],[415,103],[99,-133],[-91,-342],[-82,-145],[26,-328],[63,-296],[-186,-209],[46,-419],[-132,-203],[-172,-153],[-12,-559],[-59,-123],[-164,-77],[-16,-245],[-124,-354],[-161,-98],[-224,105],[-483,-392],[-58,-88],[-137,-536],[182,-173],[102,-19],[73,-181],[-13,-178],[-212,-566],[1,-139],[-119,-130],[-199,-88],[-53,-223],[42,-273],[-19,-199],[157,-100],[3,-157],[111,-109],[-50,-272],[2,-375],[67,-373],[148,-341],[407,-304],[591,-553],[537,-743],[159,-489],[37,-248],[98,-55],[187,-241],[110,-322],[239,-168],[291,371],[154,77],[354,262],[234,58],[171,-132],[222,22]],[[46142,48726],[127,25],[113,-107],[198,110],[124,-99],[336,61],[26,-190],[190,-288],[59,-226],[65,-49],[185,24],[182,-149],[540,-757],[268,203],[198,332],[103,-89],[388,304],[144,-117],[261,75],[93,-160],[155,-141],[58,-123],[261,40],[116,395],[447,-298],[100,-161],[103,-306],[154,34],[173,-92],[323,439],[86,4],[307,406],[376,538],[595,109],[196,251]],[[53192,48724],[188,-109],[204,-368],[120,-40],[69,-309]],[[53773,47898],[24,-306],[112,67],[288,374],[147,-76],[41,-105],[308,89],[132,-125],[79,15],[-13,-164],[67,-121]],[[54958,47546],[-58,-392],[-53,-132],[-115,-37],[81,-170],[-36,-629],[197,-382],[-49,-150],[-5,-618],[144,-190],[-39,-323],[66,-266],[-60,-520],[-247,-159],[-184,77],[-100,-51],[-295,68],[-55,161],[-89,-7],[-193,113],[0,-226],[-49,-200],[38,-231],[-21,-280],[91,-266],[131,-115],[50,-677]],[[54108,41944],[-252,49],[-97,-411],[-85,-73],[-229,-516],[-170,-45],[-75,-227],[-17,-417],[53,-78],[-8,-246],[-120,-501],[-73,-143],[39,-433],[-60,-319],[82,-164],[-88,-256],[-197,-305],[-26,-154],[-304,-381],[-432,-101],[-94,-330],[-220,-350],[-185,-27],[-154,-100],[-89,-238],[-419,-248],[-139,-196],[-135,-1],[-236,-143],[-222,25],[-274,-30],[-293,-145],[-116,42],[-187,-51],[-240,-143],[-139,177],[-4,367],[-249,39],[-289,-19],[-533,274],[-72,174],[-188,293],[-395,141],[-53,105],[-186,14],[-207,195],[-110,-83],[-179,-33],[-28,-96],[-165,228],[-246,56],[-273,274],[-123,-28],[-200,69],[-319,-262],[-87,12],[-250,-517],[-139,1],[-221,-165],[-42,-164],[-109,-113],[-5,-124],[107,-230],[31,-261],[90,-140],[-56,-161],[9,-225],[-68,-185],[-68,17],[-245,-259],[-47,42],[-207,-56],[-163,-225],[-40,-255],[-204,-156],[-6,-172],[-176,-27],[-92,-215],[-347,-227],[-98,53],[-89,-108],[-226,-138],[-732,-32],[-352,-383],[-73,-186],[-587,-426],[-95,-197],[-120,-95],[-168,-274],[-42,-168],[-276,-192],[-108,-178],[-366,-388],[-45,-102],[-235,-226],[-164,-28],[-188,-324],[-152,-46],[-225,295],[-120,248],[-75,-10],[-589,451],[-515,320],[-296,260],[-122,-333],[-241,-85],[-19,-229],[32,-181],[-85,-210],[-176,-149],[37,-303],[-130,-200],[-172,119],[-64,175],[-140,-10],[-111,-111],[-142,-28],[-72,-94],[-167,58],[-124,-78],[-209,-13],[-126,-101],[-117,-465],[266,-284],[134,-41],[189,-254],[-324,-261],[-50,-319],[-268,-148],[-419,68],[-109,-272],[-172,75],[-94,-80],[-114,105],[15,115],[-49,344],[-91,187],[-127,-81],[-81,-273],[-136,-12],[-37,-89],[-107,266],[-309,69],[-115,166],[-97,-54],[-130,-223],[-233,-23],[-52,-77],[-234,-134],[-100,30],[-153,-177],[-96,-206],[-61,-21],[-100,-209],[-63,7],[-83,-183],[-141,-164],[-119,-48],[-201,-327],[-126,25],[-229,-207],[-296,-113],[-192,-23],[-160,406],[43,190],[-34,123],[75,262],[21,349],[-53,241],[-250,-426],[-187,25],[-623,-448],[-10,-491],[-37,-206],[42,-311],[-194,-384],[-209,-137],[-225,-63],[-268,134]],[[28192,56012],[10,253],[-114,94],[-19,-157],[-262,-190],[-34,-104],[61,-330],[265,261],[87,-8],[6,181]],[[38278,67623],[-172,105],[-111,-156],[-113,-426],[159,6],[186,-94],[86,283],[47,-36],[91,202],[-126,9],[-47,107]],[[24851,54156],[123,183],[-48,96],[100,92]],[[25026,54527],[136,-176],[140,16],[-197,-240],[-90,-183],[-155,53],[-9,159]],[[26013,55208],[6,-265],[53,-174],[-226,-161],[-120,-245],[-75,18],[-18,253],[-123,253],[35,263],[230,156],[32,-80],[181,101],[25,-119]],[[35324,75575],[-97,42],[-140,-84],[-350,-24],[-89,81],[148,588],[341,327],[51,222]],[[35188,76727],[176,-145],[273,-678],[-84,-226],[-157,-148],[-72,45]],[[54146,66449],[100,-509],[-51,-236],[72,-174],[245,87],[37,-42],[172,168],[75,139],[146,29],[77,-793],[95,-30],[181,137],[355,498],[294,-631],[-16,-680]],[[55928,64412],[-374,367],[-12,185],[-105,81],[-138,-90],[-109,86],[-215,65],[-27,-147],[-105,27],[-144,-133],[-4,-127],[-110,-20],[-249,-209],[-251,-509],[52,-296],[-118,-299],[-221,-326],[-158,-140],[30,-471],[218,-82],[66,62],[590,220],[246,-106],[67,-193],[162,-161],[280,-393],[147,-49],[140,-329],[250,-343],[77,-188],[104,-78],[98,-228],[127,26],[140,-135],[-4,-479],[-98,-400],[-183,-181],[-127,-16],[-255,-190],[-213,-53],[-121,43]],[[55381,59203],[20,641],[-906,398],[-44,-953],[-273,1],[-70,55],[-312,74],[-238,-125],[-57,116],[41,136],[-21,722],[-338,111],[-734,-1556],[-348,534],[-308,-85],[-229,25],[-135,-193],[-149,40],[-92,133],[-276,9],[-225,-201],[-151,-342],[-97,-65],[-138,288],[-199,32],[-225,-584],[96,-249],[131,-137]],[[50104,58028],[3,-157],[-270,-43],[-305,-115],[-344,245],[-117,-160],[-167,-71],[-271,-186],[-155,-216],[-108,-66],[20,-252],[304,-674],[-173,-302],[-70,-29],[-232,-290],[-108,-204],[-80,-32],[-270,-647],[-248,-838],[-82,105],[-24,176],[47,495],[-159,35],[-144,154],[-124,-144],[-141,-475],[-106,-118],[-180,-79],[-3,-242],[-58,-156],[85,-316],[14,-384],[-47,-269],[-78,-80],[33,-199],[-35,-172],[-187,-84],[31,-226],[-58,-193],[-134,-217],[-99,-53],[-73,-381],[121,-246],[-21,-113],[104,-212],[285,-862],[-13,-258],[-198,-213],[28,-291],[-155,-247]],[[41504,71155],[329,-97],[310,244],[595,265],[329,68],[279,-313],[247,-93],[150,246],[128,127],[135,272],[205,282],[-134,304],[-80,272],[-51,358],[146,198],[329,-37],[54,-85],[295,81],[186,277],[189,-335],[33,-284],[186,-363],[68,-275],[-40,-620],[309,-181],[23,81],[449,127],[9,-47],[265,140],[-132,289],[-14,162],[140,55],[75,-102],[147,23],[123,250],[221,144],[233,-134],[157,-404],[67,-384],[233,-36],[119,-128],[147,225],[542,180],[83,-16],[323,220],[106,-144],[28,-188],[-123,-332],[-158,26],[-265,-65],[136,-203],[-48,-130],[124,-216],[194,-44],[-32,-120],[72,-168],[215,34],[188,187],[231,-21],[-49,203],[15,306],[52,106],[-34,222],[83,260],[265,245],[180,1028],[313,-38],[-30,183],[76,244],[90,19],[46,255],[175,47],[67,-233],[199,40],[43,-137],[134,73],[187,-148],[157,-293],[136,-92],[-122,-274],[30,-344],[110,-342],[70,-6],[227,-628],[-18,-166],[102,-657],[52,-111],[-33,-275],[134,-58],[103,-612],[8,-267],[170,-423],[4,-506],[176,-423],[1,-127],[260,-541],[0,-179],[68,-53],[16,-313],[281,-148],[23,-182],[308,18],[173,-97],[163,-12],[156,158]],[[60023,38234],[-266,-131],[-181,-297],[-226,-250],[-299,-65],[-85,72],[-47,269],[26,121],[-74,137],[-256,95],[-78,-160],[-220,-70],[-239,-8],[-203,178],[-85,234],[-89,101],[-188,-118],[-222,-28],[-143,64],[-201,237],[-174,-111],[-113,-163],[-25,-176],[-85,-25],[-27,-237],[23,-287],[-87,-148],[-80,-260],[58,-184],[-36,-186],[71,-231],[41,-396],[-267,-123],[-41,-68],[-232,-31],[-97,-85],[-175,-34],[-110,-228]],[[55591,35642],[-94,46],[-186,357],[-155,-111],[-280,176],[-126,186],[-98,-26],[-134,170],[-97,383],[-22,444],[-65,57],[-21,259],[-62,249],[-152,305],[3,181],[-87,263],[90,535],[-49,227],[128,192],[142,570],[11,600],[-46,369],[34,81],[8,459],[30,71],[-84,219],[-171,40]],[[54958,47546],[387,275],[148,-96],[205,82],[196,168],[-79,432],[-94,234],[-116,151],[75,229],[-11,233],[-217,-147],[-149,141],[-9,102],[174,-51],[214,195],[34,268],[-115,257],[96,188],[43,437],[123,492],[307,251],[68,226],[-103,134],[-99,281],[-220,-8],[-157,193],[-85,-109],[-109,6]],[[55465,52110],[-89,271],[76,360],[-106,365],[275,369],[-54,298],[-82,147],[25,101],[-174,212],[-164,68],[135,273],[362,210],[63,173],[44,325],[266,13],[105,-218],[278,179],[94,244],[262,38],[273,216],[79,355],[-85,220],[112,-32],[218,85],[-67,39],[36,323],[-38,195],[9,439],[-24,146],[119,122],[60,235],[-19,137],[136,110],[130,327],[-67,428]],[[57653,58883],[247,163],[324,-160],[133,-170],[22,-226],[-66,-357],[52,-336],[19,-833],[425,28],[90,-111],[276,-27],[375,-185],[274,-93],[210,94],[296,46],[87,-195],[84,-523],[-80,-196],[71,-287],[105,-93],[74,-191],[186,56],[162,357],[170,197],[80,-16],[48,186],[171,9],[6,158],[91,-117],[470,375],[170,-443],[203,-119],[91,26],[132,298],[282,236],[77,-140],[151,-125],[127,-23],[67,-216],[-46,-599],[184,-595],[137,88],[129,202],[30,-208],[-38,-919],[119,-280],[39,136],[102,76],[52,311],[213,-53],[225,177],[111,205],[184,32],[131,249],[186,39],[25,134],[113,1],[47,120],[147,75],[230,247]],[[65675,55368],[164,-529],[23,-177],[115,-234],[101,-37],[-12,-123],[99,-523],[12,-421],[-41,-209],[-208,-115],[-306,-368],[-154,-67],[-170,-181],[-208,35],[-266,-542],[-344,-237],[-214,-198],[68,-107],[4,-247],[163,-285],[-37,-472],[-89,-185],[23,-158]],[[64398,49988],[-72,-225],[-309,-148],[-162,-302],[-108,-67],[9,-201],[-172,-14],[-128,57],[-144,-175],[0,-629],[60,-399],[73,-217],[-54,-109],[-121,39],[-185,-171],[-69,-576],[-102,-345],[69,-327],[-208,-167],[-89,-128],[-131,11],[-256,-169],[-102,197],[-100,377],[-71,46],[1,190],[-90,39],[-392,-452],[-76,-363],[105,-414],[-136,-246],[-168,-111],[-140,-237],[-237,-127],[-29,-175],[-183,-185],[-128,190],[-168,-7],[-90,-116],[-105,-321],[-176,39],[-96,-139],[27,-385],[-33,-679],[108,-339],[-271,-416],[-112,5],[-140,-307],[79,-141],[-18,-276],[-113,-145],[-27,-234],[117,-140],[30,-260],[218,-300],[202,-44],[38,-167],[-26,-307],[56,-185],[-50,-110],[-5,-290],[73,-160],[22,-328],[-70,-469]],[[57653,58883],[-627,-532],[-516,12],[-502,-170],[-692,394],[65,616]],[[55928,64412],[613,-510],[114,83],[302,21],[100,111],[409,-38],[48,-316],[-54,-219],[106,-90],[155,56],[71,124],[75,-37],[203,123],[116,241],[100,-29],[168,63],[89,158],[569,-88],[167,128],[11,191],[171,385],[144,181],[1,188],[255,55],[-12,152],[241,324],[91,314],[-32,73],[67,215],[-68,178],[87,260],[128,165],[154,87],[-49,87],[-14,306],[-56,229],[-72,16]],[[62868,70459],[293,-432],[183,-131],[248,-64],[2217,521],[255,-88],[288,56],[129,-54],[58,-192],[-126,-80],[-80,-653],[-159,50],[88,-792],[7,-196],[181,-38],[83,158],[186,53],[332,-271],[-27,-58],[182,-171]],[[67206,68077],[-283,-552],[-357,-901],[-35,-196],[-147,-185],[42,-319],[-89,-428],[42,-130],[109,-58],[39,-149],[-99,-355],[39,-213],[-251,-183],[-120,-299],[6,-142],[89,-78],[366,-194],[-203,-209],[-25,-219],[-88,-60],[8,-224],[-147,-314],[-123,-507],[-17,-305],[-119,-39],[-92,-204],[-393,-323],[-145,98],[-275,-111],[-18,-292],[62,-240],[-235,-181],[46,-126],[125,-10],[214,-194],[19,-412],[93,-73],[57,-260],[230,-241],[80,-321],[119,-225],[86,49],[-15,-147],[-193,-120],[299,-759],[71,88],[168,-317],[313,-158],[-149,-170],[-42,-394],[-51,-66],[-99,-398],[87,-341],[113,-183],[-29,-98],[-325,-59],[-109,-163],[-180,-99]],[[50104,58028],[130,69],[219,-2],[192,267],[164,29],[39,-110],[221,21],[205,-137],[427,90],[135,-93],[-12,-89],[89,-254],[-106,-660],[82,-185],[-244,-287],[-152,-302],[-78,-330],[290,-205],[189,-267],[279,41],[341,203],[66,-154],[-58,-391],[108,-181],[-51,-302],[-104,-291],[51,-314],[-21,-340],[-102,-203],[-8,-244],[-96,-160],[24,-317],[100,-207],[12,-322],[-80,-224],[-4,-263],[-57,-254],[78,-337],[13,-300],[78,-34],[-14,-232],[-56,-118],[-153,-103],[-83,-180],[97,-285],[110,-100],[172,-366],[79,-67],[46,-228],[204,-223],[104,14],[223,-377]],[[53773,47898],[469,343],[218,-192],[-39,351],[-129,396],[-184,34],[-184,266],[-122,1],[-165,338],[-88,74],[78,290],[-18,161],[-307,185],[81,328],[-5,235],[-134,396],[-47,774],[44,76],[-23,339],[-136,27],[-58,142],[65,246],[121,20],[-2,171],[78,178],[153,-29],[4,-180],[100,-219],[-142,-181],[-74,-233],[-5,-497],[146,433],[64,-106],[168,211],[146,298],[163,41],[152,223],[120,-232],[40,-414],[-31,-181],[253,-159],[185,161],[356,33],[185,62],[196,2]],[[67206,68077],[27,49],[574,-943],[404,-683],[92,-183],[275,-380],[119,-24],[488,96],[160,64],[141,-100],[173,81],[447,-46],[253,-153],[932,-261],[-21,-352],[12,-344],[-71,-620],[103,-350],[-47,-280],[67,-623],[-147,-441],[-63,-279],[-298,-422],[-166,-25],[-169,-100],[-339,-412],[400,-453],[88,-12],[177,-165],[154,111],[115,-143],[466,461],[149,32],[138,-144],[168,6],[174,-368],[137,-88],[1,-96],[141,-375],[-2,-387],[115,-326],[42,-265],[-100,-180],[27,-228],[-65,-234],[64,-183],[-8,-317],[-64,-299],[54,-429],[-23,-74],[-175,-95],[-10,-489],[86,-289],[209,-175],[78,-423],[-66,-150],[28,-108],[-57,-291]],[[72593,55170],[-126,-143],[-75,-259],[-115,1],[-176,-135],[-45,-204],[-145,-340],[-149,-272],[-107,-117],[-48,-198],[-97,-130],[-183,-89],[-71,-114],[-241,131],[-537,36],[85,-296],[-227,-139],[-134,-469],[-261,-131],[-36,-114],[-290,-227],[-55,-101],[-144,139],[-26,329],[-197,396],[5,180],[-226,55],[-232,147],[-281,-42],[-173,-363],[-163,-31],[-43,-552],[39,-267],[-138,-148],[-132,-412],[15,-187],[-98,-98],[-99,-394],[-88,-194],[-33,-219],[-242,-309],[-254,-46],[-335,-129],[-367,-59],[-173,-105],[-71,38],[-137,-164],[-108,-15],[-72,-111],[-262,-148],[-63,79],[-162,14],[-79,139],[8,506],[-179,-53],[-184,207],[-144,-29],[-73,63],[-251,-89]],[[54146,66449],[68,244],[-64,354],[61,270],[-9,407],[-109,463],[-154,66],[-55,345],[4,203],[113,355],[-119,716],[14,307],[-95,268],[-33,310],[50,205],[191,304],[28,261],[77,171],[0,142]],[[28239,36958],[-302,-305],[-285,-689],[-67,-61],[-144,445],[-190,250],[-208,-399],[-521,-575],[-237,63],[-81,-94],[-23,-223],[-60,-89],[-115,-614],[-90,-166],[-115,-85],[-49,-196],[-306,-226],[-112,-281],[-107,-112],[-53,77],[-202,-80],[-245,95],[-115,-121],[-146,132],[-105,-89],[-320,-460],[-143,-149],[-270,-421],[-22,-126],[-146,-240],[20,-53],[-64,-560],[-31,17],[-315,-212],[-214,-227],[-196,-42],[19,123],[161,414],[-54,208],[-160,298],[-56,18],[-43,705],[56,79],[-100,163],[-76,307],[19,271],[-190,220],[-59,150],[-256,281],[-71,-55],[-296,10],[-188,292],[-349,250],[-184,34],[-110,-281],[-24,126],[48,208],[12,316],[-356,-392],[-199,-415],[-137,-180],[-78,-346],[-330,-9],[-52,151],[-76,-4],[-116,176],[-88,250],[-58,366],[-126,-10],[-144,220],[-57,252],[-99,184],[139,329],[33,245],[150,337],[47,-36],[-52,-232],[160,-30],[197,48],[209,142],[98,-12],[85,-243],[-16,-235],[60,-43],[87,451],[197,310],[308,614],[319,163],[-73,276],[55,151],[-81,46],[-127,-136],[-90,-13],[-80,-287],[-112,260],[-110,-108],[-145,512],[-82,144],[-253,201],[-145,68],[-94,-82],[-156,-321],[-243,104],[-70,316],[-142,95],[-53,-248],[29,-119],[-180,-18],[-51,-151],[-164,14],[86,348],[-6,208],[57,300],[-67,386],[80,40],[43,417],[-45,327],[36,321],[-26,292],[-119,271],[58,362],[92,268],[-108,107],[174,130],[154,-38],[20,-110],[151,245],[144,400],[75,-36],[46,139],[110,15],[124,-87],[-41,-104],[250,-166],[131,222],[120,-84],[75,237],[-86,88],[164,436],[-158,147],[-42,234],[127,238],[100,-121],[178,338],[57,-8],[93,230],[36,-25],[108,364],[-46,68],[267,582],[152,189],[125,4],[112,279],[298,486],[8,232],[115,359],[-89,222],[-154,230],[-231,-138],[-64,153],[-49,-53],[-142,218],[136,264],[125,-138],[193,371],[146,203],[-92,51],[6,142],[125,164],[107,254],[80,43],[97,-91],[35,129],[116,106],[-20,304],[235,464],[-194,433],[-29,185],[112,166],[-70,78],[158,417],[208,-239],[223,-62],[160,425],[-1,135],[-140,81],[-1,266],[57,170],[-90,157],[-68,-42],[-87,217],[9,243],[58,152],[-77,130],[69,285],[197,357],[-248,547],[-91,155],[-167,-202],[-86,42],[-92,-140],[261,-713],[-105,-103],[-113,313],[-60,-29],[-72,230],[-119,181],[-64,204],[-84,55],[-78,295],[-50,-56],[-64,178],[-159,9],[-43,138],[127,214],[-740,1291]],[[20726,55625],[699,1400]],[[21425,57025],[738,-1275],[76,-169],[157,-177],[136,125],[207,-261],[-123,-231],[57,-81],[-73,-131],[140,-279],[489,-751],[-219,-353],[-128,-137],[124,-235],[156,-62],[168,227],[45,156],[116,-231],[76,84],[227,-217],[-120,-375],[215,-279],[-143,-161],[19,-100],[-110,-228],[183,-263],[48,131],[74,-66],[135,401],[122,111],[75,276],[101,223],[91,84],[88,242],[-32,148],[-166,162],[6,205],[80,147],[314,374],[-115,68],[192,29]],[[25026,54527],[42,158],[-68,56],[-709,1550],[76,195],[-38,465],[-70,179],[69,28],[-47,188],[52,174],[-39,117],[113,295],[-250,296]],[[20414,46805],[-345,-842],[-19,-200],[52,-32],[-135,-191],[-340,147],[-175,252],[-223,144],[-242,-111],[-132,-265],[-405,-119],[-111,190],[189,354],[34,-120],[131,153],[47,-83],[229,157],[-32,100],[134,197],[25,136],[180,339],[-30,95],[338,477],[98,295],[-57,5],[61,207],[68,-49],[102,-305],[75,-92],[-20,-270],[101,101],[191,-279],[99,-85],[-28,-101],[140,-205]],[[18301,46699],[-37,-99],[-2,-514],[-153,-296],[-2,-174],[-147,-273],[-182,-167],[-85,233],[10,159],[-162,155],[-69,179],[88,240],[142,33],[16,96],[185,267],[108,349],[68,-99],[56,93],[166,-182]],[[18165,51973],[1893,2857]],[[20058,54830],[670,-1334],[65,20],[170,-237],[86,101],[224,-468],[-210,-216],[-46,122],[-191,-155],[-196,-71],[97,-178],[365,225],[155,-276],[94,-45],[67,-251],[75,-61],[-247,-307],[-184,-409],[-169,-534],[26,-231],[117,-299],[22,-267],[-130,-348],[141,-123],[182,363],[84,-92],[96,22],[82,-179],[-226,-531],[-106,-353],[12,-150],[-131,-254],[-83,203],[-48,-115],[-240,-216],[-132,53],[-189,-147],[-349,288],[-15,254],[-87,93],[-217,-197],[28,-46],[-165,-226],[-68,106],[-68,-222],[-82,-89],[-126,114],[-46,-188],[-357,532],[-102,98],[-144,-144],[-323,500],[-164,-154],[68,224],[182,272],[-71,179],[-115,-129],[-806,1351],[832,1265]],[[35188,76727],[-183,115],[-97,-8],[-59,138],[102,280],[-41,220],[-127,-21],[-38,147],[-227,125],[53,326],[-119,24],[-416,-12],[-285,-106],[-174,72],[-215,-48],[-241,31],[-403,474],[-72,-15]],[[32646,78469],[43,299],[105,158],[-54,585],[199,-8],[18,147],[82,0],[67,-140],[146,99],[158,-113],[123,39],[22,-509],[52,-107],[262,-184],[203,-36],[202,253],[175,-63],[275,763],[-131,414],[404,118],[245,12],[252,-46],[313,63],[-57,166],[-141,74],[-72,183],[27,388],[-15,284],[155,12],[61,-87],[15,-231],[128,-88],[159,203],[223,-71],[133,76],[167,-4],[10,623],[72,227],[68,375],[-9,240],[86,51],[-144,222],[-317,207],[72,197],[-53,14],[-2,244],[50,111],[-41,342],[227,-31],[277,-223],[259,-89],[83,124],[79,-32],[151,117],[-84,79],[89,89],[-139,127],[63,154],[165,-18],[145,73],[-14,-267],[65,-242],[74,-109],[115,23],[298,-171],[205,-50],[120,-223],[108,-347],[-88,-81],[-163,-356],[13,-199],[-114,-85],[-204,-352],[-49,-456],[75,-142],[-27,-377],[-114,-591],[-356,-350],[-153,-34],[-526,50],[52,-469],[46,-734],[-84,-39],[50,-236],[136,-7],[54,-666],[1238,254],[608,-177],[137,-554],[195,-411],[247,-319],[268,-20],[62,-198],[286,35],[68,-109],[184,67],[31,549],[60,313],[97,262],[91,62],[350,45],[187,96],[142,379],[285,283],[195,72],[86,112],[128,-32],[168,159],[61,-48],[11,228],[-166,163],[-60,207],[134,107],[55,182],[124,-3],[-2,247],[116,57],[271,-321],[65,80],[131,-202],[249,199],[70,-18],[187,164],[90,137],[-39,187],[297,227],[145,-35],[-22,82],[170,239],[-259,493],[42,54],[-113,523],[129,267],[115,139],[-21,195]],[[44109,82249],[78,18],[35,211],[134,168],[130,-173],[57,-275],[-36,-109],[126,-155],[70,-285],[-2,-290],[60,-215],[16,-244],[-34,-282],[-67,278],[-430,-300],[200,-169],[44,26],[175,-293],[164,26],[32,-146],[177,-70],[180,-137],[66,-335],[-7,-223],[221,-113],[10,102],[137,-9],[93,-574],[-24,-318],[-70,-460],[-82,-192],[-86,-38],[-58,-174],[-128,-190],[56,-140],[-24,-215],[-174,-224],[74,-299],[-47,-136],[-298,-209],[-139,-208],[-21,87],[-202,-192],[23,-189],[-434,-153],[-183,-91],[-24,369],[37,225],[-23,157],[-197,-14],[-434,81],[-196,289],[0,101],[-178,-330],[-121,-378],[-21,-226],[60,-138],[-332,-486],[-211,49],[-251,-213],[-399,-1266],[-78,-394],[-174,-311],[-183,-131]],[[31296,80183],[73,361],[15,320],[68,104],[-41,109]],[[31411,81077],[112,-4],[145,148],[230,38],[79,236],[163,92],[150,200]],[[32290,81787],[97,-135],[278,147],[49,-140],[187,-290],[80,-334],[60,-86],[-2,-183],[-66,-149],[-34,-256],[-64,-156],[-203,-86],[-238,84],[-152,-168],[-133,-7],[-580,152],[-273,3]],[[34278,84629],[34,-192],[150,-93],[276,25],[18,-324],[82,5],[7,-304],[-78,-338],[-87,-16],[-38,-206],[71,-636],[-363,-24],[-120,-108],[-305,51],[-319,-202],[-265,-88],[-307,-215],[-162,374],[-47,238]],[[32825,82576],[117,289],[108,145],[-9,152],[-96,97],[-59,-55],[-88,214],[-41,-31],[-278,231],[-179,-114],[17,175],[220,626],[62,92],[269,-238],[86,-156],[134,-74],[114,22],[193,-434],[113,-22],[275,124],[122,294],[176,106],[-2,155],[200,166],[-50,257],[49,32]],[[36993,87570],[-104,27],[-256,-148],[13,-261],[83,-194],[-42,-522],[-62,37],[-184,-256],[-70,-202],[-250,-561],[-110,6],[-24,411],[-130,226],[72,251],[17,230],[-156,80],[-330,81],[-207,-52],[78,429],[57,-25],[68,244],[-203,372]],[[35253,87743],[82,243],[-31,162],[194,241],[409,-88],[8,299],[88,408],[208,-115],[139,-131],[-9,-354],[242,9],[79,-57],[195,219],[256,459],[81,50],[-28,145],[86,138],[214,-83],[258,-164],[172,0],[172,324],[237,103],[-81,-156],[-140,-70],[-261,-437],[7,-113],[191,-121],[67,-437],[127,-125],[-78,-296],[-56,280],[-114,-108],[-131,-265],[-48,106],[-249,-77],[-236,-224],[-150,66],[-113,142],[-47,-146]],[[32646,78469],[-77,-36],[-478,68],[100,211],[-58,235],[21,224],[-343,137],[-68,334],[-159,-19],[-104,472],[-184,88]],[[32290,81787],[57,242],[113,135],[35,290],[86,-4],[244,126]],[[34278,84629],[-39,352],[-221,322],[-29,263],[125,-332],[292,122],[46,-100],[112,9],[-3,172],[166,411],[-77,275],[-74,-18],[-116,130],[-207,-302],[-163,-2],[-92,408],[22,162],[191,247],[250,69],[273,416],[110,50],[237,311],[172,149]],[[36993,87570],[92,-81],[218,-526],[86,-114],[206,-96],[144,-455],[273,-157],[355,5],[381,331]],[[38748,86477],[37,-153],[204,-35],[61,-136],[130,-62],[82,-225],[285,-125],[169,43],[188,-66],[362,-215],[161,-59],[-49,-279],[22,-340],[90,-144],[2,-148],[-126,-353],[69,-19],[95,150],[89,-28],[-6,187],[87,-123],[114,11],[162,383],[196,203],[111,262],[73,35],[24,958],[131,21],[136,-91],[160,142],[108,-103],[115,-314],[32,-379],[120,-6],[62,150],[97,21],[-21,-477],[53,38],[128,-273],[176,-71],[76,-244],[65,-53],[28,-252],[113,-202],[18,-366],[141,-6],[135,-107],[191,28],[146,-92],[267,213],[48,-60],[-84,-208],[20,-160],[-100,-753],[191,85],[194,-251],[-17,-180]],[[31296,80183],[-406,46],[21,155],[-86,60],[-293,378],[-19,137],[-176,35],[-138,94],[12,389]],[[30211,81477],[74,80],[196,-26],[139,-243],[233,-116],[303,17],[255,-112]],[[57468,89495],[80,-117],[109,54],[71,-133],[170,31],[120,283],[80,23],[28,198],[64,-32]],[[64359,92285],[-65,-50],[-158,106],[-101,-103],[-65,-232],[-146,50],[-130,142],[204,369],[-300,223],[-61,273],[-177,208],[-294,162],[-154,-55],[-164,74],[-146,-129]],[[62602,93323],[-53,217],[71,394],[71,199],[133,-7],[91,84],[-83,160],[-184,45],[-2,250],[-157,157],[-78,-45],[-387,110],[73,324],[-64,239],[240,190],[61,222],[182,139],[159,-82],[-57,372],[220,182],[45,-363],[87,-33],[-165,-299],[170,-30],[131,-313],[142,65],[3,-98],[-140,-175],[117,-130],[126,54],[76,130],[271,-178],[65,-379],[103,60],[174,-33],[160,73],[97,-71],[-67,-119],[139,-249],[-33,-118],[-267,-57],[83,162],[-62,111],[-74,-113],[-41,116],[-150,-55],[-23,-159],[152,-83],[-24,-189],[-113,-169],[-19,-213],[225,-45],[157,-231],[132,-278],[58,-489],[-14,-290]],[[61109,94181],[-227,-98]],[[60882,94083],[-6,213],[-140,63],[18,241],[-75,151],[-33,287],[-120,273],[-261,-171],[15,-116],[-140,-39],[-149,219],[-143,-117],[-143,131],[35,-271],[175,-157],[59,-350],[-181,-285],[-217,-41],[119,-167],[-11,-107]],[[58428,92991],[6,157],[-190,34],[-93,-288],[-173,-61],[-178,-213],[-145,148],[-147,39],[-22,231],[-55,19],[-319,-137],[-167,-214],[51,-315],[-169,144],[-8,165],[-141,-141],[101,-427],[41,-65],[-29,-222],[-208,-61],[-206,127],[-104,-43],[-342,20],[24,-248],[-96,13],[-56,137],[-102,-45],[-48,253],[-170,-7],[108,-222],[-145,-117],[149,-133],[-170,-30],[-89,185],[-52,290],[75,378],[-34,48],[-182,-219],[-82,109],[-189,-53],[-183,181],[-80,198],[-209,275],[-250,-27],[-149,414],[65,211],[166,46],[102,213],[-56,220],[-132,302],[-127,61],[-44,130],[245,490],[228,167],[196,306],[272,296],[176,-41],[29,405],[-78,3],[-70,389],[136,232],[52,379],[200,210],[95,421],[385,522],[154,-130],[135,147],[157,36],[19,94],[220,-287],[57,235],[83,149],[136,-7],[180,176],[262,158],[201,-211],[17,-129],[320,185],[-63,255],[15,146],[-291,163],[40,630],[95,159],[115,-125],[48,-315],[276,147],[104,-194],[196,206],[275,-91],[106,-138],[-18,-120],[94,-64],[-37,-297],[-104,-85],[-13,-192],[82,-266],[96,-39],[-86,-494],[125,-179],[60,-227],[85,-51],[240,347],[116,91],[-46,77],[164,244],[-110,29],[43,370],[-99,279],[23,393],[64,192],[167,94],[70,-220],[-61,-219],[96,0],[119,-197],[87,0],[198,-131],[63,-232],[-4,-167],[121,-176],[-111,-158],[106,-450],[-9,-104],[110,-167],[112,31],[28,149],[174,199],[161,90],[263,-140],[101,-156],[-40,-86],[241,-241],[37,-252],[-46,-83],[-350,-34],[-75,-234],[-127,-120],[-68,-433],[152,-435],[332,-154],[68,-111],[-96,-236],[-122,-743],[35,-200]],[[74666,71905],[-248,5],[-184,-134],[-112,68],[-85,202],[-154,194],[35,119],[-98,70],[-163,-118],[-108,162],[-84,23],[-96,229],[-171,-28],[71,80],[-128,167],[-145,-76],[-97,-155],[-144,-105],[-207,138],[-64,-43],[-239,22],[-357,261],[-235,284],[42,183],[195,217],[166,426],[-162,337],[-26,141],[39,270],[-78,274],[-58,467],[325,260],[156,213],[-189,525],[-72,39],[-336,-196],[-16,149],[-153,273],[190,415],[-258,-125],[-24,260],[-66,190],[171,-47],[195,24],[108,154],[3,161],[182,258],[-42,149],[34,161],[-51,262],[80,140],[214,15],[-3,384],[265,189],[247,91],[72,-116],[140,125],[105,-103],[51,93],[254,-123],[445,-173],[361,130],[202,180],[145,-105],[250,90],[153,125],[81,-61],[72,105],[216,164],[158,-11],[254,-141],[71,-183],[206,-8],[158,85],[84,144],[76,-16],[208,105],[90,124],[68,218],[-63,190],[106,167],[-54,423],[53,252],[182,-23],[190,-148],[22,85],[227,122],[149,184],[240,13],[246,180],[140,53],[226,274],[235,132],[102,-19],[55,117],[105,26],[-83,131],[-30,238],[147,310],[222,53],[100,-95],[-16,-201],[256,89],[88,-103],[322,12],[163,-67],[106,-191],[155,44],[24,-114],[317,-349],[205,-76],[201,-187],[1,-215],[-262,-141]],[[80728,81343],[-285,-15],[-262,-136],[3,75],[-478,-87],[-57,231],[-106,2],[-119,-233],[-5,-115],[367,-302],[-174,-171],[348,-92],[-31,-263],[92,-106],[-120,-127],[55,-38]],[[79956,79966],[-214,-288],[-394,-372]],[[79348,79306],[-98,133],[-187,448],[196,87],[40,-105],[120,60],[111,-51],[30,-136],[192,101],[-33,290],[105,114],[-291,74],[-106,74],[-105,252],[13,170],[-137,54],[-33,100],[-178,96],[-33,-299],[-170,-74],[-138,-143],[76,-331],[-91,-43],[221,-168],[-216,-211],[-147,-45],[-123,-158],[32,-248],[-71,-145]],[[78327,79202],[-90,-375],[-43,-604],[46,-34],[-135,-252],[43,-62],[-42,-319],[77,-376],[11,-349]],[[78194,76831],[-345,143],[-178,-153],[-297,-15],[-464,501],[-150,-21],[-179,515],[16,200],[-186,-140],[-59,83],[-165,-37],[-231,318],[-27,144],[-127,100],[-104,-121],[-226,130],[-4,281],[-67,52],[-121,-136],[-274,52],[-188,-100],[183,-239],[25,-250],[-60,-93],[101,-266],[-22,-116],[109,-276],[-300,-174],[-173,-141],[58,-361],[-159,-60],[-121,-145],[-102,-504],[-386,-289],[-40,-222],[90,4],[76,-235],[-30,-156],[59,-178],[-75,-170],[45,-194],[-94,-300],[16,-281],[81,-75],[53,-205],[89,-100],[200,-650],[31,-372],[194,-674]],[[78194,76831],[-17,-878],[-51,-151],[-33,-411],[-126,-293],[76,-349],[-152,-193],[8,-137],[-66,-420],[25,-131],[-64,-237],[-128,-171],[-122,-361],[-134,-181],[-138,-276],[-205,-184],[-312,-480],[-105,-19],[-179,-174],[-222,-24],[-272,-444],[-238,-55],[-210,-127],[-403,481],[-302,58],[-158,231]],[[79348,79306],[-51,-143],[-120,-33],[-98,99],[48,168],[-59,85],[-741,-280]],[[80728,81343],[-237,-279],[-417,-310],[25,-209],[340,-357],[-187,-136],[-143,10],[-153,-96]],[[77600,61980],[132,-406],[547,-1276],[85,-438],[136,-368],[637,-1284],[-99,-121],[-142,16],[-321,-161],[-63,-152],[24,-634],[-307,-113],[-31,-204],[-64,5],[-91,-464],[-53,-132],[-158,-110],[-18,-259],[-117,-221],[-58,-274],[17,-243],[208,-170],[-126,-206],[-151,-90],[-98,-251],[-82,-79],[54,-421],[-64,-270],[-277,-2],[37,-243],[-75,-331],[-81,-88],[-242,340],[-105,251],[-174,153],[-322,205],[-317,71],[-197,173],[-123,51],[-451,-15],[-314,117],[-86,-69],[-99,188],[-369,-72],[-94,32],[-170,228],[-195,-15],[-171,81],[-150,-100],[-134,108],[-112,-9],[-192,-169],[-226,241],[-45,238],[-120,152]],[[65863,78261],[51,132],[198,155],[57,242],[165,-80],[68,324],[64,83],[83,341],[-41,227],[87,324],[117,82],[148,-57],[38,138],[38,466],[-50,92],[9,269],[82,-21],[112,258],[89,-48],[340,130],[73,244],[128,-236],[127,157],[93,-167],[6,243],[102,-65],[103,206],[122,-85],[128,33],[-40,117],[126,44],[-177,107],[-122,223],[-477,231],[-35,134],[91,92],[3,238],[-122,106],[-336,196],[-14,342],[-114,63],[176,293],[13,137],[116,28],[62,-90],[350,161],[149,230],[168,-325],[80,26],[39,-134],[154,256],[40,-86],[135,99],[87,-21],[160,139],[62,-153],[124,-485],[163,79],[333,23],[68,-243],[194,90],[-16,111],[288,106],[107,-66],[104,111],[151,12],[111,143],[91,350],[-44,162],[116,207],[51,-136],[83,93],[-63,-244],[100,-184],[160,138],[45,-304],[143,77],[204,-199],[242,14],[-71,-128],[53,-337],[95,-51],[114,240],[136,36],[176,-63],[-7,-110],[276,-45],[51,-213],[361,-59],[81,104],[248,135],[62,184],[126,-41],[20,-116],[237,-138],[359,450],[99,226],[8,329],[-76,184],[-143,-162],[-65,234],[52,205],[129,1],[35,166],[-112,34],[-180,258],[-15,-162],[-72,-13],[-173,-275],[-239,-24],[-202,88],[-59,196],[144,69],[110,-149],[-18,194],[67,25],[53,197],[-58,114],[226,103],[81,85],[111,-17],[31,116],[99,-35],[126,-181],[-17,273],[156,199],[210,-154],[20,63],[188,-36],[3,-225],[112,-225],[287,-19],[-16,-167],[-115,-44],[-103,-196],[56,-20],[-116,-211],[-106,-5],[-40,-204],[109,44],[97,-96],[230,-70],[37,189],[224,-187],[140,-36],[-30,-263],[-125,-118],[112,-108],[-113,-261],[187,104],[105,-26],[98,-216],[59,11],[78,-288],[116,-65],[126,357],[-32,183],[71,60],[48,329],[78,-5],[73,172],[185,-7],[80,236],[152,220],[87,46],[1566,2155]],[[78282,86999],[1141,-394],[69,-1876],[-16,-270],[107,-338],[311,-419],[159,-405],[180,-636],[89,-68],[113,57],[61,324],[79,-14],[143,-419],[167,-199],[427,-68],[223,-90],[102,-254],[-304,-534],[-15,-244],[98,-436],[50,-801],[-8,-208],[74,-11],[145,-362],[205,-169],[74,-126],[-9,-504],[-63,-186],[-182,-325],[-277,-172],[-335,-14],[-178,-113],[-50,59],[-394,-709],[-158,-387],[-199,-1144],[-95,-326],[-156,-300],[-276,-309],[-246,-390],[-41,-299],[-137,-466],[-290,-312],[-81,-151],[-3,-340],[-34,-207],[-208,-914],[-322,-852],[-64,-248],[-49,-468],[-196,-623],[-100,-857],[11,-163],[127,-816],[164,-499],[169,-412],[122,-607],[164,-1410],[-12,-314],[-112,-528],[-521,-693],[-239,-209],[-111,-143],[-59,-230],[84,-478]],[[77606,83964],[-180,314],[-330,185],[-92,85],[28,-201],[-43,-168],[117,-99],[-15,-82],[282,-103],[-34,-178],[267,247]],[[74974,85097],[27,-189],[-79,64],[52,125]],[[70621,17652],[-143,41],[-467,676],[-16,230],[-266,602],[-171,231],[-484,372],[-126,412],[-1,198],[-88,448],[-111,-94],[-76,215],[111,102],[37,1127],[-122,372],[-186,264],[-135,466],[-83,501],[16,139],[129,122],[165,488],[93,73],[65,303],[-207,475],[-45,158],[130,266],[-70,195],[104,362],[237,244],[144,60],[6,165],[87,231],[40,329],[-33,340],[50,110],[-97,531],[-79,263],[88,346],[110,209],[-127,335],[260,220],[-30,333],[-262,734],[11,239],[-55,341],[93,238],[85,601],[-34,143],[-187,388],[7,221],[-261,247],[-286,-200],[-150,30],[-185,221],[55,118],[-62,227],[-106,71],[-2,220],[-165,421],[-94,63],[-107,227],[-35,223],[26,329],[-65,447],[-79,204],[112,96],[-54,683],[119,392],[-31,146],[76,179],[0,209],[71,269],[121,195],[42,343],[142,68],[-21,272],[-204,266],[12,298],[-132,-47],[-161,209],[-101,-2],[-107,237],[-114,153],[-234,37],[-261,-145],[-235,-310],[-155,56],[-85,-56],[-58,404],[75,375],[-123,611],[-109,99],[-39,-399],[-218,-291],[-169,119],[-134,16],[-87,90],[-98,-161],[-153,-52],[-97,-155],[-42,-186],[40,-292],[217,-480],[-25,-218],[-166,-281],[-319,-239],[-126,-147],[-219,-119],[-42,-78],[-482,-248],[-249,-342],[-251,26],[-48,375],[-640,-407],[-852,553],[-62,-40],[-185,139],[-115,-173],[-143,-30],[-245,247],[-230,-301],[-269,135],[-51,270],[-101,95],[-129,-70],[-153,39],[-152,-63]],[[77600,61980],[6,161],[132,74],[48,-339],[174,379],[114,-137],[62,156],[84,-50],[218,59],[71,144],[496,224],[90,-47],[208,-363],[24,-325],[119,-98],[208,199],[200,75],[63,-61],[328,316],[83,-6],[67,147],[93,-57],[224,-359],[197,-118],[229,22],[105,113],[79,290],[281,-66],[148,55],[167,-18],[155,158],[206,-355],[294,-152],[130,80],[-16,-274],[274,-229],[123,10],[441,-134],[114,-226],[275,37],[145,69],[351,-23],[154,-339],[212,-113],[111,-224],[117,-135],[121,-12],[138,-109],[160,-254],[185,-95],[25,110],[246,61],[125,140],[42,177],[387,-72],[91,-177],[-235,-257],[68,-315],[342,-283],[8,-261],[69,-260],[-163,-247],[-7,-228],[-197,-370],[-1,-302],[-107,-217],[183,-294],[-56,-480],[2,-356],[90,-25],[-99,-281],[87,22],[319,-170],[208,-295],[178,20],[88,-201],[183,-214],[281,-201],[208,-57],[57,87],[215,97],[97,-217],[183,84],[41,92],[128,-35],[47,-426],[118,-47],[73,-142],[162,-33],[184,-143],[103,92],[157,31],[76,-194],[133,-122],[119,-347],[130,-68],[94,-324],[240,-231],[-65,-261],[34,-366],[165,-141],[310,65],[226,-91],[78,52],[113,-122],[-21,-354],[135,-133],[165,-416],[291,198],[33,124],[121,65],[109,-67],[232,16],[87,207],[208,-61],[70,-131],[112,164],[135,-29],[74,157],[115,27],[109,123],[23,124],[156,156],[76,210],[119,8],[106,-83],[338,116],[297,-48],[-41,155],[13,311],[58,241],[10,247],[-155,249],[-40,336],[157,253],[67,574],[96,214],[25,713],[568,-139],[594,-350],[63,-108],[80,240],[334,49],[32,265],[-254,458],[83,508],[295,78],[99,116],[52,530],[111,430],[120,237],[-4,198],[92,66],[72,355],[172,108],[357,-56],[244,391],[151,88],[209,-196],[83,-355],[199,-348],[169,-146],[168,-235],[-3,-331],[-66,-239],[-20,-240],[133,-162],[172,-39],[83,-81],[220,-86],[121,16],[64,-122],[215,-162],[204,-336],[223,-100],[-28,-433],[34,-130],[-40,-556],[-162,-281],[-29,-375],[-44,-128],[-17,-337],[-216,-465],[101,-198],[35,-357],[-16,-287],[-55,-259],[83,-669],[-64,-51],[-110,-325],[57,-274],[-141,-61],[-76,-224],[84,-263],[-99,-148],[42,-274],[-224,-774],[-192,-176],[-207,-38],[-73,-376],[-76,-93],[133,-90],[109,-194],[18,-169],[156,-334],[0,-240],[53,-244],[-53,-513],[-137,34],[-294,-374],[-235,-237],[-20,-93],[-231,-251],[182,-259],[43,-218],[169,-261],[-54,-482],[-168,-191],[-116,11],[-219,-802],[-198,-157],[165,-732],[-23,-203],[56,-353],[-14,-305],[92,-110],[5,-171],[75,-169],[41,-281],[-41,-99],[201,-176],[246,163],[512,55],[60,95],[363,-413],[475,-786],[175,-104],[-20,-211],[-145,-305],[61,-352],[-78,-297],[88,-135],[-96,-439],[28,-165],[-91,-135],[-130,-407],[-14,-196],[82,-279],[-149,-450],[27,-237],[-289,-111],[-12,-240],[-136,-276],[-344,314],[-67,194],[-355,500],[-71,-9],[-320,-305],[-60,-22],[-208,153],[-98,124],[-444,284],[-243,1],[-44,-311],[-264,-336],[-169,329],[-111,124],[-139,-166],[-170,-88],[-73,138],[-149,-22],[-154,147],[34,324],[-141,309],[-46,293],[-237,111],[-159,256],[-129,-56],[-210,-270],[-175,185],[-47,153],[-57,545],[7,190],[66,222],[306,675],[-304,589],[-104,254],[-32,421],[-304,-281],[-122,-269],[-91,-383],[-195,190],[-287,120],[-14,140],[-211,-98],[-433,-397],[-265,-73],[-177,-169],[-137,-27],[-63,-148],[-151,-138],[-310,104],[-153,176],[-93,6],[-78,-264],[57,-225],[-82,-165],[-15,-210],[92,-218],[8,-242],[-131,-353],[-373,-111],[29,-202],[119,-195],[-169,-327],[-131,-85],[-86,-441],[-96,-78],[-42,-147],[-327,-87],[-61,-187],[53,-257],[161,-169],[-71,-148],[77,-317],[-57,-467],[-104,-140],[-93,-23],[32,-310],[112,-205],[-76,-179],[-7,-295],[71,-128],[-112,-282],[-3,-192],[181,-324],[17,-298],[48,-71],[-45,-211],[-128,-145],[-106,-262],[15,-166],[-73,-97],[63,-223],[319,-93],[40,-124],[-6,-314],[141,-315],[216,140],[134,-158],[10,-219],[254,80],[187,-72],[41,179],[137,164],[186,-101],[39,154],[263,103],[46,-104],[224,-38],[87,-261],[54,-523],[113,126],[122,37],[147,-431],[-94,-115],[30,-727],[-45,-160],[-137,-129],[-289,67],[-330,-408],[-37,-419],[78,-427],[-127,-79],[-225,-326],[-111,-80],[8,-342],[-67,-154],[-20,-415],[179,-510],[78,-464],[158,-105],[212,-301],[117,-67],[-15,-180],[173,-286],[147,-62],[91,-244],[-49,-196],[177,-161],[-26,-249],[47,-299],[190,-236],[99,-418],[-35,-184],[-530,-748],[-110,-467],[-303,-280],[-78,40],[-118,-94],[-98,81],[-213,16],[-125,138],[-329,-34],[-163,-119],[-225,-418],[-176,154],[-97,242],[-322,228],[213,318],[2,300],[151,323],[-58,506],[-77,418],[-239,169],[-99,168],[-238,220],[-433,152],[-282,211],[-92,570],[95,52],[104,321],[-97,180],[74,125],[7,170],[-121,38],[-203,344],[-118,118],[78,251],[52,308],[113,271],[111,129],[-35,214],[39,235],[-51,62],[-195,-39],[-19,94],[-435,517],[-189,496],[61,234],[-129,51],[-410,-209],[-87,-161],[14,-210],[-125,-93],[-52,231],[-130,-10],[-200,520],[-467,-372],[-63,8],[-79,-263],[-259,-274],[-70,97],[-258,-78],[-92,74],[-74,-135],[-134,28],[-161,-61],[-28,-140],[-290,-441],[-196,-62],[-156,-226],[-199,-33],[-127,-135],[-67,20],[-154,-312],[-170,50],[-167,180],[-152,309],[-178,113],[-83,203],[-145,-58],[-308,-502],[102,-400],[-194,-298],[-17,-259],[180,-106],[-29,-431],[-149,-239],[-72,-429],[-9,-237],[-275,-110],[-181,151],[-99,-19],[-166,179],[-11,147],[-105,153],[-125,-159],[-47,-193],[-108,57],[-283,-207],[-23,-156],[-171,-147],[-141,-19],[-257,96],[-119,-51],[-185,359],[-246,63],[-142,-112],[-62,77],[-147,-39],[-129,80],[-228,276],[-65,-2],[-93,259],[-108,-24],[-119,-183],[-266,348],[-253,492],[-34,146],[-133,255],[-16,178],[-96,130],[-41,171],[-72,573],[6,172],[-176,232],[-48,312],[-88,133],[-249,115],[-81,195],[-352,160],[-49,79],[45,220],[-44,161],[91,58],[66,256],[-41,113],[-2,301],[-56,387],[-85,362],[-82,154],[-39,275],[72,550],[-7,245],[71,256],[-37,211],[5,844],[95,127],[45,184],[-37,457],[-37,96],[-277,-25],[-10,221],[261,20],[35,666],[-35,375],[50,171],[-105,-27],[-78,-157],[-459,-368],[-212,-465],[36,-142],[-43,-188],[-4,-298],[-132,-181],[-103,-270],[-90,-9],[-259,134],[-45,109],[-128,62],[-37,295],[-61,166],[-165,73],[-78,245],[-66,45],[-61,308],[102,177],[5,243],[-111,59],[-132,220],[-162,-263],[-86,55],[-265,-79],[-46,109],[-575,-96],[-127,-156],[-82,-12],[-223,-166],[-175,-20],[-100,-271],[-2,-204],[-100,-198],[69,-224],[-31,-395],[-45,-73],[15,-342],[77,-78],[-130,-322],[-147,-200],[-324,-111],[-84,-105],[39,-434],[-10,-260],[123,-237],[168,-196],[47,-194],[136,-120],[125,70],[32,-213],[67,-32],[57,-480],[-81,-86],[66,-93],[-134,-328],[61,-281],[128,-160],[-102,-347],[-58,-372],[12,-239],[111,-460],[298,-116],[40,-119],[-28,-190],[68,-299],[-157,-280],[16,-308],[128,-218],[-75,-197],[-46,-353],[-192,-109],[-77,-254],[43,-173],[12,-421],[-258,-393],[-99,-373],[-201,-194],[11,-271],[-49,-184],[-144,-148],[57,-229],[-87,-273],[48,-281],[-67,-174],[37,-153],[-37,-503],[-47,-120],[-247,75],[-222,-192],[-91,-23],[48,-262],[-66,-171],[-26,-310],[-98,-180],[-168,-17],[-94,-99],[-105,-452],[1,-168],[-63,-126],[11,-210],[57,-123],[-71,-153],[-1,-233],[-158,-220],[-121,-273],[-302,105],[-195,-103]],[[38748,86477],[132,132],[572,91],[190,88],[71,137],[339,204],[218,41],[294,228],[70,238],[241,308],[49,143],[56,470],[82,314],[113,48],[231,-101],[86,-176],[199,-4],[268,231],[208,78],[336,23],[192,-89],[245,-354],[168,-539],[-11,-188],[-79,-245],[64,-430],[117,-196],[219,-84],[118,17],[228,-139],[125,5],[67,132],[50,358],[86,168],[96,41],[166,-100],[234,-54],[362,64],[285,-89],[228,-211],[508,168],[116,83],[287,405],[262,24],[156,-246],[110,-86],[171,37],[182,241],[45,199],[56,551],[120,230],[150,74],[214,-33],[207,23],[63,122],[19,262],[178,181],[116,35],[203,-103],[171,158],[102,251],[203,122],[65,99],[126,406],[131,243],[129,88],[164,-12],[206,-196],[78,-505],[137,-28],[174,334],[188,4],[261,121],[96,-239],[75,-53],[251,101],[236,-55],[201,-237],[-54,-596],[69,-252],[113,-161],[122,-64],[135,-198],[178,-354],[190,-131],[341,1],[291,-36],[403,-141],[111,-82],[90,279],[138,261],[159,18],[243,-223],[312,-234]],[[59841,93788],[156,120],[268,414],[197,-113],[212,-186],[208,60]],[[61109,94181],[115,4],[544,-176],[214,-176],[134,-228],[352,-301],[134,19]],[[64359,92285],[226,-94],[200,-247],[171,27],[104,97],[316,127],[110,101],[351,78],[80,140],[342,239],[165,173],[127,64],[117,228],[219,89],[204,149],[292,308],[142,102],[213,5],[440,-194],[601,-203],[267,66],[251,-95],[410,-469],[508,-223],[155,168],[213,-80],[51,-181],[230,-386],[117,-40],[250,177],[351,-107],[260,-12],[920,182],[3046,-1929],[2224,-3460],[250,-86]],[[53542,31851],[-55,384],[77,104],[-9,187],[156,119],[-74,273],[-70,112],[194,471],[-67,332],[14,157],[143,-24],[50,-95],[220,21],[73,98],[116,-105],[265,220],[249,-80],[49,78],[146,545],[89,22],[100,147],[127,321],[149,285],[117,93],[-10,126]],[[70621,17652],[-58,-364],[-158,-86],[-193,-278],[-138,-87],[-37,-171],[-134,-261],[-126,-505],[-170,13],[-180,-147],[-172,-243],[-180,-87],[-86,-128],[-148,-82],[-140,-166],[364,-1386],[13,-171],[-117,-414],[-125,-193],[-4,-487],[-96,-141],[-303,-90],[-222,89],[-116,-177],[-118,1],[-236,-302],[-145,-2],[-106,-142],[-7,-341],[-169,-295],[-45,-366],[35,-164],[309,-534],[45,-756],[74,-372],[-124,-54],[-6,-157],[-102,-98],[-143,23],[-1,-240],[-157,-177],[-199,39],[19,-312],[-160,-209],[122,-192],[433,-288],[22,-476],[55,-81],[-114,-284],[51,-158],[169,-157],[-68,-459],[166,17],[68,-118],[156,-5],[143,66],[131,-346],[244,35],[-28,-246],[207,-189],[178,-65],[-26,-271],[34,-339],[219,149],[44,-271],[-82,-48],[-78,-209],[-80,13],[34,-170],[-37,-181],[-125,-140],[-127,-343],[-205,-18],[-174,-625],[1,-206],[55,-207],[-242,-391],[-113,-354],[43,-217],[-111,-505],[48,-110],[-59,-110],[-212,60],[-98,-193],[-300,93],[-131,145],[-95,-45],[67,625],[-66,-37],[-167,252],[-104,-152],[-122,37],[-66,-202],[-264,195],[20,146],[-292,216],[-213,-114],[-121,-117],[-106,-279],[-190,42],[-188,-184],[42,591],[409,930],[285,301],[-85,161],[-101,-119],[-49,232],[-61,639],[-113,347],[-56,7],[-66,228],[76,324],[-229,740],[-150,1],[-247,458],[-77,261],[12,251],[79,237],[-4,651],[-68,212],[-338,-120],[-74,138],[-166,104],[-57,200],[-109,41],[-238,353],[-119,231],[-11,177],[-256,332],[-253,-17],[-136,155],[-37,-46],[-428,112],[-60,-148],[-93,13],[158,941],[278,698],[309,174],[183,442],[41,372],[61,-52],[61,161],[-157,155],[137,216],[210,-138],[232,659],[-56,702],[-113,31],[-101,198],[-195,146],[-269,533],[-129,191],[-208,198],[-136,-333],[-370,-26],[-327,329],[-154,37],[-123,184],[-293,859],[-396,-594],[-209,-658],[-372,209],[-257,32],[-104,200],[-25,205],[-261,-44],[-245,172],[-28,168],[-182,368],[-603,-94],[-197,9],[-44,266],[-1,296],[-111,119],[-47,152],[-206,234],[13,180],[133,147],[64,314],[-326,47],[-2,241],[-87,88],[-105,-66],[-126,154],[-83,608],[-128,358],[-217,104],[-19,306],[-266,265],[-104,336],[-85,707],[-236,178],[-107,-88],[-155,77],[-174,221],[-331,211],[-203,8],[-206,136],[-49,161],[-52,417],[-207,133],[-222,83],[-57,276],[131,178],[14,171],[164,121],[-135,529],[-340,681],[-12,204],[-133,320],[105,197],[177,97],[-34,142],[60,156],[-7,277],[50,193],[227,92],[39,296],[89,73],[111,270],[-20,546],[-49,444],[67,231],[120,198],[-72,305],[-11,595],[-119,337],[223,459],[-166,345],[-5,165],[111,276],[-114,299],[-105,116],[-35,154],[72,398],[-57,195],[133,221],[59,188],[-107,170],[13,219],[-202,237],[-23,184],[-125,235],[-165,-50],[-10,74],[-376,-161],[-85,-109],[-220,-29],[-107,-172],[-132,-2],[-78,-163],[-180,32]],[[66567,7220],[83,455],[-69,248],[48,339],[-255,67],[-185,-964],[233,-153],[145,8]],[[19069,30595],[-3068,1366],[-3589,102],[-2060,-2039],[-1994,-607],[-1813,-2176],[-256,-845]],[[6289,26396],[-755,579],[-159,38],[-46,218],[-225,-4],[-161,225],[-130,-112],[41,-117],[-113,-82],[35,-181],[174,-109],[123,-161],[192,-37],[-39,-244],[230,-252],[78,-18],[559,-399]],[[6093,25740],[-285,-937]],[[5808,24803],[-459,-1379],[-622,495],[-377,246],[-279,280],[-333,627]],[[3738,25072],[24,198],[85,115],[123,416],[54,380],[233,171],[195,415],[-5,165],[79,282],[193,330],[-105,303],[-84,89],[-41,245],[-217,-86],[-309,523],[-491,608],[11,-161],[-189,151],[-115,254],[-45,193],[-680,318],[-74,65],[240,784],[232,441],[-22,340],[-211,299],[44,200],[-75,132],[-14,292],[98,91],[438,705],[349,1422],[173,354],[368,685],[148,-129],[203,432],[-107,138],[174,297],[-405,623],[-598,954],[237,370],[97,274],[280,385],[227,263],[102,70],[165,309],[107,26],[288,288],[27,204],[189,252],[156,148],[-2,71],[177,324],[90,1],[104,230],[96,65],[61,165],[172,146],[130,343],[749,1082],[66,138],[-25,176],[186,197],[116,191],[333,203],[571,580],[81,9],[313,209],[230,240],[40,164],[132,235],[94,-59],[160,122],[-6,224],[80,116],[196,-5],[117,197],[47,292],[-65,124],[133,234],[136,142],[79,-34],[439,214],[146,141],[190,276],[-7,223],[210,305],[79,53],[-10,223],[147,489],[-521,661],[-84,545],[214,198],[-24,395],[64,390],[386,988]],[[11110,51918],[118,-38],[24,-151],[345,-63],[908,506],[93,103],[226,419],[173,92],[141,215],[163,44],[242,247],[372,265],[231,-31],[372,271],[275,-11],[406,879],[37,221],[468,487],[366,279],[790,517],[57,-252],[-132,-766],[-16,-493],[95,-33],[420,-533],[-46,-515],[48,-5],[-15,-254],[-153,-557],[162,186],[305,-70],[580,-904]],[[20058,54830],[668,795]],[[27896,25674],[-713,-1273],[6,-446],[166,-294],[-47,-173],[-186,-144],[68,-492],[-109,-219],[-143,-10],[-356,-734],[-146,-55],[-64,-182],[-25,-236],[-241,-328],[-117,-67],[-224,15],[-64,-388],[15,-285],[-57,-35],[-255,-554],[-267,-228],[-176,-286],[-186,-95],[-188,68],[-160,-79],[-103,-168],[-308,-277],[-254,-135],[-119,236],[-125,347],[-212,296],[-44,248],[-48,547],[-100,57],[-47,403],[-136,263],[-158,466],[-47,366],[-170,252],[-270,469],[-70,219],[-59,551],[-104,243],[-153,230],[-261,281],[-127,984],[7,357],[-59,343],[-228,423],[-103,39],[-229,-52],[-132,39],[-83,135],[-145,401],[-127,202],[2,144],[103,428],[-30,459],[-95,207],[-133,143],[-280,476],[-97,236],[-737,1470],[-77,113]],[[5034,26515],[-190,264],[-71,-89],[-113,-343],[92,-105],[70,311],[152,-152],[60,114]],[[21425,57025],[1639,1685],[831,-344]],[[53542,31851],[-88,-82],[-122,128],[-182,-54],[-220,-222],[-131,-306],[-183,-242],[-103,-234],[-217,-229],[-53,-114],[-329,-98],[-71,130],[-84,-131],[-128,-450],[-205,-282],[127,-184],[96,-9],[156,-129],[82,93],[131,-260],[31,-209],[-69,-153],[13,-136],[93,-128],[-82,-119],[-52,-337],[-135,-113],[-93,34],[-147,-230],[-172,-195],[-97,-192],[-206,165],[-212,-118],[-82,-179],[96,-192],[10,-265],[-125,-148],[64,-143],[-67,-42],[-152,62],[-75,-87],[0,-199],[-191,-58],[-115,48],[-253,-304],[-49,-225],[66,-188],[-55,-139],[-170,-189],[5,-179],[-85,-134],[13,-191],[-284,-376],[-95,63],[-174,-115],[-169,-184],[-86,14],[-297,-85],[-101,35],[-194,221],[-233,27],[-225,-333],[-155,-152],[-45,-262],[-108,-294],[-157,-71],[-208,-414],[-242,-237],[4,-227],[-119,-75],[20,-150],[136,-181],[270,-71],[37,-150],[189,-7],[66,-544],[57,-121],[102,-10],[89,-325],[199,-162],[120,-9],[101,-739],[173,-435],[1,-351],[39,-239],[92,-78],[176,-355],[-3,-280],[-156,-167],[-27,-214],[-128,-196],[-34,-414],[72,-159],[47,-318],[-104,-340],[-132,-209],[-117,-70],[-69,79],[-222,-75],[-248,-283],[-12,-620],[-145,-307],[-180,-21],[-37,-122],[-375,-144],[-242,46],[-261,-201],[-185,10],[-109,-106],[-220,9],[-12,-296],[-93,-271],[-9,-404],[-148,-341],[-17,-262],[58,-146],[-11,-177],[90,-343],[82,-460],[78,-152],[-222,-170],[-291,-478],[125,-323],[-142,-286],[49,-176],[-22,-174],[-248,8],[-30,-199],[-126,-310],[-3,-117],[-109,-182],[-259,164],[-419,-168],[-195,76],[-177,-6],[-178,-67],[-145,63],[-167,-75],[-229,53],[-109,-412],[-69,-38],[-121,-292],[-27,-184],[-351,-266],[69,-479],[-125,-303],[49,-182],[-10,-234],[-142,-91],[-54,-548],[192,-482],[-88,-321],[-148,-48],[-61,-153],[-126,216],[-175,-26],[-200,83],[-93,-15],[-96,145],[-228,116],[-264,-200],[-125,-216],[-105,-68],[-130,154],[-40,194],[-105,158],[-218,132],[-171,346],[-404,135],[-66,62],[-40,-255],[-73,-194],[-149,-182],[-32,-229],[-322,-10],[-167,256],[-19,193],[-91,103],[52,676],[-294,343],[-163,4],[-167,104],[-78,194],[-26,215],[-192,444],[-236,137],[-402,-332],[-428,114],[-217,-149],[-361,98],[-147,-21],[-129,208],[5,259],[-55,262],[-76,99],[-185,-5],[-114,-84],[-257,17],[-94,-108],[-96,-381],[106,-695],[-71,-254],[-104,-123],[-85,105],[-140,-23],[-189,181],[-35,129],[-143,-173],[-143,-21],[-132,173],[-61,-249],[-179,-74],[-209,-167],[-155,-243],[71,-563],[-120,-130],[-229,102],[-72,-172],[-209,-40],[-112,-205],[-156,-385],[-167,-243],[-96,-28],[-32,-125],[-124,-50],[-90,-126],[-118,19],[-90,119],[-86,-150],[-2,-150],[-142,-299],[-182,-146],[-156,206],[-207,173],[-116,-41],[-108,208],[3,158],[-127,54],[-142,185],[-270,-220],[-184,-38],[-123,79],[-39,246],[-236,52],[-80,-31],[-165,239],[-87,-67],[-24,-144],[-103,-117],[-174,-720],[-122,-56],[-320,-577],[-77,2],[-102,242],[-191,-161],[-252,102],[-66,-118],[-167,-13],[-54,-280],[-121,-162],[-87,-30],[-131,-223],[-53,-268],[64,-361],[-222,-217],[-150,77],[-98,158],[-96,-21],[-290,419],[50,259],[-146,139],[-87,-2],[-286,-201],[-145,-168],[-16,-186],[-237,-234],[-110,-200],[-202,-41],[-166,56],[-71,114],[-62,415],[-54,92],[45,200],[-205,351],[-112,98],[-81,259],[2,247],[-272,246],[4,470],[-79,197],[-161,103],[-189,352],[-67,430],[-136,375],[63,320],[-32,389],[-49,180],[-270,113],[-114,122],[-185,432],[22,167],[241,178],[43,191],[-163,334],[-77,32],[9,216],[-42,283],[-127,206],[-86,-116],[-107,46],[-232,224],[-101,794],[-217,279],[-100,271],[-80,-33],[-181,560],[-110,505],[-148,-39],[-172,246],[39,447],[-84,99],[-105,-128],[-102,28],[-120,-278],[-254,-468],[-268,-90],[-89,-283],[-168,102],[-162,161],[-67,219],[10,177],[171,697],[235,223],[-69,241],[75,320],[-194,510],[184,383],[88,271],[-45,237],[138,529],[-201,96],[-179,-123],[-134,144],[-161,-39],[-386,77],[-182,121],[-89,181],[-436,-75],[-90,-87],[-185,362],[-130,-58],[-68,71],[-74,555],[-90,325],[52,277],[-10,170],[293,482],[38,254],[112,218],[-120,717],[-75,335],[143,540],[72,63],[72,239],[112,180],[-8,438],[203,103],[143,324],[69,383],[254,186],[76,133],[-13,213],[120,350],[-20,399],[121,298],[-18,215],[-98,302],[-112,118],[-155,-120],[-81,216],[-81,39],[-121,238],[-84,2],[-51,148],[40,164],[-115,295],[-401,439],[-148,-4],[-54,300],[30,123],[-52,191],[-266,7],[-1,176],[-111,400],[-157,289],[-39,254],[27,300],[202,266],[242,34],[316,635],[-5,167],[-90,192],[424,2021]],[[11110,51918],[98,1953],[-147,531],[-366,847],[-119,192],[-67,342],[264,249],[325,485],[57,202],[181,331],[50,160],[194,365],[338,505],[182,-405],[301,235],[417,142],[349,215],[224,76],[207,145],[513,514],[289,-82],[196,49],[343,328],[146,218],[75,192],[209,739],[116,255],[429,446],[189,110],[227,4],[327,534],[178,211],[-159,57],[-80,228],[-174,45],[-51,158],[-152,220],[40,108],[140,54],[167,478],[-97,76],[243,288],[37,104],[140,48],[83,119],[119,-109],[170,44],[96,95],[63,337],[-108,262],[-31,218],[173,83],[102,214],[281,290],[223,37],[79,121],[243,128],[172,155],[204,111],[37,204],[142,5],[117,242],[96,82],[85,222],[55,-2],[188,203],[45,198],[163,80],[218,473]],[[19904,67682],[56,17]],[[5808,24803],[482,-368],[164,-151],[-8,-356],[96,-217],[-152,-249],[-135,-150],[-36,-323],[101,-150],[137,-491],[262,-409],[-15,-160],[140,-201],[273,187],[126,155],[163,423],[100,38],[-54,-271],[25,-117],[125,-55],[207,66],[-93,-248],[72,-64],[19,-297],[-347,-961],[-399,-486],[-238,-94],[-246,-216],[-125,-206],[-322,69],[-365,-424],[-73,-207],[-164,-81],[-185,-423],[-65,15],[-141,-133],[-66,-160],[61,-605],[-296,-405],[-161,-67],[-350,-265],[-162,-337],[-84,28],[-123,-213],[-196,-34],[-120,111],[-486,65],[-161,387],[-358,-134],[-74,48],[-448,66],[-71,-194],[-67,-373],[-60,54],[-156,-227],[-168,196],[-286,126],[-253,-51],[-216,125],[-249,-115],[-12,-251],[-128,-227],[-137,-36],[-107,-116],[-96,36],[-80,-119],[-27,208],[218,256],[-29,378],[99,359],[93,218],[158,521],[30,307],[66,45],[76,-142],[73,432],[79,179],[-85,228],[-134,60],[-67,116],[-409,303],[44,126],[160,153],[-81,207],[113,408],[88,108],[325,-71],[15,128],[-68,191],[124,28],[82,-115],[150,169],[3,158],[129,199],[272,133],[188,261],[278,-351],[153,402],[149,267],[76,44],[135,-229],[86,113],[234,167],[90,-24],[300,-434],[100,159],[59,-52],[337,577],[-67,149],[17,227],[-85,249],[-172,333],[68,113],[-217,298],[20,281],[-48,44],[263,495],[103,-20],[67,280],[-70,124],[38,211],[-16,294],[128,243]],[[6289,26396],[-196,-656]],[[19904,67682],[-110,64],[-110,-38],[-145,115],[-23,166],[511,434],[73,242],[149,1],[19,385],[77,153],[35,211],[287,386],[301,340],[77,178],[290,219],[95,306],[112,111],[145,9],[66,161],[17,210],[103,69],[167,232],[-169,310],[-25,204],[55,102],[51,307],[-29,171],[41,165],[-248,871],[138,215],[130,73],[197,-40],[138,58],[106,-67],[80,247],[159,-41],[108,64],[170,-34],[150,266],[104,9],[65,337],[110,300],[-57,297],[-86,47],[1,178],[369,99],[175,104],[249,-85],[240,386],[-72,46],[27,159],[101,70],[55,194],[-118,130],[-140,45],[58,223],[-66,474],[-138,148],[-195,-23],[-25,299],[-285,39],[-55,129],[-145,-16],[-115,-251],[-223,-207],[-285,3],[-191,-183],[-80,47],[-118,-85],[-275,-14],[-34,47],[-213,-111],[-193,43],[-178,-141],[-141,1],[-60,94],[-308,96],[-134,-40],[-28,-111],[-215,-180],[-109,-19],[-18,251],[90,224],[39,258],[-26,308],[263,341],[-14,87],[198,34],[177,193],[-53,502],[130,59],[52,295],[-92,72],[128,92],[404,-27],[86,506],[-25,716],[-30,172],[340,69],[70,-67],[187,200],[89,469],[246,97],[166,-66],[134,83],[143,222],[-88,145],[78,258],[-16,257],[-189,-23],[25,243],[-97,90],[-44,159],[46,250],[-4,305],[-57,247],[74,158],[257,233],[351,191],[168,24],[62,-146],[199,-116],[16,-76],[172,33],[144,-149],[201,1],[241,-148],[78,-206],[110,48],[260,287],[192,-26],[253,39],[100,81],[256,346],[222,-76],[321,-300],[171,-291],[197,-49],[371,93],[329,135],[27,-109],[-252,-176],[-135,-532],[-158,-477],[36,-262],[-21,-240],[-118,-587],[-55,-151],[216,-75],[266,-161],[86,-167],[222,-27],[426,246],[141,-37],[146,-262],[17,-282],[135,-110],[2,-288],[189,185],[360,153],[266,382],[213,-76],[166,145],[71,137],[197,-40],[321,96]]],"transform":{"scale":[0.00004535993181434581,0.000019902622492771465],"translate":[5.956088145946119,45.818234030032016]}}