{"type":"Topology","objects":{"cantons":{"type":"GeometryCollection","geometries":[{"type":"Polygon","id":1,"properties":{"id":1,"name":"Zürich","abbr":"ZH"},"arcs":[[0,1,2,3,4,5,6,7,8,9,10,11]]},{"type":"MultiPolygon","id":2,"properties":{"id":2,"name":"Bern","abbr":"BE"},"arcs":[[[12,13,14,15,16,17,18,19,20,21,22,23,24,25,26,27],[28],[29]],[[30,31]],[[32]],[[33,34]]]},{"type":"Polygon","id":3,"properties":{"id":3,"name":"Luzern","abbr":"LU"},"arcs":[[35,36,37,38,39,40,41,42,43,44,45,46,-23,47,48,49]]},{"type":"Polygon","id":4,"properties":{"id":4,"name":"Uri","abbr":"UR"},"arcs":[[50,51,-27,52,53,54,55,56,57,58]]},{"type":"Polygon","id":5,"properties":{"id":5,"name":"Schwyz","abbr":"SZ"},"arcs":[[-56,59,-42,-41,-40,-39,-38,60,61,-10,-9,62,63,64,-57]]},{"type":"MultiPolygon","id":6,"properties":{"id":6,"name":"Obwalden","abbr":"OW"},"arcs":[[[-24,-47,65,66,67]],[[-53,-26,68]]]},{"type":"Polygon","id":7,"properties":{"id":7,"name":"Nidwalden","abbr":"NW"},"arcs":[[-69,-25,-68,-67,-66,-46,-45,-44,-43,-60,-55,-54]]},{"type":"Polygon","id":8,"properties":{"id":8,"name":"Glarus","abbr":"GL"},"arcs":[[69,70,71,72,-58,-65]]},{"type":"Polygon","id":9,"properties":{"id":9,"name":"Zug","abbr":"ZG"},"arcs":[[-61,-37,-36,73,-11,-62]]},{"type":"MultiPolygon","id":10,"properties":{"id":10,"name":"Fribourg","abbr":"FR"},"arcs":[[[74,-14,75,76,77,78,79,-32,80,81],[-33]],[[82]],[[83]],[[84,85,86,87]],[[-29]]]},{"type":"MultiPolygon","id":11,"properties":{"id":11,"name":"Solothurn","abbr":"SO"},"arcs":[[[-35,88,89,90,-21]],[[-30]],[[91,92,93]],[[94,95]]]},{"type":"Polygon","id":12,"properties":{"id":12,"name":"Basel-Stadt","abbr":"BS"},"arcs":[[96,97]]},{"type":"MultiPolygon","id":13,"properties":{"id":13,"name":"Basel-Landschaft","abbr":"BL"},"arcs":[[[98,-94,99,-95,100,-97,101,102,-90]],[[-92,103,104]]]},{"type":"MultiPolygon","id":14,"properties":{"id":14,"name":"Schaffhausen","abbr":"SH"},"arcs":[[[105,-2]],[[106,107,108,109]],[[110,111,-4,112]]]},{"type":"Polygon","id":15,"properties":{"id":15,"name":"Appenzell Ausserrhoden","abbr":"AR"},"arcs":[[113,114,115,116,117,118]]},{"type":"MultiPolygon","id":16,"properties":{"id":16,"name":"Appenzell Innerrhoden","abbr":"AI"},"arcs":[[[119,-119]],[[120,-117]],[[121,-115]]]},{"type":"MultiPolygon","id":17,"properties":{"id":17,"name":"St. Gallen","abbr":"SG"},"arcs":[[[122,-72,-71,-70,-64,-63,-8,-7,123,124,125,126],[127,128],[-122,-114,-120,-118,-121,-116]],[[129]]]},{"type":"Polygon","id":18,"properties":{"id":18,"name":"Graubünden","abbr":"GR"},"arcs":[[130,-59,-73,-123,131]]},{"type":"Polygon","id":19,"properties":{"id":19,"name":"Aargau","abbr":"AG"},"arcs":[[-103,132,-12,-74,-50,-49,-48,-22,-91]]},{"type":"MultiPolygon","id":20,"properties":{"id":20,"name":"Thurgau","abbr":"TG"},"arcs":[[[133,-111,134,-109,-108,135,136,137,-125,-124,-6],[-130]],[[-129,-128]]]},{"type":"Polygon","id":21,"properties":{"id":21,"name":"Ticino","abbr":"TI"},"arcs":[[138,139,140,141,142,-51,-131,143,144,145],[146,147]]},{"type":"MultiPolygon","id":22,"properties":{"id":22,"name":"Vaud","abbr":"VD"},"arcs":[[[148,149,150,151,152,153,154,155,156,157,158,-85,-88,-87,159,-77,-76,-13,160],[161],[-84],[-83]],[[-31,-80,-79,162,-15,-75,-82,-81]]]},{"type":"Polygon","id":23,"properties":{"id":23,"name":"Valais","abbr":"VS"},"arcs":[[163,-149,-161,-28,-52,-143,164]]},{"type":"Polygon","id":24,"properties":{"id":24,"name":"Neuchâtel","abbr":"NE"},"arcs":[[-18,-17,-16,-163,-78,-160,-86,-159,-158,165,166,-19]]},{"type":"MultiPolygon","id":25,"properties":{"id":25,"name":"Genève","abbr":"GE"},"arcs":[[[-156,-155,167,168]],[[-162]],[[-151,169,-153,-152]]]},{"type":"Polygon","id":26,"properties":{"id":26,"name":"Jura","abbr":"JU"},"arcs":[[-167,170,-104,-99,-89,-34,-20]]}]},"lakes":{"type":"GeometryCollection","geometries":[{"type":"Polygon","id":9040,"properties":{"id":9040,"name":"Greifensee"},"arcs":[[171]]},{"type":"Polygon","id":9050,"properties":{"id":9050,"name":"Zürichsee"},"arcs":[[172,173,174],[175],[176]]},{"type":"Polygon","id":9073,"properties":{"id":9073,"name":"Thunersee"},"arcs":[[177]]},{"type":"Polygon","id":9089,"properties":{"id":9089,"name":"Brienzersee"},"arcs":[[178]]},{"type":"Polygon","id":9148,"properties":{"id":9148,"name":"Bielersee"},"arcs":[[179,180],[181]]},{"type":"Polygon","id":9151,"properties":{"id":9151,"name":"Lac de Neuchâtel"},"arcs":[[182,183,184,185,186,187,188]]},{"type":"Polygon","id":9157,"properties":{"id":9157,"name":"Baldeggersee"},"arcs":[[189]]},{"type":"Polygon","id":9163,"properties":{"id":9163,"name":"Sempachersee"},"arcs":[[190]]},{"type":"Polygon","id":9172,"properties":{"id":9172,"name":"Hallwilersee"},"arcs":[[191,192]]},{"type":"Polygon","id":9175,"properties":{"id":9175,"name":"Zugersee"},"arcs":[[193,194,195]]},{"type":"Polygon","id":9179,"properties":{"id":9179,"name":"Vierwaldstättersee"},"arcs":[[196,197,198,199,200,201,202,203,204,205]]},{"type":"Polygon","id":9216,"properties":{"id":9216,"name":"Sihlsee"},"arcs":[[206]]},{"type":"Polygon","id":9239,"properties":{"id":9239,"name":"Sarnersee"},"arcs":[[207]]},{"type":"Polygon","id":9267,"properties":{"id":9267,"name":"Walensee"},"arcs":[[208,209]]},{"type":"Polygon","id":9270,"properties":{"id":9270,"name":"Aegerisee"},"arcs":[[210]]},{"type":"Polygon","id":9276,"properties":{"id":9276,"name":"Lac de la Gruyère"},"arcs":[[211]]},{"type":"Polygon","id":9294,"properties":{"id":9294,"name":"Murtensee"},"arcs":[[212,213]]},{"type":"MultiPolygon","id":9326,"properties":{"id":9326,"name":"Bodensee"},"arcs":[[[214,127,215,216,217],[218],[219]],[[220,221,222],[223]]]},{"type":"Polygon","id":9710,"properties":{"id":9710,"name":"Lago di Lugano"},"arcs":[[224,225,226,227,228,229]]},{"type":"Polygon","id":9711,"properties":{"id":9711,"name":"Lago Maggiore"},"arcs":[[230,231]]},{"type":"Polygon","id":9751,"properties":{"id":9751,"name":"Lac de Joux"},"arcs":[[232]]},{"type":"Polygon","id":9757,"properties":{"id":9757,"name":"Lac Léman"},"arcs":[[233,234,235,236,237,238]]}]}},"arcs":[[[54461,88080],[124,-50],[144,39],[372,236],[234,17],[245,253],[203,-22],[179,179],[-130,317],[-162,-122],[-316,-52],[-47,183],[-97,13],[18,203],[-92,225],[-10,242],[253,62],[215,338],[29,212],[90,-73],[113,66],[136,-23],[185,125],[118,16],[-21,303],[168,-23],[-47,75],[66,166],[-6,263],[116,27],[109,-130],[287,-44],[-4,-226],[98,41],[96,-69],[220,-46],[120,-372],[143,24],[76,-305],[-140,-48],[-7,-215],[-102,-190],[31,-94]],[[57468,89601],[-131,-97],[-13,-155],[-239,-103],[-223,-232],[37,-179],[-63,-25],[75,-231],[-60,-123],[229,-33],[22,-164],[-102,-66],[158,-299],[47,-336],[83,-181],[112,27],[171,417],[90,565],[175,118],[21,96],[-68,259],[14,215],[116,221],[254,192],[17,406]],[[58190,89893],[190,320],[1,255],[-118,362],[-78,693],[18,187],[106,91],[116,333],[147,-168],[23,-217],[-46,-98],[-151,-32],[-52,-94],[54,-113],[159,-1],[236,160],[130,447],[-23,161],[-115,182],[-302,295],[-57,267]],[[58428,92923],[75,135],[66,259],[138,-98],[124,62],[60,131],[-60,388],[13,201],[384,142],[209,-163],[96,-148],[151,-103]],[[59684,93729],[157,-49]],[[59841,93680],[-51,-344],[32,-139],[160,-140],[48,-214],[-30,-175],[78,-322],[92,-101],[70,-257],[243,-118],[201,-236],[106,102],[143,-144],[126,94],[192,-70],[189,47],[20,-147],[305,168],[239,341],[170,-61],[213,299],[57,486],[368,-30],[-9,-596],[476,-263],[25,-305],[-161,-527],[-151,-91],[-36,-228],[63,-61],[-68,-114],[54,-83],[-199,-168],[-62,-503],[20,-103],[-316,102],[34,253],[-347,305],[-90,12],[-186,143],[-121,-61],[-223,243],[-13,-432],[-121,-31],[-19,-195],[55,-34],[43,-231],[105,-119],[-66,-167],[55,-201],[305,24],[123,-40],[848,-423],[-108,-125],[112,-48],[-31,-213],[74,-34],[-15,-134],[206,-73],[123,149],[161,-91],[22,124],[174,-134],[11,-266],[122,23],[-10,-129],[151,21],[0,-140],[-200,-32],[-68,-130],[-207,10],[-28,-73],[134,-620],[150,-276],[-5,-211],[179,-67],[280,-25],[264,-68],[144,-127],[71,124],[60,-75],[228,-103],[49,-77],[-81,-220],[46,-85],[-1,-607],[-81,-210],[-13,-583],[85,-25],[18,-134],[-268,-157],[-12,-225],[-86,-112],[79,-53],[-18,-162],[153,-41],[23,-234],[87,-53],[-1,-142],[106,-288],[70,-40],[117,-253],[-136,-187],[92,-260],[90,-103],[159,-10],[78,-74],[244,31],[-42,-178],[-94,-19],[-209,86],[-80,-78],[-63,120],[-39,-218],[129,-86],[-73,-228],[75,-205],[-45,-282],[-172,-349],[-23,-142],[353,-134],[161,-159],[37,-112],[316,-370],[-59,-325],[68,-170]],[[65863,78929],[161,-175],[124,-545],[95,-329],[137,23],[107,-91],[51,-236],[-24,-368],[132,-101],[-44,-259],[5,-250],[169,-364],[-211,-572],[-403,-138],[-187,-505],[4,-84],[-147,-37],[-190,-142],[152,-199],[16,-209],[142,91],[-18,-321],[-139,-139],[79,-139],[-139,-234],[-41,-177],[-607,-298],[-6,114],[-242,-131],[-523,-118],[5,-189],[-77,-110],[-201,-90],[-120,46],[-67,116],[-21,199],[-152,-112],[-1,-78],[-137,-1],[-129,160],[-137,55],[-525,-223],[-10,-101],[-123,-106],[-18,-160]],[[62603,72402],[265,-886]],[[62868,71516],[-317,95],[-1163,-519],[-577,-408]],[[60811,70684],[-100,-126],[-133,85],[-28,-189],[-190,-93],[-189,-470],[-72,-70],[-39,-283],[36,-239],[181,-208],[49,-292]],[[60326,68799],[-183,-47],[-207,-153],[-290,52],[-17,476],[-190,30],[-210,-98],[-57,110],[-305,48],[-49,53],[90,273],[-226,632],[-53,340],[-159,265],[-171,-159],[-77,114],[23,240],[-78,130],[-139,33],[-123,-70],[6,317],[-488,91],[-151,167],[-26,-73],[-151,-16],[-148,81],[-62,-111],[-86,61],[-26,-202],[-87,54],[-326,25],[-48,-177],[-188,-179],[-97,24],[-164,-71],[-135,-125],[-225,107],[-68,137],[-203,8],[-104,235],[-81,-37],[-114,108],[-32,162],[-117,85],[-89,-71],[-167,58],[-162,-76],[-100,328],[14,163],[-75,249],[48,119],[-139,319]],[[54114,72828],[-162,285],[24,351],[-78,131],[38,347],[-169,316],[-73,406],[-64,169],[79,46],[105,-145],[159,188],[315,128],[85,158],[148,134],[66,366],[-3,151],[88,173],[115,34],[-15,92],[116,105],[74,160],[-12,128],[142,365],[-82,-5],[-33,-147],[-332,-247],[-124,92],[-284,-133],[-81,197],[92,270],[-207,357],[-78,231],[121,408],[-95,428],[68,127],[-21,163],[-150,18],[9,189],[-94,115],[-47,209],[8,480],[47,55],[-107,159],[-182,-21],[-84,202],[-303,-33],[-85,165],[112,-78],[34,116],[152,78],[75,-115],[118,183],[-75,205],[240,476],[-97,371],[-201,34],[-86,158],[54,72],[126,-42],[49,175],[-69,188],[-3,380],[110,46],[-84,322],[-90,134],[-134,-12],[-74,317],[-81,40],[45,195],[164,38],[-37,180],[-7,311],[-214,-26],[-35,234],[15,233],[-95,326],[106,179],[-88,-14],[-9,227],[52,220],[278,36],[147,236],[22,429],[116,186],[115,-178],[84,125],[-1,208],[194,121],[-74,258],[73,-86],[154,380],[136,-24],[-67,398],[72,213],[14,282],[177,150]],[[27896,28968],[32,923],[-82,401],[162,87],[83,146],[-87,153],[-158,-146],[-68,1],[-198,569],[25,233],[-321,7],[21,232],[148,442],[72,351],[69,122],[-16,255],[62,376],[-73,232],[-133,206],[-31,183],[-135,213],[45,330],[156,9],[65,-78],[178,21],[209,119],[71,180],[5,273],[142,115],[-120,148],[85,437],[-129,538],[-23,439],[59,-26],[210,79],[-13,239],[-67,95],[153,54],[107,260],[2,155],[83,301],[-29,146],[40,360],[-44,443],[-35,90],[18,257],[-192,396],[-5,355]],[[28239,39689],[193,99],[206,191],[103,168],[182,486],[103,206],[191,267],[382,-207],[206,104],[99,373],[181,120],[-130,415],[76,750],[-10,117],[-126,152],[25,710],[199,28],[165,217],[-42,213],[-151,405],[521,18],[110,-170],[-12,-137],[126,-88],[21,-361],[67,238],[376,553],[-162,-24],[41,143],[27,535],[91,257],[-61,252],[106,165],[-39,201],[94,114],[-73,119],[-184,-1],[-81,115],[-51,201],[-62,-60],[-321,43],[83,311],[-3,327],[-352,123],[-134,88],[-420,23],[-205,300],[-55,283],[7,358],[159,492],[-8,586],[-53,196],[-122,102],[-49,266],[-55,82],[303,482],[-58,133],[36,206],[-37,150],[84,116],[135,662],[208,279],[-27,454],[192,180],[61,148],[-29,153],[-160,269],[-319,277],[-48,178],[-84,87],[218,170],[1,150],[95,181],[22,-97],[137,22],[155,-159],[-171,-134],[63,-148],[188,33],[88,-92],[226,167],[231,486],[-35,283],[-81,69],[-29,193],[26,503],[-92,139],[-525,236],[-261,-65],[-319,18],[-201,46],[-202,-212],[-323,210],[-141,185],[-351,104],[-20,-100],[-234,67],[-47,227],[-119,-35],[-166,-277],[-110,202],[-274,28],[-102,-161],[-164,60],[100,138],[139,54],[200,239],[-50,266],[27,124],[-12,342],[107,28],[10,292],[-189,294],[4,100],[144,175],[-43,277],[21,241],[49,75],[-96,236],[-208,15],[-39,139],[250,2],[18,184],[148,-36],[10,207],[172,157],[-27,68],[131,122],[169,387],[-270,306],[90,174],[-76,70],[-133,411],[-94,4],[-60,-138],[-117,112],[-115,-221],[-865,-677],[-494,-194],[-983,-344],[-87,19],[-832,22]],[[24157,59896],[-262,132]],[[23895,60028],[-319,1241]],[[23576,61269],[96,202],[86,319],[-15,588],[141,359],[255,292],[327,98],[248,307]],[[24714,63434],[251,365]],[[24965,63799],[-133,360],[-47,34],[11,249],[-84,174],[222,269],[-5,194],[-246,505],[-272,159],[-136,4],[-175,252],[-191,193],[-262,-252],[-116,406],[191,354],[179,219],[-54,111],[-170,31],[-98,-146],[-332,-48],[-62,49],[-248,-252],[-547,-180],[-530,-136],[-248,-171],[-147,185],[-70,-162],[-186,-196],[-706,-624],[-423,-329],[86,811],[225,298],[170,1091],[-601,1643]],[[19960,68894],[41,135],[199,263],[160,-940],[92,-182],[192,165],[301,158],[217,299],[367,375],[122,183],[70,447],[237,136],[91,-319],[115,64],[199,-35],[144,-304],[64,-39],[151,162],[82,297],[90,153],[42,302],[593,115],[151,311],[144,530],[167,413],[69,255],[246,166],[-51,297],[38,230],[471,288],[5,-211],[123,95],[80,-185],[-69,-79],[61,-139],[172,1],[132,282],[245,-53],[351,154],[236,-93],[16,72],[333,143],[-147,299],[52,81],[-193,11],[7,185],[129,123],[-75,148],[71,181],[441,267],[-22,318],[35,224],[-102,116],[98,115],[-127,104],[114,70],[128,-20],[432,81],[333,-53],[-63,-133],[89,-150],[95,58],[199,-89],[193,3],[231,-136],[340,15],[92,72],[264,-129],[396,65],[331,105],[211,113],[127,246],[198,195],[122,278],[240,-10],[373,198],[297,265],[43,-43],[558,-69],[131,33],[29,-161],[144,-56],[40,-94],[183,14],[280,79],[381,-99],[369,17],[35,-95],[183,-138],[300,59],[224,191],[269,309],[175,118],[422,155],[200,134]],[[35324,76376],[-220,-286],[-32,-488],[-174,-196],[12,-159],[-158,-204],[-260,-21],[-572,-278],[13,-65],[-220,-120],[-159,-279],[-137,-425],[-132,-231],[-311,-74],[-256,-24],[-286,-307],[-186,-80],[-53,-115],[40,-323],[60,-119],[-122,-125],[-145,-24],[-140,-219],[-571,-375],[-291,-328],[-180,23],[-325,-163],[95,-489],[44,0],[169,-751],[249,116],[46,-149],[156,-105],[140,-226],[238,-839],[-212,-54],[18,-226],[217,-5],[131,106],[242,-21],[130,150],[41,250],[187,111],[119,141],[-15,255],[70,192],[91,-29],[76,-186],[179,155],[-32,221],[198,15],[397,120],[29,-156],[-87,-121],[54,-125],[-94,-80],[169,-184],[44,-273],[126,97],[238,-173],[-151,-206],[56,-120],[-235,-244],[-72,-186],[-241,-137],[-293,235],[-108,-32],[-213,-250],[-10,-305],[-200,-51],[-193,-337],[103,-219],[107,-103],[90,101],[-47,-244],[138,-72],[-51,-95],[-164,85],[-168,-140],[-104,16],[-173,-73],[-131,-128],[-189,201],[-112,-108],[-72,304],[-83,-131],[-85,50],[-190,-156],[33,-176],[-55,-52],[110,-213],[173,-613],[-7,-150],[164,-30],[14,-121],[420,139],[231,231],[80,-133],[225,135],[84,-301],[-49,-21],[-39,-227],[41,-355],[123,-337],[293,77],[142,119],[165,45],[152,350],[-89,186],[-198,608],[-14,229],[682,422],[135,210],[139,71],[133,175],[73,189],[3,163],[97,280],[96,125],[32,212],[115,92],[-71,246],[-44,0],[-83,285],[308,212],[20,-92],[120,55],[95,-150],[298,363],[131,-14],[14,-167],[86,-82],[129,90],[148,-243],[100,-564],[51,171],[95,74],[115,-49],[368,141],[21,88],[142,-164],[299,-40],[99,73],[105,-221],[131,53],[47,109],[-49,230],[21,202],[184,326],[279,-5],[13,272],[61,119],[41,304],[-151,86],[79,302],[-121,149],[-149,333],[-329,35],[83,234],[-116,386],[54,192],[-216,232],[111,100],[-70,184],[-211,-142],[-106,-10],[-67,176],[-92,-42],[-65,211],[-147,283],[-64,-21],[-229,313],[39,405],[-91,576],[-104,116],[-196,367],[592,197],[451,63],[469,19],[167,112],[95,129],[232,19],[128,71],[178,230],[81,-168],[272,-182],[246,-599],[65,136],[216,-349],[-1,-158],[174,-339],[124,37],[127,-132],[142,85],[142,-42],[174,411],[210,35],[34,-291],[202,-241],[174,233],[172,317],[94,-1],[28,-163],[128,-113],[128,8],[151,165]],[[41196,73668],[91,-531],[-76,-108],[53,-83],[-36,-211],[170,-386],[106,-171]],[[41504,72178],[-50,-221],[22,-297],[72,-54],[135,-268],[50,-344],[98,-301],[135,-211],[13,-325],[322,-408],[90,-209],[69,-352],[-123,-217],[-33,-231],[47,-450],[96,-274],[185,-319],[-4,-401],[-72,-22],[-6,-156],[-287,-171],[-91,-165],[-25,-209],[70,-4],[-53,-234],[142,-111],[-47,-217],[72,-165],[-57,-173],[124,-101],[-37,-162],[96,-191],[-75,-307],[-31,-511],[-133,-362],[67,-93],[-145,-265],[-23,-297],[40,-165],[85,-88],[58,-184],[148,-13],[68,-374],[169,-127],[52,-382],[128,-197],[-77,-218],[112,-361],[401,225],[107,-12],[67,-209],[105,-95],[415,98],[99,-127],[-91,-325],[-82,-138],[26,-311],[63,-281],[-186,-199],[46,-398],[-132,-193],[-172,-145],[-12,-531],[-59,-117],[-164,-73],[-16,-233],[-124,-337],[-161,-93],[-224,101],[-483,-373],[-58,-84],[-137,-508],[182,-165],[102,-19],[73,-171],[-13,-170],[-212,-537],[1,-132],[-119,-124],[-199,-83],[-53,-212],[42,-259],[-19,-190],[157,-95],[3,-149],[111,-103],[-50,-259],[2,-355],[67,-355],[148,-324],[407,-289],[591,-525],[537,-706],[159,-465],[37,-235],[98,-53],[187,-229],[110,-305],[239,-160],[291,352],[154,73],[354,249],[234,56],[171,-126],[222,21]],[[46142,50869],[127,23],[113,-101],[198,105],[124,-94],[336,57],[26,-180],[190,-274],[59,-215],[250,-23],[182,-142],[540,-719],[268,193],[198,316],[103,-86],[388,290],[144,-112],[261,71],[93,-152],[155,-133],[58,-117],[261,38],[116,375],[447,-283],[100,-153],[103,-291],[154,32],[173,-87],[323,417],[86,4],[307,386],[376,511],[595,103],[196,239]],[[53192,50867],[188,-103],[204,-350],[120,-38],[69,-293]],[[53773,50083],[24,-292],[112,65],[288,354],[147,-72],[41,-99],[308,84],[132,-119],[79,15],[-13,-156],[67,-116]],[[54958,49747],[-58,-371],[-53,-126],[-115,-35],[81,-162],[-36,-597],[197,-363],[-49,-143],[-5,-587],[144,-180],[-39,-307],[66,-253],[-60,-494],[-247,-151],[-184,73],[-100,-48],[-295,64],[-55,153],[-89,-6],[-193,107],[0,-215],[-49,-190],[38,-219],[-21,-266],[91,-253],[131,-109],[50,-644]],[[54108,44425],[-252,47],[-97,-390],[-85,-69],[-229,-491],[-170,-43],[-75,-215],[-17,-397],[53,-73],[-8,-234],[-120,-476],[-73,-136],[39,-412],[-60,-303],[82,-155],[-88,-244],[-197,-289],[-26,-147],[-304,-361],[-432,-97],[-94,-313],[-220,-333],[-185,-26],[-154,-94],[-89,-226],[-419,-236],[-139,-186],[-135,-1],[-236,-136],[-222,24],[-274,-29],[-293,-137],[-116,40],[-187,-49],[-240,-136],[-139,168],[-4,349],[-249,37],[-289,-18],[-533,261],[-72,164],[-188,279],[-395,134],[-53,100],[-186,13],[-207,185],[-110,-79],[-179,-31],[-28,-91],[-165,216],[-246,54],[-273,260],[-123,-26],[-200,65],[-319,-249],[-87,12],[-250,-492],[-139,1],[-221,-156],[-42,-157],[-109,-107],[-5,-118],[107,-218],[31,-248],[90,-133],[-56,-153],[9,-214],[-68,-175],[-68,15],[-245,-245],[-47,40],[-207,-54],[-163,-213],[-40,-243],[-204,-148],[-6,-164],[-176,-25],[-92,-205],[-347,-215],[-98,50],[-89,-103],[-226,-130],[-169,-23],[-563,-8],[-352,-363],[-73,-177],[-587,-405],[-95,-187],[-120,-91],[-168,-259],[-42,-161],[-276,-182],[-108,-169],[-366,-368],[-45,-98],[-235,-214],[-164,-26],[-188,-308],[-152,-44],[-225,280],[-120,235],[-75,-9],[-589,428],[-515,304],[-296,248],[-122,-317],[-241,-80],[-19,-218],[32,-172],[-85,-200],[-176,-141],[37,-288],[-130,-190],[-172,113],[-64,166],[-140,-9],[-111,-105],[-142,-27],[-72,-89],[-167,54],[-124,-74],[-209,-12],[-126,-95],[-117,-443],[266,-269],[134,-39],[189,-242],[-324,-248],[-50,-302],[-268,-142],[-419,65],[-109,-258],[-172,72],[-94,-77],[-114,100],[15,109],[-49,327],[-91,178],[-127,-78],[-81,-259],[-136,-10],[-37,-85],[-107,252],[-309,66],[-115,157],[-97,-51],[-130,-212],[-233,-22],[-52,-72],[-234,-128],[-56,-84],[-44,113],[-310,-384],[-100,-199],[-63,7],[-83,-174],[-141,-156],[-119,-46],[-201,-310],[-126,23],[-229,-196],[-296,-107],[-192,-22],[-160,386],[43,180],[-34,117],[75,248],[21,332],[-53,229],[-250,-405],[-187,24],[-623,-426],[-10,-466],[-37,-196],[42,-295],[-194,-364],[-209,-131],[-225,-60],[-268,127]],[[28192,57791],[10,240],[-114,89],[-19,-149],[-262,-181],[-34,-98],[61,-314],[265,248],[87,-7],[6,172]],[[38278,68822],[-172,99],[-111,-148],[-113,-404],[159,6],[186,-90],[86,269],[47,-35],[91,192],[-126,9],[-47,102]],[[24851,56028],[123,173],[-48,92],[100,87]],[[25026,56380],[136,-167],[140,15],[-197,-228],[-90,-174],[-155,50],[-9,152]],[[26013,57027],[6,-252],[53,-165],[-226,-153],[-120,-233],[-75,17],[-18,240],[-123,241],[35,250],[230,148],[32,-76],[181,96],[25,-113]],[[35324,76376],[-97,40],[-140,-79],[-350,-23],[-89,77],[148,558],[341,311],[51,211]],[[35188,77471],[176,-138],[273,-644],[-84,-214],[-157,-142],[-72,43]],[[54146,67706],[100,-483],[-51,-224],[72,-165],[245,82],[37,-40],[172,160],[75,132],[146,28],[77,-754],[95,-29],[181,131],[67,109]],[[55362,66653],[288,364],[294,-600],[-16,-646]],[[55928,65771],[-334,296]],[[55594,66067],[-52,229],[-105,77],[-138,-86],[-109,82],[-215,62],[-27,-140],[-146,9],[-103,-110],[-4,-120],[-110,-20],[-249,-198],[-251,-484],[52,-281],[-118,-284],[-221,-309],[-158,-134],[30,-447],[218,-78],[66,59]],[[53954,63894],[590,209]],[[54544,64103],[246,-101],[67,-183],[162,-153],[280,-373],[147,-47],[140,-313],[250,-325],[77,-179],[104,-74],[98,-217],[127,25],[140,-128],[-4,-455],[-98,-380],[-183,-172],[-127,-16],[-255,-180],[-213,-50]],[[55502,60782],[-121,40]],[[55381,60822],[20,610],[-906,378],[-36,-695]],[[54459,61115],[-8,-211],[-273,2],[-70,52],[-312,70],[-238,-119],[-57,111],[41,129]],[[53542,61149],[-21,685],[-338,106],[-734,-1479],[-348,508],[-109,-39]],[[51992,60930],[-199,-42],[-229,24],[-135,-184],[-149,39],[-92,126],[-276,8],[-225,-191],[-151,-324],[-97,-63],[-138,274],[-199,31],[-225,-556],[96,-236],[131,-130]],[[50104,59706],[3,-149],[-270,-41],[-305,-109],[-344,232],[-117,-152],[-167,-66],[-271,-178],[-155,-205],[-108,-62],[20,-239],[304,-641],[-173,-287],[-70,-28],[-232,-275],[-108,-194],[-80,-31],[-270,-614],[-248,-796],[-82,100],[-24,167],[47,470],[-159,34],[-144,146],[-124,-137],[-141,-452],[-106,-111],[-180,-76],[-3,-230],[-58,-148],[85,-299],[14,-366],[-47,-255],[-78,-76],[33,-189],[-35,-163],[-187,-80],[31,-215],[-58,-183],[-134,-207],[-99,-50],[-73,-362],[121,-233],[-21,-108],[104,-202],[285,-819],[-13,-244],[-198,-203],[28,-277],[-155,-234]],[[41504,72178],[329,-93],[310,232],[595,252],[329,64],[279,-297],[247,-88],[150,233],[128,121],[135,258],[205,269],[-134,289],[-80,258],[-51,340],[146,188],[329,-35],[54,-81],[295,77],[186,263],[189,-318],[33,-270],[186,-345],[68,-261],[-40,-589],[309,-172],[23,77],[449,120],[9,-44],[265,133],[-132,274],[-14,154],[140,52],[75,-97],[147,22],[123,238],[221,137],[233,-127],[157,-385],[67,-364],[233,-35],[119,-121],[147,214],[542,171],[83,-15],[323,208],[106,-136],[28,-179],[-123,-315],[-158,25],[-265,-63],[136,-192],[-48,-123],[124,-206],[194,-41],[-32,-115],[72,-159],[215,32],[188,178],[231,-21],[-49,194],[15,290],[52,101],[-34,211],[83,247],[265,232]],[[49911,73045],[180,977]],[[50091,74022],[313,-35],[-30,174],[76,231],[90,18],[46,242],[175,45],[67,-222],[199,38],[43,-130],[134,70],[187,-141],[157,-278],[136,-88],[-122,-260],[30,-327],[110,-325],[70,-5],[227,-597],[-18,-158],[102,-624],[52,-105],[-33,-262],[134,-55],[103,-581],[8,-254],[170,-402],[4,-481],[176,-402],[1,-120],[260,-514],[0,-170],[68,-50],[16,-298],[281,-141],[23,-173],[308,18],[173,-92],[163,-11],[156,149]],[[60023,40901],[-266,-125],[-181,-282],[-226,-237],[-299,-61],[-85,68],[-47,255],[26,115],[-74,130],[-256,91],[-78,-152],[-220,-67],[-239,-8],[-203,170],[-85,222],[-89,95],[-188,-111],[-222,-27],[-143,61],[-201,225],[-174,-106],[-113,-154],[-25,-168],[-85,-23],[-27,-226],[23,-272],[-87,-140],[-80,-248],[58,-175],[-36,-176],[71,-220],[41,-376],[-267,-117],[-41,-64],[-232,-30],[-97,-81],[-175,-32],[-110,-217]],[[55591,38438],[-94,44],[-186,339],[-155,-105],[-280,167],[-126,177],[-98,-25],[-134,162],[-97,364],[-22,421],[-65,54],[-21,247],[-62,236],[-152,290],[3,172],[-87,250],[90,508],[-49,216],[128,182],[142,542],[11,570],[-46,350],[34,77],[8,436],[30,68],[-84,208],[-171,37]],[[54958,49747],[387,262],[148,-92],[205,78],[196,160],[-79,411],[-94,222],[-116,144],[75,217],[-11,222],[-217,-140],[-149,133],[-9,98],[174,-49],[214,185],[34,255],[-115,245],[96,178],[43,415],[123,468],[307,238],[68,215],[-103,127],[-99,267],[-220,-8],[-157,184],[-85,-104],[-109,5]],[[55465,54083],[-89,259],[76,342],[-106,346],[275,351],[-54,283],[-82,139],[25,96],[-174,201],[-164,65],[135,260],[362,200],[63,164],[44,308],[266,13],[105,-207],[278,169],[94,232],[262,37],[273,205],[79,337],[-85,209],[112,-31],[218,82],[-67,36],[36,307],[-38,186],[9,416],[-24,139],[119,116],[60,224],[-19,129],[136,106],[130,309],[-9,110]],[[57711,60221],[-58,297]],[[57653,60518],[247,156],[324,-153],[133,-161],[22,-215],[-66,-339],[52,-319],[19,-791],[332,13]],[[58716,58709],[93,13],[90,-105],[276,-26],[375,-176],[274,-88],[210,89],[296,44],[87,-185],[84,-497],[-80,-187],[71,-273],[105,-88],[74,-181],[249,126],[99,267],[170,187],[80,-16],[48,177],[171,9],[6,149],[91,-111],[470,356],[170,-420],[203,-113],[91,25],[132,283],[282,224],[77,-133],[151,-119],[127,-22],[67,-205],[-46,-569],[184,-565],[137,83],[102,201],[57,-207],[-38,-873],[119,-266],[39,130],[102,72],[52,295],[213,-50],[225,168],[111,195],[184,30],[131,237],[186,37],[25,127],[113,1],[47,114],[147,71],[230,235]],[[65675,57179],[164,-503],[23,-167],[115,-223],[101,-35],[-12,-117],[99,-497],[12,-400],[-41,-198],[-208,-110],[-306,-349],[-154,-64],[-170,-172],[-208,33],[-266,-514],[-344,-226],[-214,-188],[68,-101],[4,-235],[163,-271],[-37,-448],[-89,-176],[23,-150]],[[64398,52068],[-72,-214],[-309,-141],[-162,-286],[-108,-64],[9,-191],[-172,-13],[-128,54],[-144,-166],[0,-598],[60,-379],[73,-206],[-54,-104],[-121,37],[-185,-162],[-69,-547],[-102,-328],[69,-311],[-208,-159],[-89,-121],[-131,10],[-256,-160],[-102,187],[-100,358],[-71,44],[1,180],[-90,37],[-392,-429],[-76,-345],[105,-393],[-136,-234],[-168,-105],[-202,-282],[-175,-64],[-29,-166],[-183,-176],[-128,180],[-168,-6],[-90,-110],[-105,-305],[-176,36],[-96,-132],[27,-365],[-33,-645],[108,-322],[-271,-396],[-112,5],[-140,-291],[79,-134],[-18,-263],[-113,-138],[-27,-222],[117,-133],[30,-247],[218,-285],[202,-42],[38,-158],[-26,-292],[56,-176],[-50,-104],[-5,-276],[73,-151],[22,-312],[-70,-446]],[[57653,60518],[-627,-505],[-516,12],[-502,-162],[-692,374],[65,585]],[[55928,65771],[613,-484]],[[56541,65287],[114,79],[302,19],[100,106],[409,-36],[48,-300],[-54,-209],[106,-84],[155,52],[71,118],[75,-35],[203,117],[116,229],[100,-28],[168,60],[89,150],[569,-84],[167,122],[11,181],[171,366],[144,172],[1,179],[255,52],[32,229],[197,223],[91,299],[-32,69],[67,205],[-68,169],[87,247],[128,156],[154,83],[-49,82],[-14,291],[-56,218],[-72,15]],[[62868,71516],[293,-410],[183,-125],[248,-60],[2217,494]],[[65809,71415],[255,-83],[288,53],[129,-51],[58,-183],[-126,-76],[-80,-620],[-159,47],[88,-752],[7,-186],[181,-36],[83,150],[186,50],[332,-257],[-27,-55],[182,-163]],[[67206,69253],[-283,-525],[-357,-855],[-35,-187],[-147,-175],[42,-303],[-89,-407],[42,-124],[109,-54],[39,-142],[-99,-337],[39,-202],[-251,-174],[-120,-285],[6,-134],[89,-75],[366,-184],[-203,-199],[-25,-207],[-88,-57],[8,-213],[-147,-299],[-123,-481],[-17,-290],[-119,-37],[-92,-194],[-393,-307],[-145,93],[-275,-105],[-18,-278],[62,-227],[-235,-172],[46,-120],[125,-9],[214,-185],[19,-391],[93,-69],[57,-248],[230,-229],[80,-305],[119,-214],[86,47],[-15,-140],[-193,-114],[299,-721],[71,84],[168,-301],[313,-150],[-149,-162],[-42,-374],[-51,-63],[-99,-378],[87,-324],[113,-173],[-29,-94],[-325,-56],[-109,-155],[-180,-94]],[[50104,59706],[130,66],[219,-2],[192,254],[164,27],[39,-105],[221,20],[205,-130],[427,86],[135,-89],[-12,-84],[89,-241]],[[51913,59508],[-106,-627]],[[51807,58881],[82,-176],[-244,-273],[-152,-287],[-78,-313],[290,-195],[189,-254],[279,39],[341,193],[66,-146],[-58,-371],[108,-172],[-51,-288],[-104,-276],[51,-298],[-21,-323],[-102,-193],[-8,-232],[-96,-152],[24,-301],[100,-197],[12,-306],[-80,-213],[-4,-250],[-57,-240],[78,-321],[13,-285],[78,-33],[-14,-220],[-56,-111],[-153,-99],[-83,-171],[97,-270],[110,-95],[172,-348],[79,-63],[46,-217],[204,-212],[104,13],[223,-358]],[[53773,50083],[469,325],[218,-182],[-39,333],[-129,377],[-184,32],[-184,252],[-122,1],[-165,321],[-88,71],[78,275],[-18,154],[-307,175],[81,312],[-5,223],[-134,376],[-47,735],[44,72],[-23,322],[-136,26],[-58,135],[65,234],[121,19],[-2,163],[78,168],[153,-27],[4,-171],[100,-208],[-142,-172],[-74,-222],[-5,-472],[146,412],[64,-101],[168,200],[146,284],[163,39],[152,212],[120,-221],[40,-393],[-31,-173],[253,-150],[185,153],[356,31],[185,59],[196,1]],[[67206,69253],[27,47],[574,-896],[404,-649],[92,-174],[275,-361],[119,-23],[488,91],[100,41]],[[69285,67329],[201,-75],[173,77],[447,-44],[253,-145],[932,-248],[-21,-334]],[[71270,66560],[12,-327],[-71,-589],[103,-333],[-47,-266],[67,-591],[-147,-419],[-63,-265],[-298,-402],[-166,-23],[-169,-95],[-339,-391],[400,-431],[88,-12],[177,-156],[154,105],[115,-136],[466,439],[149,30],[138,-137],[168,6],[174,-350],[137,-84],[1,-91],[141,-356],[-2,-367],[115,-310],[42,-252],[-100,-171],[27,-217],[-65,-222],[64,-174],[-8,-301],[-64,-284],[54,-407],[-23,-71],[-175,-91],[-10,-464],[86,-274],[209,-167],[78,-402],[-66,-142],[28,-102],[-57,-277]],[[72593,56991],[-126,-136],[-75,-246],[-115,1],[-176,-128],[-45,-194],[-145,-323],[-149,-259],[-107,-111],[-48,-187],[-97,-124],[-183,-84],[-71,-109],[-241,124],[-537,35],[85,-282],[-227,-131],[-134,-447],[-261,-124],[-36,-108],[-290,-216],[-55,-96],[-144,133],[-26,312],[-197,376],[5,171],[-226,52],[-232,140],[-281,-40],[-173,-345],[-163,-29],[-43,-525],[39,-253],[-138,-141],[-132,-392],[15,-177],[-98,-93],[-99,-374],[-88,-184],[-33,-209],[-242,-293],[-254,-44],[-335,-123],[-367,-56],[-173,-99],[-71,36],[-137,-156],[-108,-14],[-72,-105],[-262,-141],[-63,75],[-162,13],[-79,132],[8,480],[-179,-50],[-184,198],[-144,-28],[-73,60],[-251,-85]],[[54146,67706],[68,232],[-64,336],[61,257],[-9,386],[-109,440],[-154,63],[-55,328],[4,193],[113,337],[-119,680],[14,292],[-95,254],[-33,295],[50,195],[191,289],[28,248],[77,163],[0,134]],[[24333,57960],[-42,96],[76,185],[-38,442],[-70,170],[69,27],[-47,178],[52,166],[-39,111],[113,280],[-250,281]],[[28239,39689],[-302,-290],[-285,-654],[-67,-59],[-144,423],[-190,237],[-208,-378],[-521,-546],[-237,59],[-81,-89],[-23,-211],[-60,-86],[-115,-583],[-90,-157],[-115,-81],[-49,-186],[-306,-215],[-112,-267],[-107,-107],[-53,74],[-202,-77],[-245,91],[-115,-115],[-146,126],[-105,-85],[-320,-437],[-143,-141],[-270,-400],[-22,-120],[-146,-228],[20,-50],[-64,-533],[-31,17],[-315,-202],[-214,-216],[-196,-39],[19,117],[161,393],[-54,197],[-160,283],[-56,17],[-43,670],[56,75],[-100,155],[-76,292],[19,257],[-190,209],[-59,143],[-256,266],[-71,-52],[-296,10],[-188,278],[-349,237],[-184,32],[-110,-267],[-24,120],[48,198],[12,299],[-356,-372],[-199,-394],[-137,-171],[-78,-329],[-330,-8],[-52,143],[-76,-3],[-116,167],[-88,237],[-58,347],[-126,-9],[-144,209],[-57,240],[-99,174],[139,313],[33,232],[150,321],[47,-34],[-52,-221],[160,-28],[197,46],[278,149],[114,-257],[-16,-223],[60,-41],[87,429],[197,294],[308,583],[319,155],[-73,262],[55,144],[-81,44],[-127,-130],[-90,-12],[-80,-272],[-112,247],[-110,-103],[-145,486],[-82,137],[-253,191],[-145,65],[-94,-79],[-156,-304],[-243,98],[-70,301],[-142,90],[-53,-235],[29,-114],[-180,-17],[-51,-143],[-164,13],[86,330],[-6,198],[57,286],[-67,366],[80,38],[43,396],[-45,311],[36,305],[-26,277],[-119,258],[58,344],[92,254],[-108,102],[174,124],[154,-37],[20,-105],[151,234],[144,380],[75,-34],[46,131],[110,14],[124,-82],[-41,-99],[250,-158],[131,211],[120,-80],[75,225],[-86,84],[164,414],[-158,141],[-42,222],[127,226],[100,-115],[178,321],[57,-8],[129,195],[108,346],[-46,64],[267,554],[152,178],[125,5],[112,265],[298,462],[8,220],[115,341],[-89,211],[-154,219],[-231,-131],[-64,145],[-49,-51],[-142,207],[136,251],[125,-131],[193,352],[146,193],[-92,49],[6,134],[125,156],[107,242],[80,41],[97,-87],[35,122],[116,102],[-20,288],[235,441],[-194,411],[-29,176],[112,158],[-70,74],[158,396],[208,-227],[223,-59],[160,404],[-1,128],[-140,78],[-1,252],[57,162],[-90,148],[-68,-39],[-87,206],[9,231],[58,144],[-77,124],[69,271],[197,339],[-248,519],[-91,148],[-167,-192],[-86,39],[-92,-132],[261,-678],[-105,-98],[-113,298],[-60,-28],[-72,219],[-119,172],[-64,193],[-84,53],[-78,280],[-50,-53],[-64,169],[-159,8],[-43,131],[127,203],[-171,274]],[[21295,56470],[-569,954]],[[20726,57424],[699,1329]],[[21425,58753],[738,-1211]],[[22163,57542],[76,-161],[157,-168],[136,119],[207,-248],[-123,-219],[57,-77],[-73,-125],[140,-265],[489,-713],[-219,-336],[-128,-130],[124,-223],[156,-59],[168,215],[45,148],[116,-218],[76,80],[227,-207],[-120,-356],[215,-265],[-143,-153],[19,-96],[-110,-216],[183,-250],[48,125],[74,-63],[135,381],[109,71],[88,297],[101,212],[91,79],[88,230],[-32,141],[-166,153],[6,195],[80,140],[314,356],[-115,64],[192,28]],[[25026,56380],[42,150],[-68,54],[-130,260]],[[24870,56844],[-537,1116]],[[20414,49044],[-345,-800],[-19,-190],[52,-30],[-135,-182],[-340,139],[-175,240],[-223,137],[-242,-106],[-132,-252],[-405,-112],[-111,180],[189,336],[34,-113],[131,144],[47,-78],[229,149],[-32,95],[134,187],[25,130],[180,321],[-30,91],[338,453],[98,280],[-57,5],[61,197],[68,-47],[102,-289],[75,-88],[-20,-256],[101,95],[191,-265],[99,-81],[-28,-95],[140,-195]],[[18301,48943],[-37,-94],[-2,-488],[-153,-281],[-2,-165],[-147,-260],[-182,-159],[-85,221],[10,151],[-162,148],[-69,170],[88,228],[142,31],[16,91],[185,254],[108,332],[68,-94],[56,88],[166,-173]],[[17885,51864],[-552,888],[832,1202]],[[18165,53954],[1893,2714]],[[20058,56668],[569,-1084]],[[20627,55584],[101,-184],[65,20],[170,-226],[86,96],[224,-445],[-210,-205],[-46,117],[-191,-148],[-196,-67],[97,-169],[365,213],[155,-262],[94,-43],[67,-238],[75,-58],[-247,-292],[-184,-388],[-169,-507],[26,-220],[117,-284],[22,-254],[-130,-331],[141,-116],[182,344],[84,-87],[96,21],[82,-170],[-226,-505],[-106,-335],[12,-142],[-131,-242],[-83,193],[-48,-109],[-240,-205],[-132,50],[-189,-140],[-349,275],[-15,240],[-87,89],[-217,-188],[28,-43],[-165,-215],[-68,101],[-68,-211],[-82,-85],[-126,109],[-46,-178],[-357,504],[-102,93],[-144,-136],[-323,475],[-164,-146],[68,212],[182,258],[-71,171],[-115,-123],[-254,396]],[[35188,77471],[-183,109],[-97,-7],[-59,131],[102,266],[-41,208],[-127,-19],[-38,140],[-118,16],[-109,102],[53,310],[-119,23],[-416,-11],[-285,-101],[-174,68],[-215,-46],[-241,30],[-403,450],[-72,-14]],[[32646,79126],[43,284],[105,150],[-54,555],[199,-6],[18,139],[82,0],[67,-133],[146,94],[158,-107],[123,37],[22,-484],[52,-102],[228,-156],[237,-53],[202,241],[175,-60],[275,725],[-131,393],[404,113],[245,11],[252,-44],[313,60],[-110,217],[-88,11],[-72,174],[27,369],[-15,269],[155,12],[61,-83],[15,-219],[128,-84],[159,193],[223,-68],[133,73],[167,-4],[10,591],[72,216],[68,357],[-9,228],[86,48],[-144,211],[-317,196],[72,188],[-53,13],[-2,232],[50,106],[-41,324],[227,-30],[277,-211],[259,-85],[83,118],[79,-31],[151,112],[-84,75],[89,84],[-139,121],[63,146],[165,-17],[145,69],[-14,-253],[65,-230],[74,-103],[115,22],[298,-163],[205,-48],[120,-211],[108,-330],[-88,-77],[-163,-338],[13,-189],[-114,-81],[-204,-334],[-49,-433],[75,-136],[-27,-358],[-114,-561],[-356,-333],[-153,-32],[-526,47],[52,-445],[46,-697],[-84,-38],[50,-224],[136,-6],[54,-633],[1238,241],[608,-168],[137,-526],[195,-391],[247,-303],[268,-19],[62,-188],[286,34],[68,-104],[184,63],[31,522],[60,297],[97,249],[91,60],[350,42],[187,91],[142,360],[285,269],[195,68],[86,107],[128,-31],[168,151],[61,-46],[11,217],[-166,155],[-60,197],[134,102],[55,173],[124,-3],[-2,234],[116,55],[271,-306],[65,77],[131,-192],[249,189],[70,-17],[187,155],[90,131],[-39,177],[297,216],[145,-33],[-22,78],[170,226],[-259,469],[42,51],[-113,497],[129,254],[115,132],[-21,185]],[[44109,82717],[78,18],[35,200],[134,159],[130,-164],[57,-262],[-36,-103],[126,-147],[70,-271],[-2,-275],[60,-205],[16,-231],[-34,-268],[-67,264],[-430,-286],[200,-160],[44,25],[175,-278],[164,24],[32,-138],[177,-67],[180,-130],[66,-319],[-7,-211],[221,-107],[10,97],[137,-9],[93,-545],[-24,-303],[-70,-437],[-82,-182],[-86,-36],[-58,-166],[-128,-180],[56,-133],[-24,-205],[-174,-212],[74,-285],[-47,-129],[-298,-198],[-139,-197],[-21,82],[-202,-183],[23,-179],[-434,-145],[-183,-87],[-24,351],[37,214],[-23,149],[-197,-13],[-434,77],[-196,274],[0,96],[-178,-313],[-121,-360],[-21,-214],[60,-131],[-332,-462],[-211,47],[-251,-203],[-399,-1203],[-34,-266],[-218,-404],[-183,-124]],[[31296,80754],[73,343],[15,304],[68,99],[-41,104]],[[31411,81604],[112,-4],[145,141],[230,36],[79,224],[163,88],[150,189]],[[32290,82278],[97,-128],[278,140],[49,-133],[187,-276],[80,-317],[60,-82],[-2,-174],[-66,-142],[-34,-243],[-64,-148],[-203,-82],[-238,80],[-152,-159],[-133,-7],[-580,145],[-273,2]],[[34278,84978],[34,-182],[150,-89],[276,25],[18,-309],[82,5],[7,-289],[-78,-321],[-87,-15],[-38,-195],[71,-605],[-363,-23],[-120,-102],[-305,48],[-319,-192],[-265,-83],[-307,-205],[-162,355],[-47,227]],[[32825,83028],[117,275],[108,137],[12,117],[-117,119],[-59,-51],[-88,202],[-41,-28],[-278,219],[-179,-109],[17,167],[220,595],[62,87],[269,-226],[86,-149],[134,-70],[114,21],[193,-412],[113,-21],[275,118],[122,279],[176,101],[-2,147],[200,158],[-50,244],[49,30]],[[36993,87772],[-104,26],[-256,-140],[13,-248],[83,-185],[-42,-496],[-62,35],[-184,-243],[-70,-192],[-250,-532],[-110,5],[-24,390],[-130,215],[72,239],[17,218],[-156,76],[-330,78],[-207,-50],[78,407],[57,-23],[68,231],[-203,354]],[[35253,87937],[82,230],[-31,155],[194,228],[409,-83],[8,284],[88,387],[208,-109],[139,-125],[-9,-336],[242,9],[79,-54],[195,208],[256,436],[81,47],[-28,138],[86,132],[214,-79],[258,-156],[172,0],[172,307],[237,99],[-81,-149],[-140,-66],[-86,-176],[-175,-239],[7,-108],[191,-115],[67,-415],[127,-119],[-78,-281],[-56,266],[-114,-102],[-131,-252],[-48,101],[-249,-73],[-236,-213],[-150,63],[-113,134],[-47,-139]],[[32646,79126],[-77,-34],[-478,64],[100,201],[-58,223],[21,213],[-343,130],[-68,317],[-159,-17],[-104,447],[-184,84]],[[32290,82278],[57,230],[113,128],[35,276],[86,-4],[244,120]],[[34278,84978],[-39,335],[-221,305],[-29,251],[125,-316],[292,116],[46,-95],[112,8],[-3,164],[166,391],[-77,260],[-74,-17],[-116,124],[-207,-287],[-163,-2],[-92,388],[22,153],[191,236],[250,65],[273,395],[110,48],[237,295],[172,142]],[[36993,87772],[190,-261],[125,-327],[81,-96],[206,-92],[144,-432],[250,-144],[368,-4],[391,318]],[[38748,86734],[37,-146],[192,-20],[61,-134],[142,-67],[82,-214],[285,-119],[169,42],[188,-63],[523,-261],[-49,-265],[22,-322],[90,-138],[2,-140],[-126,-336],[69,-17],[95,142],[89,-26],[-6,177],[87,-117],[114,10],[162,364],[196,194],[111,248],[73,33],[24,911],[131,19],[136,-86],[160,136],[108,-98],[115,-299],[32,-360],[120,-5],[62,142],[97,20],[-21,-453],[53,36],[128,-260],[176,-67],[76,-232],[65,-50],[28,-240],[113,-192],[18,-347],[141,-6],[135,-101],[191,26],[146,-87],[267,201],[48,-56],[-84,-197],[20,-152],[-100,-716],[191,81],[194,-239],[-17,-171]],[[31296,80754],[-406,44],[21,147],[-86,57],[-293,360],[-19,129],[-176,34],[-138,89],[12,370]],[[30211,81984],[74,76],[196,-25],[139,-231],[233,-110],[303,16],[255,-106]],[[57468,89601],[80,-110],[109,50],[71,-126],[170,29],[120,270],[80,21],[28,188],[64,-30]],[[64350,92300],[9,-48]],[[64359,92252],[-65,-47],[-121,100],[-87,-50]],[[64086,92255],[-116,-268],[-146,48],[-130,134],[204,351],[-251,151],[-110,320],[-177,198],[-294,154],[-154,-52],[-164,69],[-146,-122]],[[62602,93238],[-53,206],[71,375],[71,189],[133,-8],[91,81],[-83,152],[-184,42],[-2,238],[-157,149],[-78,-43],[-387,104],[73,309],[-64,227],[240,180],[61,211],[182,132],[159,-78],[-57,354],[220,173],[45,-345],[87,-31],[-165,-285],[170,-28],[131,-297],[142,61],[3,-93],[-140,-166],[117,-123],[126,51],[76,123],[271,-169],[65,-360],[103,57],[174,-31],[105,64],[152,-63],[-67,-112],[139,-237],[-33,-112],[-267,-54],[83,154],[-62,105],[-74,-107],[-41,110],[-150,-52],[-23,-152],[152,-79],[-24,-178],[-113,-162],[-19,-202],[225,-42],[157,-220],[132,-264],[58,-464],[-23,-228]],[[61109,94053],[-227,-93]],[[60882,93960],[-6,202],[-140,60],[18,230],[-75,142],[-33,273],[-120,260],[-261,-163],[15,-110],[-140,-37],[-149,208],[-143,-111],[-143,124],[35,-257],[175,-150],[59,-332],[-181,-270],[-217,-40],[119,-158],[-11,-102]],[[58428,92923],[6,149],[-190,32],[-93,-274],[-158,-43],[-193,-217],[-161,151],[-131,27],[-22,219],[-55,18],[-319,-130],[-167,-203],[51,-300],[-169,137],[-8,157],[-141,-134],[43,-243],[99,-224],[-35,-223],[-192,-47],[-216,121],[-104,-41],[-342,20],[24,-236],[-96,13],[-56,130],[-102,-43],[-48,240],[-170,-7],[108,-211],[-145,-111],[149,-126],[-170,-28],[-89,175],[-52,276],[75,359],[-34,45],[-182,-207],[-82,103],[-189,-51],[-183,172],[-80,189],[-209,261],[-250,-25],[-149,393],[65,201],[166,43],[102,202],[-56,209],[-132,287],[-127,58],[-44,124],[245,465],[228,159],[196,291],[272,281],[176,-39],[-9,235],[38,150],[-78,3],[-70,369],[136,220],[44,354],[140,98],[163,508],[385,496],[154,-124],[135,140],[157,34],[19,89],[220,-272],[57,223],[83,142],[136,-7],[180,167],[262,150],[201,-200],[17,-123],[320,176],[-63,243],[15,138],[-291,155],[40,599],[95,150],[115,-119],[48,-298],[276,139],[104,-185],[196,196],[275,-86],[106,-131],[-18,-114],[94,-61],[-37,-282],[-104,-81],[-13,-183],[82,-252],[96,-37],[-86,-470],[125,-170],[60,-215],[85,-49],[240,330],[116,87],[-46,73],[164,232],[-110,27],[43,351],[-99,266],[23,373],[64,183],[167,89],[70,-209],[-61,-209],[96,1],[119,-187],[87,0],[198,-125],[63,-221],[-4,-158],[121,-167],[-111,-150],[106,-428],[-9,-99],[110,-158],[112,29],[28,142],[174,189],[161,86],[263,-134],[101,-148],[-40,-82],[241,-229],[37,-239],[-46,-79],[-350,-32],[-75,-223],[-127,-113],[-68,-412],[152,-413],[332,-146],[68,-106],[-96,-224],[-122,-706],[35,-190]],[[74666,72890],[-248,4],[-184,-127],[-112,65],[-85,192],[-154,184],[35,113],[-98,66],[-163,-111],[-108,154],[-84,21],[-96,218],[-171,-27],[71,76],[-128,159],[-145,-72],[-97,-147],[-144,-101],[-207,132],[-64,-41],[-239,21],[-357,248],[-235,270],[42,174],[195,206],[166,404],[-188,455],[39,256],[-78,260],[-58,444],[325,247],[156,202],[-189,499],[-72,37],[-336,-186],[-16,142],[-153,259],[190,395],[-258,-119],[-24,246],[-66,181],[171,-45],[195,23],[108,146],[3,153],[182,246],[-42,141],[34,153],[-51,249],[80,133],[214,14],[-3,365],[265,180],[247,86],[72,-110],[140,119],[105,-98],[51,88],[699,-281],[361,123],[202,171],[145,-99],[250,85],[153,119],[81,-58],[208,215],[98,40],[256,-52],[138,-91],[71,-175],[206,-8],[158,81],[84,137],[76,-15],[208,99],[90,119],[68,207],[-63,180],[106,159],[-54,402],[53,239],[182,-22],[190,-141],[22,81],[227,116],[149,175],[240,12],[246,171],[140,51],[226,260],[235,126],[102,-19],[55,111],[105,25],[-83,125],[-30,226],[147,294],[222,51],[100,-90],[-16,-191],[256,85],[88,-98],[322,11],[163,-64],[106,-181],[155,42],[24,-109],[317,-331],[205,-73],[201,-177],[1,-205],[-262,-134]],[[80728,81856],[-285,-14],[-262,-129],[3,72],[-478,-83],[-57,219],[-106,2],[-119,-221],[-5,-109],[367,-287],[-174,-163],[348,-87],[-31,-250],[92,-101],[-120,-121],[55,-36]],[[79956,80548],[-214,-274],[-394,-353]],[[79348,79921],[-98,127],[-187,425],[196,83],[40,-100],[120,57],[111,-48],[30,-130],[192,96],[-33,276],[105,108],[-291,71],[-106,70],[-105,240],[13,160],[-137,52],[-33,95],[-178,91],[-33,-284],[-170,-70],[-138,-136],[76,-314],[-91,-41],[221,-159],[-216,-202],[-147,-42],[-123,-151],[32,-235],[-71,-138]],[[78327,79822],[-90,-356],[-43,-574],[46,-32],[-135,-239],[43,-60],[-42,-302],[77,-358],[11,-331]],[[78194,77570],[-345,136],[-178,-146],[-297,-14],[-464,476],[-150,-20],[-179,489],[16,190],[-186,-133],[-59,79],[-165,-35],[-231,302],[-27,137],[-153,103],[-78,-123],[-226,124],[-4,266],[-67,50],[-121,-129],[-274,49],[-188,-95],[183,-227],[25,-237],[-57,-54],[76,-398],[109,-262],[-300,-165],[-173,-135],[58,-342],[-159,-57],[-121,-138],[-102,-479],[-386,-275],[-40,-210],[90,4],[76,-223],[-30,-149],[59,-169],[-75,-161],[45,-185],[-94,-285],[16,-267],[81,-71],[53,-195],[89,-95],[200,-617],[31,-353],[194,-641]],[[78194,77570],[-17,-834],[-51,-144],[-33,-391],[-126,-278],[76,-331],[-152,-183],[8,-130],[-66,-400],[25,-124],[-64,-225],[-128,-163],[-122,-343],[-134,-172],[-138,-262],[-205,-175],[-312,-455],[-105,-19],[-179,-165],[-222,-23],[-272,-422],[-238,-52],[-210,-121],[-403,457],[-302,55],[-158,220]],[[79348,79921],[-51,-135],[-120,-32],[-98,94],[48,160],[-59,81],[-741,-267]],[[80728,81856],[-237,-265],[-417,-294],[25,-199],[340,-339],[-187,-129],[-143,10],[-153,-92]],[[77600,63461],[132,-386],[547,-1212],[85,-417],[136,-349],[637,-1219],[-99,-115],[-142,14],[-321,-153],[-63,-144],[24,-603],[-307,-106],[-31,-195],[-64,5],[-91,-440],[-53,-126],[-158,-105],[-18,-245],[-117,-210],[-58,-260],[17,-232],[208,-162],[-126,-194],[-151,-86],[-98,-239],[-82,-75],[54,-399],[-64,-257],[-277,-2],[37,-231],[-75,-315],[-81,-83],[-242,323],[-105,238],[-174,146],[-322,194],[-317,68],[-197,164],[-123,49],[-451,-15],[-314,112],[-86,-66],[-99,179],[-369,-69],[-94,31],[-170,216],[-195,-14],[-171,77],[-150,-95],[-134,102],[-112,-8],[-192,-161],[-226,229],[-45,226],[-120,145]],[[65863,78929],[51,125],[198,147],[57,230],[165,-76],[68,308],[64,78],[83,324],[-41,216],[87,308],[117,78],[148,-54],[38,131],[38,443],[-50,87],[9,256],[82,-21],[112,246],[89,-46],[340,124],[73,231],[128,-224],[127,150],[93,-159],[6,231],[102,-62],[103,196],[122,-81],[128,31],[-40,111],[126,42],[-177,102],[-122,212],[-477,220],[-35,127],[91,87],[3,226],[-122,100],[-336,187],[-14,324],[-114,60],[176,279],[13,130],[116,27],[62,-86],[350,153],[149,219],[168,-309],[80,24],[39,-127],[154,244],[40,-82],[135,94],[87,-20],[160,132],[62,-145],[124,-461],[163,75],[333,22],[68,-231],[194,85],[-16,106],[288,101],[107,-63],[104,106],[151,11],[111,136],[91,332],[-44,154],[116,196],[51,-129],[83,89],[-63,-232],[100,-175],[160,131],[45,-289],[143,74],[204,-190],[242,14],[-71,-122],[53,-320],[95,-49],[114,229],[136,34],[176,-60],[-7,-104],[276,-43],[51,-203],[361,-56],[81,99],[248,128],[62,175],[126,-39],[20,-110],[237,-131],[359,428],[99,214],[8,313],[-76,174],[-143,-153],[-65,222],[52,195],[129,1],[35,158],[-112,32],[-180,245],[-15,-154],[-72,-13],[-173,-260],[-239,-24],[-202,84],[-59,186],[144,66],[110,-142],[-18,185],[67,23],[53,187],[-58,109],[226,97],[81,82],[111,-17],[31,110],[99,-32],[126,-173],[-17,260],[156,188],[210,-146],[20,60],[188,-34],[3,-213],[112,-214],[287,-18],[-16,-159],[-115,-42],[-103,-187],[56,-18],[-116,-201],[-106,-4],[17,-160],[379,-150],[37,180],[224,-178],[140,-35],[-30,-249],[-125,-112],[112,-103],[-113,-248],[187,99],[105,-24],[98,-206],[59,11],[78,-274],[116,-62],[126,339],[-32,174],[71,57],[48,313],[78,-5],[73,163],[185,-7],[80,225],[152,209],[87,44]],[[76716,85183],[1566,2047]],[[78282,87230],[1141,-375],[69,-1782],[-16,-257]],[[79476,84816],[107,-320],[311,-398],[159,-385],[180,-605],[89,-64],[113,54],[61,308],[79,-13],[143,-399],[167,-188],[427,-65],[223,-86],[102,-241],[-304,-507],[-15,-232],[98,-414],[50,-761],[-8,-198],[74,-11],[145,-343],[205,-160],[74,-121],[-9,-479],[-63,-176],[-182,-309],[-277,-163],[-335,-14],[-178,-106],[-50,55],[-394,-673],[-158,-368],[-199,-1086],[-95,-310],[-156,-285],[-276,-294],[-246,-370],[-113,-570],[-138,-251],[-217,-203],[-81,-143],[-3,-324],[-34,-196],[-208,-868],[-322,-810],[-64,-236],[-49,-444],[-196,-592],[-100,-815],[11,-154],[127,-775],[164,-474],[169,-391],[122,-578],[164,-1339],[-12,-298],[-112,-502],[-521,-658],[-239,-199],[-111,-135],[-59,-219],[84,-454]],[[77606,84347],[-180,298],[-330,176],[-92,81]],[[77004,84902],[28,-191],[-43,-161],[117,-93],[-15,-78],[282,-98],[-34,-169],[267,235]],[[74974,85423],[27,-179],[-79,60],[52,119]],[[70621,21348],[-143,39],[-467,642],[-16,218],[-266,572],[-171,220],[-484,353],[-126,392],[-1,187],[-88,425],[-111,-89],[-76,205],[111,97],[37,1070],[-122,354],[-186,251],[-135,443],[-83,475],[16,132],[129,116],[165,464],[93,69],[65,288],[-207,451],[-45,151],[130,252],[-70,185],[104,345],[237,231],[144,57],[6,157],[87,219],[40,313],[-33,323],[50,105],[-97,504],[-79,250],[88,328],[110,200],[-127,317],[260,210],[-30,316],[-262,697],[11,227],[-55,324],[93,227],[85,570],[-34,136],[-187,369],[7,210],[-261,235],[-286,-190],[-150,28],[-185,210],[55,112],[-62,216],[-106,67],[-2,209],[-165,400],[-94,60],[-107,216],[-35,211],[26,313],[-65,425],[-79,194],[112,91],[-54,648],[119,373],[-31,138],[76,171],[0,199],[71,255],[121,185],[42,326],[142,64],[-21,259],[-204,252],[12,284],[-132,-45],[-161,199],[-101,-2],[-221,371],[-234,34],[-261,-138],[-235,-294],[-155,53],[-85,-53],[-58,384],[75,356],[-123,581],[-109,94],[-39,-379],[-218,-277],[-169,113],[-134,15],[-87,86],[-98,-153],[-153,-50],[-97,-147],[-42,-177],[40,-276],[217,-457],[-25,-207],[-166,-267],[-319,-226],[-126,-140],[-219,-113],[-42,-74],[-482,-236],[-249,-325],[-251,24],[-48,357],[-640,-387],[-852,526],[-62,-38],[-185,131],[-115,-164],[-143,-28],[-245,234],[-230,-286],[-269,128],[-51,257],[-101,90],[-129,-66],[-153,37],[-152,-60]],[[77600,63461],[6,153],[132,70],[48,-322],[174,360],[114,-130],[62,148],[84,-48],[218,57],[71,137],[496,212],[90,-44],[208,-345],[24,-309],[119,-93],[208,189],[200,71],[63,-58],[328,301],[83,-6],[67,139],[93,-54],[224,-341],[197,-112],[229,21],[105,108],[79,275],[281,-63],[148,53],[167,-18],[155,151],[206,-338],[294,-144],[130,76],[-16,-261],[274,-217],[123,9],[441,-127],[114,-215],[275,36],[145,65],[351,-21],[154,-323],[212,-107],[111,-213],[117,-128],[121,-12],[138,-104],[160,-241],[185,-90],[25,105],[246,58],[125,132],[42,169],[387,-69],[91,-167],[-235,-245],[68,-299],[342,-269],[8,-248],[69,-247],[-163,-234],[-7,-217],[-197,-351],[-1,-288],[-107,-206],[183,-279],[-56,-456],[2,-339],[90,-23],[-99,-267],[87,21],[319,-162],[208,-280],[178,19],[88,-191],[183,-204],[281,-190],[208,-54],[57,82],[215,92],[97,-205],[183,79],[41,87],[128,-33],[47,-405],[118,-44],[73,-135],[162,-31],[184,-136],[103,87],[157,30],[76,-185],[133,-116],[119,-329],[130,-65],[94,-308],[240,-220],[-65,-247],[34,-348],[165,-134],[310,62],[226,-87],[78,50],[113,-116],[-21,-337],[135,-126],[165,-395],[291,188],[33,118],[121,62],[109,-64],[232,16],[87,196],[208,-58],[70,-124],[112,155],[135,-27],[74,149],[115,25],[109,118],[23,118],[156,148],[76,199],[119,8],[106,-79],[338,110],[297,-46],[-41,147],[13,296],[58,229],[10,235],[-155,236],[-40,319],[157,241],[67,546],[96,202],[25,678],[568,-133],[594,-332],[63,-103],[80,229],[334,46],[32,252],[-254,435],[83,482],[295,75],[99,110],[52,503],[111,409],[120,225],[-4,188],[92,63],[72,337],[172,103],[357,-54],[315,454],[80,2],[209,-187],[83,-337],[199,-330],[169,-139],[168,-224],[-3,-314],[-66,-227],[-20,-228],[155,-165],[453,-185],[121,16],[64,-117],[239,-178],[180,-295],[223,-95],[-28,-411],[34,-123],[-40,-528],[-162,-267],[-29,-356],[-44,-122],[-17,-320],[-216,-442],[101,-188],[35,-340],[-16,-272],[-55,-246],[83,-636],[-64,-48],[-110,-309],[57,-260],[-141,-58],[-76,-213],[84,-250],[-99,-140],[42,-261],[-224,-735],[-192,-167],[-207,-36],[-73,-358],[-76,-88],[133,-85],[109,-185],[18,-160],[156,-318],[0,-228],[53,-232],[-53,-487],[-137,32],[-294,-355],[-235,-225],[-20,-88],[-231,-239],[182,-246],[43,-207],[169,-248],[-54,-457],[-168,-182],[-116,10],[-219,-762],[-198,-149],[165,-695],[-23,-193],[56,-335],[-14,-290],[92,-105],[5,-163],[75,-160],[41,-267],[-41,-94],[201,-168],[246,155],[512,53],[60,90],[363,-392],[475,-747],[175,-98],[-20,-201],[-145,-290],[61,-334],[-78,-282],[88,-129],[-96,-416],[28,-158],[-91,-127],[-130,-387],[-14,-187],[82,-265],[-149,-427],[27,-225],[-289,-106],[-12,-228],[-136,-262],[-344,298],[-67,185],[-355,475],[-71,-9],[-320,-290],[-60,-20],[-208,144],[-98,119],[-444,269],[-243,1],[-44,-295],[-264,-320],[-169,313],[-111,118],[-139,-158],[-170,-83],[-73,130],[-267,26],[-36,93],[34,309],[-141,293],[-46,278],[-237,105],[-159,244],[-129,-53],[-210,-257],[-175,176],[-47,145],[-57,518],[7,180],[66,212],[306,641],[-304,559],[-104,241],[-32,401],[-304,-267],[-122,-256],[-91,-364],[-195,181],[-287,114],[-14,133],[-211,-93],[-433,-377],[-265,-70],[-177,-160],[-137,-26],[-63,-140],[-151,-132],[-310,99],[-153,167],[-93,6],[-78,-251],[57,-214],[-82,-157],[-15,-199],[92,-207],[8,-230],[-131,-335],[-373,-106],[29,-191],[119,-186],[-169,-311],[-131,-80],[-86,-420],[-96,-74],[-42,-139],[-327,-82],[-61,-178],[53,-244],[161,-161],[-71,-141],[77,-301],[-57,-443],[-104,-134],[-93,-21],[32,-295],[112,-195],[-76,-170],[-7,-280],[71,-122],[-112,-268],[-3,-182],[181,-308],[17,-283],[48,-68],[-45,-200],[-128,-138],[-106,-248],[15,-158],[-73,-92],[63,-212],[319,-88],[40,-119],[-6,-298],[141,-299],[216,133],[134,-150],[10,-208],[254,76],[187,-68],[41,170],[137,156],[186,-97],[39,146],[263,99],[46,-99],[224,-37],[87,-247],[54,-497],[113,120],[122,34],[147,-409],[-94,-109],[30,-691],[-45,-152],[-137,-122],[-289,64],[-330,-388],[-37,-398],[78,-406],[-127,-75],[-225,-309],[-111,-77],[8,-324],[-67,-147],[-20,-394],[179,-485],[78,-441],[158,-99],[212,-286],[117,-64],[-15,-171],[173,-271],[147,-59],[91,-232],[-49,-187],[177,-152],[-26,-237],[47,-284],[190,-225],[99,-397],[-35,-174],[-530,-711],[-110,-443],[-303,-267],[-78,38],[-118,-89],[-98,77],[-213,16],[-125,131],[-329,-33],[-163,-113],[-225,-397],[-176,146],[-97,230],[-322,217],[213,302],[2,285],[151,306],[-58,481],[-77,397],[-239,161],[-99,160],[-238,209],[-433,144],[-282,200],[-92,542],[95,50],[104,305],[-97,170],[74,120],[7,161],[-121,36],[-203,326],[-118,113],[78,238],[52,292],[113,258],[111,122],[-35,205],[39,223],[-51,58],[-195,-36],[-19,88],[-435,492],[-189,471],[61,222],[-129,49],[-410,-199],[-87,-153],[14,-199],[-125,-88],[-52,219],[-130,-9],[-200,493],[-467,-353],[-63,8],[-79,-250],[-259,-261],[-70,93],[-258,-74],[-92,70],[-74,-129],[-134,27],[-161,-58],[-28,-133],[-290,-419],[-196,-59],[-156,-214],[-199,-32],[-127,-128],[-67,19],[-154,-296],[-170,47],[-167,171],[-152,293],[-178,107],[-83,194],[-145,-55],[-308,-478],[102,-379],[-194,-284],[-17,-245],[180,-101],[-29,-410],[-149,-226],[-72,-408],[-9,-225],[-275,-105],[-181,143],[-99,-17],[-166,170],[-11,140],[-105,145],[-125,-151],[-47,-184],[-108,54],[-283,-196],[-23,-148],[-171,-140],[-141,-19],[-257,92],[-119,-49],[-185,341],[-246,60],[-142,-106],[-62,73],[-147,-37],[-129,76],[-228,263],[-65,-3],[-93,246],[-108,-23],[-119,-173],[-266,330],[-253,468],[-34,139],[-133,242],[-16,169],[-96,123],[-41,163],[-72,545],[6,163],[-176,220],[-48,296],[-88,126],[-249,110],[-81,186],[-352,151],[-49,76],[45,209],[-44,152],[91,55],[66,244],[-41,107],[-2,286],[-56,367],[-85,344],[-82,147],[-39,262],[72,522],[-7,233],[71,243],[-37,200],[5,802],[95,120],[45,176],[-37,434],[-37,91],[-277,-24],[-10,210],[261,19],[35,632],[-35,357],[50,162],[-105,-25],[-78,-149],[-459,-350],[-212,-442],[36,-135],[-43,-179],[-4,-282],[-132,-172],[-103,-257],[-90,-8],[-259,127],[-45,103],[-128,60],[-37,280],[-61,158],[-165,68],[-78,233],[-66,43],[-61,293],[102,168],[5,231],[-111,56],[-132,209],[-162,-250],[-86,52],[-265,-75],[-46,104],[-575,-91],[-127,-149],[-82,-11],[-223,-157],[-175,-19],[-100,-258],[-2,-194],[-100,-188],[69,-213],[-31,-375],[-45,-70],[15,-324],[77,-74],[-130,-306],[-147,-191],[-324,-105],[-84,-100],[39,-412],[-10,-247],[123,-226],[168,-185],[47,-185],[136,-113],[125,66],[32,-202],[67,-31],[57,-456],[-81,-81],[66,-89],[-134,-312],[61,-267],[128,-152],[-102,-330],[-58,-353],[12,-227],[111,-437],[298,-110],[40,-113],[-28,-180],[68,-284],[-157,-267],[16,-292],[128,-207],[-75,-188],[-46,-335],[-192,-103],[-77,-242],[43,-164],[12,-400],[-258,-374],[-99,-354],[-201,-184],[11,-258],[-49,-175],[-144,-140],[57,-217],[-87,-260],[48,-267],[-67,-165],[37,-145],[-37,-478],[-47,-114],[-247,71],[-222,-183],[-91,-22],[48,-248],[-66,-162],[-26,-296],[-98,-171],[-168,-16],[-94,-93],[-105,-430],[1,-160],[-63,-119],[11,-200],[57,-117],[-71,-145],[-1,-222],[-158,-209],[-121,-259],[-302,100],[-195,-97]],[[38748,86734],[132,125],[697,122],[136,178],[344,196],[213,38],[294,216],[70,226],[215,255],[75,173],[56,447],[82,298],[113,46],[224,-87],[93,-176],[177,-10],[113,53],[232,208],[175,40],[336,16],[170,-80],[242,-331],[164,-479],[-2,-211],[-81,-239],[58,-389],[179,-249],[285,-20],[216,-128],[133,0],[67,126],[50,340],[106,175],[76,24],[322,-140],[206,0],[234,54],[277,-77],[236,-208],[376,107],[248,132],[287,384],[262,23],[156,-234],[97,-76],[184,30],[155,174],[65,198],[40,496],[190,334],[515,16],[66,87],[-5,223],[225,240],[99,23],[203,-98],[171,150],[102,238],[263,199],[138,415],[117,204],[136,92],[150,-6],[220,-191],[78,-480],[115,-60],[196,351],[180,0],[296,108],[69,-217],[75,-50],[301,105],[140,-36],[196,-156],[51,-94],[-54,-566],[69,-240],[113,-153],[130,-67],[127,-182],[178,-336],[190,-124],[341,1],[291,-35],[382,-120],[124,-95],[98,269],[145,255],[86,38],[621,-462]],[[59841,93680],[156,113],[268,394],[197,-108],[212,-176],[208,57]],[[61109,94053],[106,4],[553,-167],[254,-212],[94,-172],[383,-297],[103,29]],[[64359,92252],[226,-90],[200,-234],[171,25],[104,92],[316,122],[110,95],[324,49],[72,117],[248,208],[129,60],[165,164],[127,62],[117,216],[219,84],[204,142],[292,293],[142,96],[213,6],[440,-185],[601,-192],[267,62],[137,-24],[223,-157],[301,-355],[508,-212],[155,160],[213,-76]],[[70583,92780],[59,-187],[222,-352],[117,-37],[141,93]],[[71122,92297],[109,74],[351,-101],[260,-11],[920,172],[3046,-1832],[2224,-3287],[250,-82]],[[65258,9169],[-41,160],[-150,1],[-247,435],[-77,248],[12,238],[79,226],[-4,618],[-68,202],[-338,-114],[-74,130],[-166,100],[-57,189],[-109,40]],[[64018,11642],[-238,335],[-119,220],[-11,167],[-256,316],[-253,-16],[-136,147],[-465,63],[-60,-141],[-93,12],[158,895],[278,662],[309,166],[183,420],[41,353],[61,-49],[61,153],[-157,147],[137,205],[210,-131],[232,626],[-56,667],[-113,30],[-101,187],[-195,139],[-269,507],[-129,181],[-208,188],[-136,-315],[-370,-25],[-327,312],[-154,35],[-123,175]],[[61719,18273],[-293,816],[-396,-565],[-209,-625],[-372,199]],[[60449,18098],[-257,30],[-104,190],[-25,195],[-261,-42],[-245,164],[-28,160],[-182,349],[-603,-89],[-197,8],[-44,253],[-1,281],[-111,114],[-47,143],[-206,223],[13,171],[133,140],[64,298],[-326,45],[-2,229],[-87,83],[-105,-62],[-126,146],[-83,577],[-128,341],[-217,98],[-19,291],[-266,252],[-104,319],[-85,672],[-236,169],[-107,-84],[-155,73],[-174,211],[-331,200],[-203,7],[-206,129],[-49,153],[-52,397],[-207,127],[-222,78],[-57,262],[131,170],[14,162],[164,115],[-135,502],[-340,647],[-12,194],[-133,304],[105,187],[177,92],[-34,135],[60,148],[-7,263],[50,184],[227,88],[39,281],[89,69],[111,257],[-20,519],[-49,421],[67,220],[120,187],[-72,291],[-11,565],[-119,320],[223,436],[-166,328],[-5,156],[111,262],[-114,284],[-105,111],[-35,147],[72,377],[-57,186],[133,210],[59,178],[-107,162],[13,208],[-202,225],[-23,174],[-125,224],[-165,-48],[-10,71],[-376,-153],[-85,-104],[-220,-28],[-107,-163],[-132,-2],[-78,-154],[-180,30]],[[53542,34837],[-55,365],[77,98],[-9,178],[156,113],[-74,259],[-70,107],[194,448],[-67,315],[14,149],[143,-23],[50,-90],[220,20],[73,93],[116,-100],[265,210],[249,-76],[49,73],[146,518],[89,21],[100,140],[127,305],[149,270],[117,89],[-10,119]],[[70621,21348],[-58,-346],[-158,-82],[-193,-265],[-138,-82],[-37,-163],[-134,-247],[-126,-481],[-170,13],[-180,-140],[-172,-230],[-180,-84],[-86,-121],[-148,-77],[-140,-158],[364,-1317],[13,-163],[-117,-392],[-125,-184],[-4,-463],[-96,-134],[-303,-85],[-222,85],[-116,-169],[-118,1],[-236,-287],[-145,-2],[-106,-135],[-7,-323],[-169,-281],[-45,-348],[35,-155],[309,-508]],[[67613,14025],[45,-718]],[[67658,13307],[74,-353],[-124,-52],[-6,-149],[-102,-93],[-143,22],[-1,-228],[-157,-168],[-199,36],[19,-296],[-160,-198],[122,-183],[433,-273],[22,-453],[55,-76],[-114,-270],[51,-151],[169,-149],[-68,-435],[166,15],[68,-111],[156,-5],[143,62],[131,-328],[244,33],[-28,-234],[207,-179],[178,-62],[-26,-258],[34,-322],[219,142],[44,-257],[-82,-46],[-78,-198],[-80,12],[34,-162],[-37,-172],[-125,-132],[-127,-327],[-205,-16],[-174,-594],[1,-196],[55,-197],[-242,-372],[-113,-336],[43,-206],[-111,-480],[48,-104],[-59,-105],[-212,58],[-98,-184],[-300,88],[-131,138],[-95,-42],[67,593],[-66,-35],[-167,240],[-104,-145],[-122,35],[-66,-192],[-264,186],[20,138],[-292,206],[-213,-109],[-121,-111],[-106,-265],[-190,40],[-188,-175],[42,561],[409,884],[285,286],[-85,153],[-101,-113],[-49,220],[-61,607],[-113,331],[-56,5],[-66,217],[76,308],[-188,543]],[[66599,12441],[-225,49],[-185,-916],[196,-81]],[[66385,11493],[182,-57],[83,433],[-69,236],[48,321],[-30,15]],[[19902,32073],[-19,66],[-737,1397],[-77,108]],[[19069,33644],[-3068,1297],[-3589,97],[-2060,-1936],[-1994,-577],[-1813,-2067],[-256,-804]],[[6289,29654],[-627,444]],[[5662,30098],[-128,106],[-159,37],[-46,207],[-225,-4],[-161,213],[-130,-105],[41,-112],[-113,-77],[35,-173],[174,-104],[123,-152],[192,-36],[-39,-231],[230,-239],[78,-18]],[[5534,29410],[559,-379]],[[6093,29031],[-285,-890]],[[5808,28141],[-459,-1310],[-622,470]],[[4727,27301],[-377,233],[-279,267],[-333,595]],[[3738,28396],[24,188],[85,110],[123,395],[54,361],[233,162],[195,395],[-5,157],[79,267],[193,314],[-105,288],[-84,85],[-41,232],[-217,-82],[-309,498],[-491,578],[11,-154],[-189,143],[-115,241],[-45,184],[-680,302],[-74,62],[240,745],[232,419],[-22,323],[-211,284],[44,190],[-75,126],[-14,277],[98,86],[438,670],[349,1351],[173,336],[368,651],[148,-122],[203,410],[-107,131],[174,282],[-405,593],[-598,906],[237,351],[97,261],[280,365],[227,250],[102,67],[165,293],[107,25],[288,274],[27,193],[189,240],[156,140],[-2,67],[177,308],[90,2],[104,218],[96,62],[61,156],[172,139],[130,326],[749,1028],[66,131],[-25,167],[186,187],[116,182],[333,193],[571,551],[81,8],[313,199],[230,228],[40,156],[132,222],[94,-56],[160,117],[-6,213],[80,110],[196,-5],[117,187],[47,278],[-65,117],[133,222],[136,135],[79,-32],[439,204],[146,134],[190,261],[-7,212],[210,290],[79,51],[-10,211],[147,465],[-521,628],[-84,518],[214,188],[-24,376],[64,370],[386,939]],[[11110,53902],[118,-36],[24,-144],[345,-60],[908,481],[93,98],[226,398],[173,87],[141,205],[163,41],[242,234],[372,252],[231,-28],[372,257],[275,-11],[406,835],[37,210],[468,463],[366,265],[790,491],[57,-240],[-132,-727],[-16,-468],[95,-32],[420,-506],[-46,-490],[48,-5],[-15,-241],[-153,-529],[162,177],[305,-67],[65,-81]],[[17650,54731],[515,-777]],[[20058,56668],[668,756]],[[27896,28968],[-713,-1209],[6,-424],[166,-279],[-47,-164],[-186,-137],[68,-467],[-109,-209],[-143,-9],[-356,-698],[-146,-52],[-64,-173],[-25,-224],[-241,-311],[-117,-64],[-224,14],[-64,-369],[15,-270],[-57,-34],[-255,-526],[-267,-216],[-176,-272],[-186,-91],[-188,65],[-160,-75],[-103,-160],[-135,-84],[-304,-273],[-123,-34],[-119,225],[-125,329],[-212,282],[-44,234],[-48,521],[-100,54],[-47,382],[-115,205],[-191,557],[-35,279],[-170,239],[-270,446],[-70,208],[-59,523],[-104,231],[-153,218],[-261,268],[-127,935],[7,339],[-59,326],[-228,401],[-103,38],[-229,-50],[-132,37],[-83,128],[-145,381],[-127,192],[2,137],[103,407],[-30,436],[-66,154],[-162,178],[-358,610]],[[5034,29767],[-190,251],[-71,-84],[-113,-326],[92,-100],[70,296],[152,-144],[60,107]],[[21425,58753],[1639,1601],[831,-326]],[[18719,32064],[350,1580]],[[53542,34837],[-88,-78],[-122,121],[-182,-50],[-220,-212],[-131,-291],[-183,-229],[-103,-223],[-217,-217],[-53,-108],[-329,-94],[-71,124],[-84,-124],[-128,-428],[-205,-268],[127,-175],[96,-9],[156,-122],[82,88],[131,-247],[31,-198],[-69,-145],[13,-130],[93,-122],[-82,-112],[-52,-321],[-135,-107],[-93,33],[-147,-219],[-172,-185],[-97,-183],[-206,157],[-212,-112],[-82,-170],[96,-183],[10,-251],[-125,-141],[64,-135],[-67,-41],[-152,60],[-75,-83],[0,-190],[-191,-55],[-115,46],[-253,-289],[-49,-214],[66,-178],[-55,-132],[-170,-179],[5,-171],[-85,-127],[13,-181],[-284,-358],[-95,60],[-174,-109],[-169,-175],[-86,13],[-297,-81],[-101,34],[-194,210],[-233,26],[-225,-317],[-155,-144],[-45,-249],[-108,-280],[-157,-67],[-208,-393],[-242,-226],[4,-216],[-119,-71],[20,-142],[136,-172],[270,-67],[37,-143],[189,-6],[66,-517],[57,-115],[102,-9],[89,-310],[199,-154],[120,-8],[101,-702],[173,-413],[1,-334],[39,-227],[92,-74],[176,-337],[-3,-267],[-156,-158],[-27,-203],[-128,-186],[-34,-394],[72,-151],[47,-302],[-104,-323],[-132,-198],[-117,-67],[-69,75],[-222,-71],[-248,-269],[-12,-589],[-145,-292],[-180,-20],[-232,-190],[-180,-62],[-242,44],[-261,-191],[-185,9],[-109,-101],[-220,9],[-12,-281],[-93,-258],[-9,-384],[-148,-324],[-17,-249],[58,-139],[-11,-167],[90,-326],[82,-438],[78,-144],[-222,-161],[-291,-455],[125,-306],[-142,-272],[49,-167],[-22,-165],[-248,7],[-30,-189],[-126,-295],[-3,-110],[-109,-173],[-259,155],[-419,-159],[-195,72],[-177,-6],[-178,-63],[-145,60],[-167,-72],[-229,51],[-109,-392],[-69,-36],[-121,-278],[-27,-175],[-351,-252],[69,-455],[-125,-288],[49,-173],[-10,-222],[-142,-87],[-54,-520],[192,-458],[-88,-305],[-148,-45],[-61,-146],[-126,205],[-175,-25],[-200,80],[-93,-15],[-96,138],[-286,103],[-206,-183],[-125,-206],[-105,-64],[-130,146],[-40,185],[-105,150],[-218,125],[-171,329],[-404,128],[-66,59],[-40,-242],[-73,-184],[-149,-173],[-32,-218],[-322,-9],[-167,243],[-19,184],[-91,97],[52,642],[-294,326],[-163,4],[-167,99],[-78,185],[-26,203],[-192,422],[-236,130],[-402,-315],[-428,108],[-217,-142],[-361,94],[-147,-20],[-129,198],[5,246],[-55,248],[-76,94],[-185,-4],[-114,-80],[-257,16],[-94,-103],[-96,-362],[106,-660],[-71,-241],[-104,-117],[-85,100],[-140,-22],[-189,172],[-35,122],[-143,-164],[-143,-20],[-132,164],[-61,-236],[-179,-70],[-209,-159],[-155,-231],[71,-534],[-120,-124],[-229,97],[-72,-164],[-209,-38],[-112,-195],[-156,-365],[-167,-231],[-96,-27],[-32,-118],[-124,-48],[-90,-120],[-118,19],[-90,112],[-86,-142],[-2,-142],[-142,-285],[-182,-139],[-156,197],[-207,164],[-116,-39],[-108,198],[3,150],[-127,51],[-142,176],[-270,-210],[-184,-36],[-123,76],[-39,233],[-236,49],[-80,-29],[-165,228],[-87,-64],[-24,-137],[-103,-112],[-174,-683],[-122,-54],[-320,-548],[-77,2],[-102,230],[-191,-153],[-252,97],[-66,-112],[-167,-12],[-54,-266],[-208,-183],[-131,-212],[-53,-254],[64,-343],[-86,-125],[-136,-82],[-150,74],[-98,149],[-96,-19],[-290,397],[50,247],[-146,132],[-87,-2],[-286,-191],[-145,-160],[-16,-176],[-237,-223],[-110,-189],[-202,-39],[-166,52],[-71,109],[-62,395],[-54,87],[45,189],[-205,334],[-112,93],[-81,246],[2,235],[-272,233],[4,447],[-79,188],[-161,97],[-189,335],[-67,408],[-136,356],[63,304],[-32,370],[-49,171],[-270,107],[-114,117],[-185,409],[22,159],[241,169],[43,182],[-163,317],[-77,31],[9,204],[-42,270],[-127,195],[-86,-110],[-107,44],[-232,213],[-101,754],[-217,265],[-100,257],[-80,-31],[-181,532],[-110,480],[-148,-37],[-172,234],[39,425],[-84,93],[-105,-121],[-102,27],[-120,-265],[-254,-444],[-268,-86],[-89,-268],[-168,96],[-162,154],[-67,207],[10,168],[171,663],[235,211],[-69,229],[75,304],[-194,485],[184,363],[88,258],[-45,226],[138,502],[-201,91],[-179,-116],[-134,136],[-161,-37],[-386,73],[-182,116],[-89,171],[-436,-71],[-90,-83],[-185,345],[-130,-56],[-68,68],[-74,527],[-90,309],[52,262],[-10,162],[293,458],[38,241],[112,207],[-120,682],[-75,318],[143,513],[72,59],[72,228],[112,171],[-8,416],[203,98],[143,308],[69,363],[254,177],[76,126],[-13,203],[120,333],[-20,378],[121,284],[-18,204],[-98,287],[-112,112],[-155,-114],[-81,205],[-81,37],[-121,226],[-84,2],[-51,141],[40,156],[-115,280],[-401,417],[-148,-4],[-54,285],[30,117],[-52,182],[-266,6],[-1,167],[-111,380],[-157,275],[-39,241],[27,285],[202,253],[242,32],[316,603],[-5,160],[-90,182],[74,340]],[[11110,53902],[98,1855],[-147,504],[-366,805],[-119,182],[-67,325],[264,237],[325,460],[57,193],[181,314],[50,152],[194,346],[338,481],[182,-385],[301,223],[417,135],[349,204],[224,72],[207,138],[513,488],[289,-77],[196,47],[343,311],[146,207],[75,182],[209,702],[116,242],[429,424],[189,104],[227,5],[327,507],[178,200],[-182,81],[-57,190],[-174,43],[-51,150],[-152,209],[40,103],[140,51],[167,454],[-97,72],[243,274],[37,99],[140,46],[83,113],[119,-104],[170,41],[96,91],[63,320],[-108,249],[-31,207],[173,79],[102,203],[281,276],[223,35],[79,115],[243,121],[172,148],[204,106],[37,193],[142,5],[117,229],[96,78],[85,212],[55,-2],[188,193],[45,188],[163,75],[218,450]],[[19904,68878],[56,16]],[[5808,28141],[482,-349]],[[6290,27792],[164,-144],[-8,-339],[96,-205],[-152,-237],[-80,-12],[-98,-150],[7,-288],[101,-142],[137,-466],[262,-389],[-15,-152],[140,-191],[273,177],[126,148],[163,402],[100,36],[-54,-258],[25,-111],[125,-52],[207,63],[-93,-235],[72,-62],[19,-282],[-347,-913],[-399,-462],[-238,-89],[-246,-205],[-125,-195],[-322,65],[-365,-403],[-73,-197],[-164,-77],[-185,-401],[-65,14],[-141,-127],[-66,-152],[61,-574],[-296,-385],[-161,-64],[-350,-252],[-162,-320],[-84,27],[-123,-202],[-196,-32],[-120,105],[-486,62],[-161,367],[-358,-127],[-74,46],[-448,62],[-71,-184],[-67,-355],[-60,52],[-156,-216],[-168,186],[-286,120],[-253,-48],[-216,118],[-249,-109],[-12,-238],[-128,-216],[-137,-34],[-107,-111],[-96,34],[-80,-112],[-27,198],[218,243],[-29,358],[99,341],[93,208],[158,495],[30,292],[66,43],[76,-135],[73,410],[79,170],[-85,216],[-134,57],[-67,111],[-409,288],[44,119],[160,146],[-81,196],[113,388],[88,102],[325,-67],[15,121],[-68,182],[124,26],[82,-108],[150,160],[3,150],[129,189],[272,127],[188,248],[278,-334],[153,382],[149,253],[76,42],[135,-217],[86,107],[234,158],[90,-22],[300,-412],[100,151],[59,-50],[337,548],[-67,142],[17,215],[-85,237],[-172,317],[68,107],[-217,283],[20,267],[-48,42],[263,470],[103,-19],[67,266],[-70,118],[38,200],[-16,280],[128,230]],[[6289,29654],[-196,-623]],[[19904,68878],[-110,60],[-110,-36],[-145,110],[-23,157],[511,413],[73,230],[149,1],[19,366],[77,145],[35,201],[287,366],[301,323],[77,169],[290,209],[95,290],[112,106],[145,8],[66,153],[17,199],[103,66],[167,221],[-169,294],[-25,194],[99,258],[-22,293],[41,157],[-248,827],[138,204],[130,70],[197,-38],[138,55],[106,-64],[80,235],[159,-39],[108,61],[170,-32],[150,252],[104,8],[65,321],[110,285],[-57,282],[-86,44],[1,169],[369,94],[175,99],[249,-80],[240,366],[-72,44],[27,151],[101,67],[55,184],[-118,123],[-140,43],[58,212],[-66,450],[-138,141],[-195,-21],[-25,283],[-285,37],[-55,123],[-145,-15],[-115,-239],[-223,-196],[-285,3],[-191,-174],[-80,45],[-118,-82],[-275,-13],[-34,45],[-213,-105],[-193,40],[-178,-134],[-141,1],[-60,89],[-308,92],[-134,-38],[-28,-106],[-215,-171],[-109,-18],[-18,239],[90,213],[39,244],[-26,294],[263,323],[-14,83],[198,32],[177,183],[-53,477],[130,57],[52,280],[-92,68],[128,88],[404,-26],[86,481],[-25,680],[-30,164],[340,65],[70,-64],[187,190],[89,446],[246,92],[166,-63],[134,79],[143,211],[-88,138],[78,245],[-16,244],[-189,-22],[25,231],[-97,86],[-44,150],[46,238],[-4,290],[-57,234],[74,150],[257,222],[351,181],[168,23],[62,-139],[199,-110],[16,-72],[172,32],[144,-142],[201,0],[241,-140],[78,-196],[110,46],[260,273],[192,-25],[253,37],[100,77],[256,328],[222,-71],[321,-286],[171,-276],[197,-47],[371,89],[329,128],[27,-104],[-252,-167],[-135,-505],[-158,-453],[36,-250],[-21,-227],[-118,-558],[-55,-143],[216,-71],[266,-153],[86,-159],[222,-26],[426,233],[141,-35],[146,-248],[17,-268],[135,-105],[2,-273],[189,176],[360,145],[266,363],[213,-72],[166,137],[71,131],[197,-39],[321,92]],[[59689,78813],[116,-157],[148,-300],[99,-54],[94,-174],[119,-372],[5,-313],[59,-234],[74,-104],[232,-178],[28,-90],[-55,-270],[-99,20],[-78,-255],[-143,54],[-57,371],[-128,380],[-159,365],[-145,76],[-99,294],[-69,45],[-177,416],[21,382],[214,98]],[[60811,70684],[-278,642],[-207,198],[-311,364],[-45,130],[-305,342],[-51,181],[-146,210],[-48,155],[-150,111],[-191,-107],[-318,200],[-631,518],[-149,394],[-59,317],[-108,366],[-128,333],[-258,516],[-99,587],[-55,125],[-122,543],[-142,293],[-101,395],[-14,182],[24,685],[137,108],[67,-354],[96,-298],[108,-29],[200,-446],[32,-241],[115,-475],[97,-251],[9,-245],[62,-207],[172,-330],[47,-220],[153,-210],[24,-181],[354,-712],[352,-372],[111,-29],[88,-131],[204,-21],[77,-122],[204,-35],[257,-221],[197,-94],[133,-119],[51,-139],[242,-195],[174,-90],[145,-304],[232,-96],[213,-181],[414,46],[175,-30],[449,70],[119,-29],[174,221]],[[62603,72402],[79,30],[113,-105],[236,-63],[52,-310],[-135,-122],[106,-216],[221,-40],[137,-214],[267,-85],[161,78],[-77,117],[48,111],[226,-5],[133,-172],[203,-44],[22,-61],[403,101],[68,97],[311,146],[114,87],[146,13],[483,-39],[-107,-135],[-4,-156]],[[65809,71415],[53,-61],[-229,-204],[-328,-183],[-497,-193],[-163,30],[-47,161],[-146,-56],[-43,-119],[-144,72],[-170,-60],[18,-163],[-114,127],[-165,-103],[31,-134],[-53,-273],[-220,-110],[-189,177],[-141,-48],[-177,56],[-38,203],[-495,205],[32,137],[-95,-32],[-337,65],[-80,-101],[-362,129],[-276,-23],[-20,99],[-111,-36],[-148,-237],[-182,-137],[-162,81]],[[62794,71340],[-225,-137],[-42,-270],[117,-54],[40,214],[174,137],[-64,110]],[[62231,71431],[-45,-141],[144,91],[-99,50]],[[37102,48883],[145,-215],[93,-31],[46,-166],[401,-502],[124,-15],[137,-196],[103,-298],[315,-221],[57,6],[430,-233],[246,-333],[70,-238],[94,-62],[83,-487],[68,-100],[197,-74],[115,98],[288,-15],[335,170],[176,-36],[148,-114],[109,-14],[165,-308],[249,-294],[-54,-201],[-192,-197],[-75,-16],[-221,229],[-196,-89],[-208,-230],[-193,-55],[-130,-98],[-161,48],[-113,-64],[-153,91],[-83,150],[-226,175],[-203,48],[-103,151],[-405,224],[-64,106],[26,233],[-34,143],[-131,130],[-242,96],[87,29],[-35,189],[-201,113],[-196,18],[-144,99],[-106,301],[-332,392],[-10,237],[-147,47],[48,121],[-123,-9],[-103,100],[3,464],[98,417],[-77,-23],[113,241],[92,68]],[[45432,49389],[255,-171],[110,-32],[167,59],[155,-234],[-41,-42],[57,-224],[-13,-141],[-313,-30],[-117,-105],[-136,-27],[-191,-230],[-464,-368],[-463,-532],[-110,-81],[-107,23],[-52,-159],[-214,-96],[-218,-286],[-31,-121],[-191,-200],[-54,2],[-182,-242],[-134,-39],[-334,8],[-21,141],[-239,15],[-23,125],[162,132],[166,282],[179,101],[350,379],[229,281],[131,240],[171,152],[188,243],[85,176],[121,24],[99,119],[57,236],[148,174],[223,153],[154,157],[189,2],[252,136]],[[24965,63799],[147,65],[292,269],[158,422],[737,677],[181,68],[464,567],[171,323],[162,147],[284,353],[75,164],[241,332],[232,189],[93,-102],[-29,-134],[-321,-671],[-58,-352],[-101,-159],[-55,-224],[-147,-326],[24,-224],[-266,-662],[-78,-284],[-168,-224],[-82,98],[-62,-369],[-255,-358],[-191,-117],[-133,4],[-226,-212],[-382,-230],[-250,-23],[-118,164],[-73,260],[-431,-16],[-86,220]],[[24714,63434],[-80,138],[185,207],[146,20]],[[26116,64648],[-22,-198],[-127,-370],[-596,-699],[-133,-130],[35,-52],[666,641],[132,258],[154,211],[63,155],[-26,103],[-146,81]],[[20627,55584],[-144,-200],[-63,-181],[-161,-238],[-120,-281],[-302,-359],[-245,-226],[-237,-454],[-360,-275],[-57,4],[-219,-239],[-358,-519],[-252,-442],[-224,-310]],[[17885,51864],[-229,-297],[-104,-14],[-145,84],[-96,154],[-95,-92],[-121,63],[-309,-13],[-92,-113],[-540,-381],[-362,-293],[-75,-117],[-115,3],[-233,-146],[-110,50],[-109,155],[-20,161],[-72,-50],[-62,168],[9,361],[218,222],[289,409],[403,267],[123,156],[71,242],[451,410],[199,423],[167,158],[133,44],[252,364],[267,261],[72,228]],[[17650,54731],[135,408],[51,325],[126,279],[218,168],[178,346],[22,103],[259,355],[85,225],[168,110],[164,206],[125,55],[115,183],[138,-56],[82,421],[114,186],[301,124],[239,208],[19,323],[71,258],[-19,275],[37,311],[256,267],[222,108],[233,50],[201,283],[208,213],[52,-42],[223,196],[22,-45],[191,114],[40,100],[94,-20],[112,258],[254,138],[146,172],[343,65],[67,-163],[204,-119],[290,110],[45,-146],[95,186]],[[23576,61269],[110,14],[150,-214],[113,-231],[147,-480],[-202,-246],[1,-84]],[[23895,60028],[-87,-398],[-155,-228],[-43,-155],[-170,-212],[-312,-295],[-115,-43],[-173,-204],[-185,-139],[-95,-181],[1,-172],[-398,-459]],[[22163,57542],[-161,-168],[-69,-147],[-207,-294],[-280,-226],[-31,-185],[-120,-52]],[[21295,56470],[-431,-395],[-10,-164],[-227,-327]],[[50527,71366],[229,-41],[141,-222],[100,-706],[83,-186],[85,-366],[-17,-210],[-114,-157],[-172,325],[-126,319],[-114,401],[-189,415],[60,167],[-19,232],[53,29]],[[47818,69296],[228,-274],[72,-18],[222,-393],[339,-422],[131,-104],[322,-412],[113,-275],[36,-317],[-122,-164],[14,-112],[-91,-162],[-186,80],[-138,191],[-275,222],[-285,369],[-397,679],[-43,164],[-18,395],[91,384],[-89,122],[76,47]],[[49911,73045],[-135,505],[-45,285],[-105,370],[-192,1497],[32,352],[103,170],[99,-75],[155,-345],[26,-344],[169,-921],[85,-371],[-12,-146]],[[50091,74022],[77,-233],[36,-292],[-77,-171],[-46,-257],[49,-134],[-45,-191],[-63,-8],[-111,309]],[[55594,66067],[189,141],[14,266],[-58,40],[-221,-31],[-156,170]],[[55362,66653],[-56,152],[-14,344],[88,192],[102,349],[-140,-91],[-170,158],[-18,258],[92,187],[31,231],[-130,497],[-88,165],[69,299],[153,134],[81,-70],[59,158],[192,43],[51,-246],[99,67],[157,-11],[197,-142],[57,-113],[202,-132],[17,-95],[-183,-881],[-57,-501],[34,-104],[-148,-272],[-82,-393],[33,-199],[69,-104],[81,-414],[103,-127],[53,-172],[166,-304],[79,-229]],[[56541,65287],[37,-66],[-6,-326],[93,-328],[16,-189],[-172,-383],[-83,-4],[-232,490],[-726,790],[-135,267],[4,116],[105,114],[152,299]],[[58716,58709],[12,-263],[-174,-537],[-45,-248],[47,-224],[171,-206],[64,-207],[-49,-317],[77,-144],[-14,-223],[-135,-190],[-125,-6],[-201,-437],[-128,321],[-92,454],[3,399],[94,255],[-187,209],[-183,305],[-19,120],[133,517],[8,215],[196,902],[-58,403],[123,377],[-37,139],[-142,114],[-93,-20],[-251,-196]],[[57711,60221],[-233,-167],[-71,-136],[-228,-193],[-500,-187],[-330,-272],[-342,-66],[-353,105],[-180,274],[-109,80],[-400,5],[-141,121],[-255,18],[-129,60],[4,143],[-162,141],[20,215],[186,164],[245,154],[442,90],[96,119],[-129,144],[-226,52],[-70,-46],[-260,82],[-127,-6]],[[54459,61115],[-134,-24],[-272,83],[-353,23],[-158,-48]],[[53542,61149],[-335,27],[-88,-97],[-100,-314],[-108,-87],[-103,-242],[3,-127],[-402,-298],[20,-264],[74,-100],[-37,-111],[-231,-271],[-285,-223],[-143,-161]],[[51807,58881],[-236,-202],[-143,236],[-26,-113],[-97,37],[37,177],[163,207],[247,229],[161,56]],[[51913,59508],[115,13],[327,207],[54,404],[-122,13],[-203,-96],[-78,34],[-4,236],[61,214],[-71,397]],[[51992,60930],[-56,222],[-93,136],[1,119],[103,116],[109,8],[89,-351],[149,-163],[302,238],[-52,508],[71,89],[-109,173],[-30,224],[71,214],[-175,303],[-26,275],[-122,-10],[-51,168],[-151,75],[-68,182],[-96,14],[86,96],[246,23],[207,-33],[56,-186],[118,-75],[280,-476],[34,-233],[174,1],[191,314],[87,63],[115,230],[325,385],[177,315]],[[53954,63894],[144,177],[75,-53],[161,186],[18,103],[186,319],[118,264],[86,-139],[-76,-68],[-78,-243],[-44,-337]],[[54544,64103],[6,-134],[-83,-192],[3,-275],[-192,-400],[-316,-312],[-180,-426],[118,-123],[192,156],[244,-48],[160,122],[169,22],[150,-45],[221,-245],[37,-88],[176,40],[123,-66],[119,-303],[164,-132],[85,-547],[-158,-125],[-80,-200]],[[55502,60782],[156,-107],[70,33],[185,-147],[568,128],[144,-148],[110,-3],[123,-110],[340,14],[145,87],[203,284],[184,150],[224,68],[98,-58],[53,-173],[153,-50],[58,-92],[138,-37],[64,-250],[-18,-702],[85,-523],[131,-437]],[[62285,68354],[71,-164],[122,-85],[-59,-299],[84,-247],[-66,-204],[83,-102],[89,-354],[-6,-507],[81,-281],[-23,-179],[82,-200],[274,-196],[96,-192],[-57,-187],[-148,-1],[-138,141],[-201,435],[-256,213],[-44,216],[87,221],[-186,241],[-11,292],[-218,538],[-27,163],[-124,111],[135,379],[286,61],[74,187]],[[50386,55717],[45,-224],[-53,-85],[-26,-480],[-207,-264],[-114,-75],[-186,-246],[-92,-179],[-32,-181],[-222,-344],[-34,138],[-224,209],[-5,82],[168,547],[448,342],[192,241],[97,304],[109,196],[136,19]],[[71270,66560],[-86,-28],[-241,150],[-111,-9],[-311,190],[-215,33],[-195,148],[-421,9],[-226,59],[-179,217]],[[69285,67329],[44,105],[92,-55],[204,252],[210,2],[161,-83],[282,-22],[74,-118],[76,62],[208,-101],[311,7],[302,-40],[595,-209],[350,53],[197,-29],[274,56],[442,-82],[125,66],[344,-76],[158,20],[33,-74],[-65,-260],[-3,-171],[-88,-92],[-105,12],[-89,-108],[-133,-34],[-336,132],[-209,20],[-156,-145],[-232,-5],[-211,-66],[-139,22],[-143,155],[-100,-91],[-114,6],[-374,122]],[[58091,67551],[127,-71],[187,26],[68,-143],[144,-94],[71,59],[242,-160],[103,-192],[66,-284],[120,-278],[-69,-471],[-178,-52],[-33,147],[-101,118],[-25,323],[-157,68],[-201,185],[-347,153],[124,260],[-141,406]],[[25483,47497],[-95,-321],[-158,-57],[-60,-120],[35,-262],[125,-175],[-12,-95],[116,-81],[38,-343],[139,14],[83,151],[-28,-190],[-112,-198],[-156,94],[44,-228],[-144,-125],[-97,-177],[41,-362],[59,-55],[-142,-145],[32,-151],[-24,-603],[64,-100],[24,-374],[66,-180],[17,-790],[-34,-127],[-78,114],[-92,-14],[-76,489],[57,56],[-95,120],[36,219],[-32,386],[81,645],[-101,231],[120,306],[-127,106],[-83,-176],[-87,16],[-25,-146],[-53,217],[109,67],[72,262],[-1,168],[143,284],[213,216],[51,284],[-129,-147],[-21,120],[-210,94],[71,86],[-9,189],[101,151],[-78,102],[-118,21],[201,134],[25,101],[147,42],[14,138],[153,119]],[[24333,57960],[109,241],[387,239],[659,515],[235,-84],[183,-377],[33,-189],[-352,-599],[-191,-199],[-178,-263],[-122,-36],[-92,70],[-54,-336],[-80,-98]],[[24870,56844],[-97,-106],[-239,-147],[-98,-129],[-231,-6],[-151,55],[-210,307],[-81,189],[10,313],[289,346],[39,111],[232,183]],[[79476,84816],[-125,111],[-70,-341],[-150,-174],[-65,-246],[-84,-97],[-225,-124],[-499,-66],[-182,-48],[-174,108],[-93,-8],[-144,133],[-59,283]],[[77004,84902],[-90,239],[-125,-27],[-73,69]],[[76716,85183],[-8,250],[103,172],[-42,130],[-144,130],[-45,-44],[-175,168],[-16,87],[-369,511],[-352,352],[-82,175],[20,120],[-117,184],[-6,199],[60,334],[-53,132],[78,7],[-70,204],[-382,327],[-448,347],[-375,361],[-399,508],[-186,311],[-380,293],[-123,150],[-418,276],[-188,221],[-186,114],[-123,0],[-80,144],[-168,-42],[-42,122],[-187,199],[-42,148],[-112,-31],[-168,156],[-153,-4],[-137,254],[-106,-27],[27,176]],[[71122,92297],[-59,87],[16,184],[-40,259],[266,-21],[364,-184],[91,130],[137,25],[-159,491],[39,294],[-107,254],[-244,343],[-192,148],[-40,190],[-99,85],[-47,242],[46,128],[-159,1095],[-146,82],[-174,177],[-187,290],[-36,138],[-284,-85],[-236,282],[-126,209],[-197,222],[-409,227],[-510,548],[-198,315],[-94,219],[-145,175],[-39,164],[-377,415],[72,286],[108,87],[35,200],[327,-165],[112,49],[116,-136],[112,-249],[388,-441],[145,-120],[280,-159],[86,-149],[279,-291],[92,-150],[95,-312],[139,-168],[269,-55],[117,-68],[319,-281],[239,-167],[248,-334],[339,-144],[203,-166],[103,-188],[76,-15],[3,-546],[114,-463],[153,-353],[353,-501],[197,-196],[46,-105],[310,-216],[204,-291],[518,-477],[257,-56],[182,-209],[387,-340],[161,-31],[398,264],[253,-13],[81,113],[396,15],[330,-132],[228,-369],[99,-68],[136,34],[353,-241],[127,-172],[131,128],[215,-103],[102,142],[100,-34],[257,-233],[126,-324],[169,-236],[44,-149],[-38,-144],[42,-294],[92,-270],[116,-56],[5,-391],[49,-225],[140,-199],[-34,-84],[181,-63],[155,-320],[140,98],[17,-181],[105,120],[-48,-196],[310,-51],[113,86],[111,-13],[180,91],[146,-48],[109,-155],[76,-458],[250,-251],[45,67],[183,35],[69,-170],[239,-113],[21,-155],[148,-187],[140,-66],[364,71],[152,-36],[89,-249],[250,-102],[148,77],[63,-72],[153,50],[155,-146],[181,-384],[73,-282],[168,-89],[266,-484],[52,-287],[-19,-247],[-151,-238],[-509,82],[-70,-40],[-250,109],[-105,-124],[-66,41],[-27,-162],[129,-280],[-223,241],[-99,33],[35,-150],[-80,-204],[-40,187],[11,-327],[-160,-96],[-15,107],[156,350],[-199,-120],[-12,-428],[-24,52],[11,413],[-108,334],[39,-242],[-40,-239],[-33,388],[-138,268],[102,-301],[2,-340],[-98,56],[-118,-172],[100,-153],[-169,67],[-115,-194],[-181,322],[-38,130],[74,225],[121,197],[-125,40],[-161,-175],[-59,-169],[-204,-254],[-140,15],[-175,-281],[-212,-47],[-246,1],[-333,336],[-78,346],[-166,-142]],[[71404,94808],[-161,-115],[15,-115],[267,-70],[12,192],[-133,108]],[[82170,87187],[-150,-44],[-28,-103],[114,-138],[115,8],[81,121],[-2,185],[-130,-29]],[[70583,92780],[-214,11],[-197,-145],[-291,149],[-176,-64],[-138,49],[-171,-37],[-175,56],[-162,349],[-129,46],[-129,-185],[-158,164],[-476,23],[-95,-74],[-152,90],[-269,-63],[-71,99],[-412,-176],[-89,15],[-208,-175],[-105,51],[-141,-220],[-124,-18],[-28,-179],[-229,-208],[-82,41],[-154,-142],[-281,-134],[-135,17],[-176,-262],[-149,78],[-258,-203],[-310,46],[-141,206],[-45,156],[-144,51],[-62,-93],[-221,156]],[[64086,92255],[-102,155],[188,-20],[178,-90]],[[64350,92300],[194,-14],[224,-178],[227,149],[171,-9],[149,172],[171,91],[117,-79],[132,19],[19,102],[378,411],[336,110],[98,264],[334,226],[159,210],[188,433],[-11,69],[-267,441],[-444,223],[-115,150],[-296,287],[-153,64],[-127,129],[-54,147],[27,220],[264,218],[165,34],[128,-93],[165,-22],[390,-278],[165,-189],[168,34],[-14,-112],[165,-185],[49,98],[-83,148],[-237,286],[-22,130],[-194,44],[-166,168],[22,227],[200,3],[233,-325],[100,-59],[301,-305],[298,-146],[25,-95],[193,-83],[752,-616],[234,-76],[124,-192],[122,-64],[100,-381],[107,-150],[-78,-126],[-230,-19],[-93,81],[-33,-135],[154,-49],[270,48],[74,-70],[105,-303],[174,-277],[22,-255],[246,-125],[212,207],[191,36],[80,89],[39,-115],[-111,-163]],[[68007,94798],[79,-208],[-90,-135],[92,-398],[530,-316],[286,-142],[219,156],[-234,231],[-213,346],[-105,20],[-118,210],[-185,-33],[-100,226],[-161,43]],[[66385,11493],[-61,-381],[-137,26],[-10,-192],[83,-16],[51,-139],[-22,-387],[61,-112],[20,-224],[207,-251],[12,-147],[129,-386],[-75,-504],[-145,38],[23,171],[-47,174],[3,386],[-91,235],[-171,219],[-141,103],[-77,136],[-121,-96],[-168,-231],[-57,-222],[-80,-70],[-51,-205],[-262,-249]],[[65258,9169],[-123,-97],[-164,-412],[-118,111],[67,376],[-20,241],[-187,246],[-69,423],[59,410],[73,183],[-80,187],[-16,275],[-279,-31],[-49,199],[-170,61],[-135,145],[-29,156]],[[64018,11642],[53,157],[149,112],[98,-179],[-81,-298],[149,-125],[154,31],[108,169],[-86,242],[13,94],[159,110],[60,151],[-27,567],[90,217],[66,-25],[120,159],[97,-103],[13,-147],[-114,-418],[-128,-284],[-61,-290],[142,-958],[-93,-366],[-56,-394],[223,-328],[78,-174],[133,4],[250,355],[210,474],[114,495],[86,66],[167,-8],[18,201],[-135,111],[38,540],[150,391],[-31,584],[-175,231],[105,376],[124,45],[67,-74],[46,113],[108,23],[106,-218],[153,-43],[259,198],[251,27],[218,359],[207,213]],[[67613,14025],[209,229],[211,71],[113,91],[130,-60],[341,-15],[115,31],[358,5],[179,124],[114,194],[292,259],[150,-217],[42,-191],[-238,-349],[-217,-212],[-18,-85],[-260,-258],[-161,40],[-58,-63],[-141,77],[-511,111],[-219,15],[-386,-515]],[[67658,13307],[-141,-104],[-171,-55],[-73,-153],[-505,-311],[-169,-243]],[[66599,12441],[-70,-171],[-6,-257],[-102,-169],[-36,-351]],[[60449,18098],[15,112],[204,403],[36,196],[102,174],[159,717],[168,258],[121,302],[270,152],[114,23],[319,194],[151,-232],[170,-163],[153,-43],[151,164],[177,70],[45,613],[-74,311],[35,66],[326,69],[202,141],[114,177],[199,-57],[18,-138],[260,-436],[134,172],[-113,-332],[183,87],[-164,-173],[4,-138],[207,-95],[-171,-4],[-5,-176],[91,-20],[59,145],[40,-195],[-234,-28],[-44,-102],[-167,-111],[-114,20],[-128,-198],[-291,-53],[-345,-214],[-230,-359],[-259,-199],[-111,-242],[-170,-206],[-79,-179],[-189,-270],[-69,-28]],[[61719,18273],[-57,-50],[-228,10],[-138,-61],[-47,-394],[-142,-246],[-162,-210],[-14,-223],[170,-378],[60,-216],[-38,-360],[82,-303],[12,-464],[-28,-227],[47,-95],[159,-91],[101,-139],[45,-268],[67,-173],[-1,-361],[-169,-537],[-252,-381],[-153,1],[-157,-289],[-140,-108],[-33,-403],[-318,-507],[-190,-215],[-115,-66],[-409,-462],[-40,-85],[1,-425],[-121,-156],[-148,-6],[-193,-249],[-165,-348],[-258,-166],[-97,-101],[-129,-332],[187,-233],[-145,-137],[-256,2],[-128,-371],[-32,-395],[87,-79],[51,-302],[-66,-299],[156,-334],[42,-361],[109,-222],[4,-133],[181,-51],[2,-323],[61,-216],[16,-391],[63,-161],[-13,-188],[-166,-164],[-101,97],[-16,-154],[-121,-186],[24,-439],[-47,-153],[-210,-305],[-216,-55],[-231,147],[-91,-11],[-101,-174],[7,-181],[-100,-444],[-12,-292],[184,-399],[193,69],[133,-63],[-146,-147],[1,-206],[113,-260],[-1,-134],[184,-38],[86,-491],[43,-500],[117,109],[67,-100],[-45,-222],[149,-98],[146,160],[7,-163],[113,-59],[94,-139],[-199,99],[-481,71],[-227,-124],[-51,297],[-56,130],[-20,267],[-83,165],[-191,215],[-38,181],[33,227],[-107,62],[-39,356],[-313,438],[-58,181],[-63,577],[-3,249],[-61,156],[132,487],[8,240],[70,166],[87,-83],[145,87],[47,136],[103,75],[35,128],[-16,396],[189,433],[-133,1017],[-9,163],[-88,363],[-130,286],[-101,140],[-367,239],[-141,158],[-226,99],[-298,672],[8,214],[-47,190],[-277,444],[-238,241],[25,141],[101,161],[254,167],[170,-89],[7,85],[-232,151],[85,33],[233,-112],[92,-101],[419,-258],[124,-110],[206,-438],[74,-2],[131,-243],[175,443],[1,103],[147,246],[9,114],[185,169],[171,65],[232,266],[119,186],[287,337],[73,146],[53,327],[78,227],[298,555],[68,231],[153,176],[117,316],[141,469],[160,271],[88,264],[66,67],[87,-73],[113,164],[292,112],[222,248],[43,334],[-84,131],[-52,413],[37,291],[-147,365],[-22,352],[-124,149],[51,205],[-48,122],[-42,323],[-2,309],[72,350],[50,102]],[[8193,45081],[36,-124],[-127,-286],[0,-275],[-126,-88],[-270,-419],[-74,-57],[-293,-401],[-166,-124],[-24,-121],[-109,-118],[-149,-55],[-107,-205],[-98,-23],[-141,-244],[-55,59],[-137,-175],[-65,205],[108,118],[138,261],[48,164],[235,323],[299,329],[146,217],[504,507],[427,532]],[[5534,29410],[36,456],[92,232]],[[5662,30098],[190,488],[220,319],[100,269],[154,217],[108,277],[243,329],[109,-6],[210,-112],[211,426],[-31,214],[199,528],[24,405],[87,1],[70,160],[176,138],[234,460],[50,190],[270,294],[171,363],[123,173],[383,83],[251,126],[181,-1],[236,-250],[209,-34],[437,469],[321,92],[223,120],[179,262],[152,-2],[-2,266],[175,295],[161,11],[120,102],[15,206],[91,208],[166,101],[251,529],[120,62],[282,-98],[244,-284],[412,-31],[148,51],[107,178],[172,75],[185,209],[242,-22],[255,-301],[13,65],[307,-184],[200,-187],[128,71],[165,-94],[87,39],[435,7],[60,-64],[279,-49],[237,-172],[150,-61],[497,-578],[195,2],[149,140],[143,-3],[167,-126],[247,-353],[288,-220],[184,-68],[138,26],[155,-98],[245,-87],[287,-40],[69,-68],[178,-6],[65,-283],[127,-132],[241,-83],[50,-214],[64,-42],[72,-223],[66,53],[213,-28],[92,-72],[87,-210],[112,3],[92,-103],[241,24],[121,-137],[70,-334],[184,-41],[116,-274],[147,-741],[-114,-280],[-42,-218],[-88,-97],[-405,52],[-111,-100],[-181,75],[-218,-19],[-243,-110],[-155,62]],[[19902,32073],[16,-279],[-71,-142],[-161,140],[-104,8],[-217,-85],[-218,19],[-185,174],[-243,156]],[[18719,32064],[-313,-30],[-328,211],[-69,3],[-347,254],[-168,78],[-298,18],[-236,148],[-138,15],[-642,-5],[-275,-34],[-148,-101],[-207,-16],[-264,56],[-292,13],[-321,-95],[-589,-137],[-126,38],[-347,-150],[-194,-46],[-320,-134],[-153,-29],[-111,50],[-370,346],[-164,57],[-490,-314],[-182,-252],[-31,-109],[3,-403],[-105,-285],[-547,-401],[-282,-242],[-234,-137],[-366,-7],[-186,-416],[-128,-67],[-188,-442],[-172,48],[-470,313],[-77,298],[-150,375],[10,232],[-159,152],[-292,-19],[-90,101],[-77,-105],[-445,-181],[-19,-95],[-199,-168],[-274,-435],[-82,-71],[11,-189],[-123,-380],[-207,-456],[-113,-153],[25,-240],[-124,-449],[-84,-199],[-162,-86]],[[6290,27792],[18,-313],[-182,-468],[-130,-132],[-184,-485],[-154,-348],[-115,-131],[-194,-69],[-100,-303],[-45,-650],[29,-218],[-71,-289],[-155,-329],[-227,-658],[-424,-381],[-235,17],[144,116],[97,190],[-30,316],[27,156],[-89,221],[42,653],[38,145],[-7,397],[122,320],[132,248],[47,-2],[80,492],[3,257],[-57,163],[68,327],[-11,267]],[[4727,27301],[141,213],[248,573],[169,296],[179,674],[-2,206],[72,147]]],"transform":{"scale":[0.00004535993181434581,0.000020949180562273245],"translate":[5.956088145946119,45.722347643364024]}}