{"type":"Topology","objects":{"municipalities":{"type":"GeometryCollection","geometries":[{"type":"Polygon","id":2004,"properties":{"id":2004,"name":"Bussy (FR)"},"arcs":[[0,1,2,3,4,5]]},{"type":"Polygon","id":2005,"properties":{"id":2005,"name":"Châbles"},"arcs":[[6,7,8,9,10,11,12]]},{"type":"Polygon","id":2008,"properties":{"id":2008,"name":"Châtillon (FR)"},"arcs":[[-7,13]]},{"type":"Polygon","id":2009,"properties":{"id":2009,"name":"Cheiry"},"arcs":[[14,15,16,17]]},{"type":"Polygon","id":2010,"properties":{"id":2010,"name":"Cheyres"},"arcs":[[18,19,20,-11]]},{"type":"Polygon","id":2011,"properties":{"id":2011,"name":"Cugy (FR)"},"arcs":[[21,22,23,24,-2]]},{"type":"Polygon","id":2013,"properties":{"id":2013,"name":"Domdidier"},"arcs":[[25,26,27,28,29,30]]},{"type":"Polygon","id":2014,"properties":{"id":2014,"name":"Dompierre (FR)"},"arcs":[[31,32,-28]]},{"type":"Polygon","id":2015,"properties":{"id":2015,"name":"Estavayer-le-Lac"},"arcs":[[33,34,35,-8,-14,-13,36,37]]},{"type":"Polygon","id":2016,"properties":{"id":2016,"name":"Fétigny"},"arcs":[[38,-23,39]]},{"type":"Polygon","id":2022,"properties":{"id":2022,"name":"Gletterens"},"arcs":[[40,41,42,43]]},{"type":"Polygon","id":2024,"properties":{"id":2024,"name":"Léchelles"},"arcs":[[44,45,46,47,48,-26,49]]},{"type":"Polygon","id":2025,"properties":{"id":2025,"name":"Lully (FR)"},"arcs":[[50,51,-9,-36]]},{"type":"Polygon","id":2027,"properties":{"id":2027,"name":"Ménières"},"arcs":[[-39,52,53,-24]]},{"type":"Polygon","id":2029,"properties":{"id":2029,"name":"Montagny (FR)"},"arcs":[[-48,54,55,56,57,58,59,60]]},{"type":"Polygon","id":2033,"properties":{"id":2033,"name":"Morens (FR)"},"arcs":[[61,-6,62,63]]},{"type":"Polygon","id":2034,"properties":{"id":2034,"name":"Murist"},"arcs":[[64,65,66,-19,-10,-52]]},{"type":"Polygon","id":2035,"properties":{"id":2035,"name":"Nuvilly"},"arcs":[[67,-66,68]]},{"type":"Polygon","id":2038,"properties":{"id":2038,"name":"Prévondavaux"},"arcs":[[69,-17]]},{"type":"Polygon","id":2039,"properties":{"id":2039,"name":"Rueyres-les-Prés"},"arcs":[[-64,70,71]]},{"type":"Polygon","id":2040,"properties":{"id":2040,"name":"Russy"},"arcs":[[-49,-61,72,-32,-27]]},{"type":"Polygon","id":2041,"properties":{"id":2041,"name":"Saint-Aubin (FR)"},"arcs":[[-30,73,74,75,76]]},{"type":"Polygon","id":2043,"properties":{"id":2043,"name":"Sévaz"},"arcs":[[-4,77,-34,78]]},{"type":"Polygon","id":2044,"properties":{"id":2044,"name":"Surpierre"},"arcs":[[79,80,-15,81]]},{"type":"Polygon","id":2045,"properties":{"id":2045,"name":"Vallon"},"arcs":[[-75,82,-41,83]]},{"type":"Polygon","id":2047,"properties":{"id":2047,"name":"Villeneuve (FR)"},"arcs":[[-80,84]]},{"type":"Polygon","id":2049,"properties":{"id":2049,"name":"Vuissens"},"arcs":[[85]]},{"type":"Polygon","id":2050,"properties":{"id":2050,"name":"Les Montets"},"arcs":[[-78,-3,-25,-54,86,-69,-65,-51,-35]]},{"type":"Polygon","id":2051,"properties":{"id":2051,"name":"Delley-Portalban"},"arcs":[[-76,-84,-44,87,88]]},{"type":"Polygon","id":2052,"properties":{"id":2052,"name":"Vernay"},"arcs":[[-71,-63,-5,-79,-38,89,90]]},{"type":"Polygon","id":2061,"properties":{"id":2061,"name":"Auboranges"},"arcs":[[91,92,93]]},{"type":"Polygon","id":2063,"properties":{"id":2063,"name":"Billens-Hennens"},"arcs":[[94,95,96]]},{"type":"Polygon","id":2066,"properties":{"id":2066,"name":"Chapelle (Glâne)"},"arcs":[[97,98,99]]},{"type":"Polygon","id":2067,"properties":{"id":2067,"name":"Le Châtelard"},"arcs":[[100,101,102,103,104]]},{"type":"Polygon","id":2068,"properties":{"id":2068,"name":"Châtonnaye"},"arcs":[[105,106,107,108]]},{"type":"Polygon","id":2072,"properties":{"id":2072,"name":"Ecublens (FR)"},"arcs":[[109,-94,110,111]]},{"type":"Polygon","id":2079,"properties":{"id":2079,"name":"Grangettes"},"arcs":[[-104,112,113,114,115]]},{"type":"Polygon","id":2086,"properties":{"id":2086,"name":"Massonnens"},"arcs":[[-105,-116,116,117,118,119]]},{"type":"Polygon","id":2087,"properties":{"id":2087,"name":"Mézières (FR)"},"arcs":[[-118,120,121,122,123]]},{"type":"Polygon","id":2089,"properties":{"id":2089,"name":"Montet (Glâne)"},"arcs":[[124,125,-112,126]]},{"type":"Polygon","id":2096,"properties":{"id":2096,"name":"Romont (FR)"},"arcs":[[127,-123,128,-97,129,130]]},{"type":"Polygon","id":2097,"properties":{"id":2097,"name":"Rue"},"arcs":[[131,-100,132,-92,-110,-126,133]]},{"type":"Polygon","id":2099,"properties":{"id":2099,"name":"Siviriez"},"arcs":[[-122,134,135,136,137,-95,-129]]},{"type":"Polygon","id":2102,"properties":{"id":2102,"name":"Ursy"},"arcs":[[-137,138,-134,-125,139]]},{"type":"Polygon","id":2111,"properties":{"id":2111,"name":"Villaz-Saint-Pierre"},"arcs":[[140,-119,-124,-128,141,142,-107,143]]},{"type":"Polygon","id":2113,"properties":{"id":2113,"name":"Vuisternens-devant-Romont"},"arcs":[[-117,-115,144,145,146,-135,-121]]},{"type":"Polygon","id":2114,"properties":{"id":2114,"name":"Villorsonnens"},"arcs":[[147,148,149,-101,-120,-141,150,151]]},{"type":"Polygon","id":2115,"properties":{"id":2115,"name":"Torny"},"arcs":[[152,153,154,-109,155,-59]]},{"type":"MultiPolygon","id":2116,"properties":{"id":2116,"name":"La Folliaz"},"arcs":[[[-131,156,-142]],[[157,158,-151,-144,-106,-155]]]},{"type":"Polygon","id":2121,"properties":{"id":2121,"name":"Haut-Intyamon"},"arcs":[[159,160,161,162,163,164]]},{"type":"Polygon","id":2122,"properties":{"id":2122,"name":"Pont-en-Ogoz"},"arcs":[[165,166,167,168,169,170,171]]},{"type":"Polygon","id":2123,"properties":{"id":2123,"name":"Botterens"},"arcs":[[172,173,174,175,176,177]]},{"type":"Polygon","id":2124,"properties":{"id":2124,"name":"Broc"},"arcs":[[178,179,-175,180,181,182,183,184,185]]},{"type":"Polygon","id":2125,"properties":{"id":2125,"name":"Bulle"},"arcs":[[186,187,-185,188,189,190,191,192,193]]},{"type":"Polygon","id":2128,"properties":{"id":2128,"name":"Châtel-sur-Montsalvens"},"arcs":[[194,-181,-174,195]]},{"type":"MultiPolygon","id":2129,"properties":{"id":2129,"name":"Corbières"},"arcs":[[[196,-178,197,198]],[[199,200,201]]]},{"type":"Polygon","id":2130,"properties":{"id":2130,"name":"Crésuz"},"arcs":[[-182,-195,202]]},{"type":"MultiPolygon","id":2131,"properties":{"id":2131,"name":"Echarlens"},"arcs":[[[-193,203,204]],[[205,206,-187,207,208,-201]]]},{"type":"Polygon","id":2134,"properties":{"id":2134,"name":"Grandvillard"},"arcs":[[209,210,-161,211]]},{"type":"Polygon","id":2135,"properties":{"id":2135,"name":"Gruyères"},"arcs":[[-184,212,213,-165,214,215,216,-191,217,-189]]},{"type":"Polygon","id":2137,"properties":{"id":2137,"name":"Hauteville"},"arcs":[[218,-199,219,220]]},{"type":"Polygon","id":2138,"properties":{"id":2138,"name":"Jaun"},"arcs":[[221,222,223]]},{"type":"Polygon","id":2140,"properties":{"id":2140,"name":"Marsens"},"arcs":[[-202,-209,224,225,-113,-103,226,-167,227]]},{"type":"MultiPolygon","id":2143,"properties":{"id":2143,"name":"Morlon"},"arcs":[[[-176,-180,228]],[[-186,-188,-207,229]]]},{"type":"Polygon","id":2145,"properties":{"id":2145,"name":"Le Pâquier (FR)"},"arcs":[[-218,-190]]},{"type":"Polygon","id":2147,"properties":{"id":2147,"name":"Pont-la-Ville"},"arcs":[[230,231,232,233]]},{"type":"Polygon","id":2148,"properties":{"id":2148,"name":"Riaz"},"arcs":[[-208,-194,-205,234,235,236,-225]]},{"type":"Polygon","id":2149,"properties":{"id":2149,"name":"La Roche"},"arcs":[[237,238,239,-221,240,-231,241]]},{"type":"Polygon","id":2152,"properties":{"id":2152,"name":"Sâles"},"arcs":[[-114,-226,-237,242,243,244,-145]]},{"type":"Polygon","id":2153,"properties":{"id":2153,"name":"Sorens"},"arcs":[[-227,-102,-150,245,-168]]},{"type":"Polygon","id":2155,"properties":{"id":2155,"name":"Vaulruz"},"arcs":[[246,-216,247,-243,-236]]},{"type":"Polygon","id":2160,"properties":{"id":2160,"name":"Vuadens"},"arcs":[[-204,-192,-217,-247,-235]]},{"type":"Polygon","id":2162,"properties":{"id":2162,"name":"Bas-Intyamon"},"arcs":[[-212,-160,-214,248]]},{"type":"Polygon","id":2163,"properties":{"id":2163,"name":"Val-de-Charmey"},"arcs":[[249,-223,250,-210,-249,-213,-183,-203,-196,-173,-197,-219,-240,251]]},{"type":"Polygon","id":2171,"properties":{"id":2171,"name":"Arconciel"},"arcs":[[252,253,254,255,256,257,258]]},{"type":"Polygon","id":2172,"properties":{"id":2172,"name":"Autafond"},"arcs":[[259,260,261,262]]},{"type":"Polygon","id":2173,"properties":{"id":2173,"name":"Autigny"},"arcs":[[263,264,265,-148,266,267]]},{"type":"Polygon","id":2174,"properties":{"id":2174,"name":"Avry"},"arcs":[[268,269,270,271,272,273,274]]},{"type":"Polygon","id":2175,"properties":{"id":2175,"name":"Belfaux"},"arcs":[[275,276,277,278,-263,279,280]]},{"type":"Polygon","id":2177,"properties":{"id":2177,"name":"Chénens"},"arcs":[[-267,-152,-159,281]]},{"type":"Polygon","id":2179,"properties":{"id":2179,"name":"Chésopelloz"},"arcs":[[282,-275,283,284,-260,-279]]},{"type":"Polygon","id":2183,"properties":{"id":2183,"name":"Corminboeuf"},"arcs":[[285,286,-269,-283,-278,287]]},{"type":"Polygon","id":2184,"properties":{"id":2184,"name":"Corpataux-Magnedens"},"arcs":[[288,289,290,-258]]},{"type":"Polygon","id":2185,"properties":{"id":2185,"name":"Corserey"},"arcs":[[291,-153,-58,292]]},{"type":"Polygon","id":2186,"properties":{"id":2186,"name":"Cottens (FR)"},"arcs":[[293,294,-264,295,296]]},{"type":"Polygon","id":2189,"properties":{"id":2189,"name":"Ependes (FR)"},"arcs":[[297,298,299,300,-254,301]]},{"type":"Polygon","id":2192,"properties":{"id":2192,"name":"Farvagny"},"arcs":[[-290,302,-171,303,304,-265,-295,305]]},{"type":"Polygon","id":2194,"properties":{"id":2194,"name":"Ferpicloz"},"arcs":[[306,307,-300]]},{"type":"Polygon","id":2196,"properties":{"id":2196,"name":"Fribourg"},"arcs":[[308,309,310,311,312,313,314,315]]},{"type":"Polygon","id":2197,"properties":{"id":2197,"name":"Givisiez"},"arcs":[[-315,316,-288,-277,317,318]]},{"type":"Polygon","id":2198,"properties":{"id":2198,"name":"Granges-Paccot"},"arcs":[[-316,-319,319,320]]},{"type":"Polygon","id":2200,"properties":{"id":2200,"name":"Grolley"},"arcs":[[-280,-262,321,-46,322]]},{"type":"Polygon","id":2206,"properties":{"id":2206,"name":"Marly"},"arcs":[[323,324,-302,-253,325,326,-313]]},{"type":"Polygon","id":2208,"properties":{"id":2208,"name":"Matran"},"arcs":[[327,328,329,-270,-287]]},{"type":"Polygon","id":2211,"properties":{"id":2211,"name":"Neyruz (FR)"},"arcs":[[330,-297,331,-271,-330]]},{"type":"Polygon","id":2213,"properties":{"id":2213,"name":"Noréaz"},"arcs":[[332,-284,-274,333,-56]]},{"type":"Polygon","id":2216,"properties":{"id":2216,"name":"Pierrafortscha"},"arcs":[[334,335,-324,-312,336]]},{"type":"Polygon","id":2217,"properties":{"id":2217,"name":"Ponthaux"},"arcs":[[-261,-285,-333,-55,-47,-322]]},{"type":"Polygon","id":2220,"properties":{"id":2220,"name":"Le Mouret"},"arcs":[[337,338,339,-238,340,341,-307,-299,342]]},{"type":"Polygon","id":2221,"properties":{"id":2221,"name":"Prez-vers-Noréaz"},"arcs":[[-273,343,-293,-57,-334]]},{"type":"Polygon","id":2222,"properties":{"id":2222,"name":"Rossens (FR)"},"arcs":[[344,-233,345,-172,-303,-289,-257]]},{"type":"Polygon","id":2223,"properties":{"id":2223,"name":"Le Glèbe"},"arcs":[[-305,346,-169,-246,-149,-266]]},{"type":"Polygon","id":2225,"properties":{"id":2225,"name":"Senèdes"},"arcs":[[-342,347,-255,-301,-308]]},{"type":"Polygon","id":2226,"properties":{"id":2226,"name":"Treyvaux"},"arcs":[[-242,-234,-345,-256,-348,-341]]},{"type":"Polygon","id":2228,"properties":{"id":2228,"name":"Villars-sur-Glâne"},"arcs":[[-327,348,-328,-286,-317,-314]]},{"type":"Polygon","id":2230,"properties":{"id":2230,"name":"Villarsel-sur-Marly"},"arcs":[[-336,349,-343,-298,-325]]},{"type":"Polygon","id":2231,"properties":{"id":2231,"name":"Vuisternens-en-Ogoz"},"arcs":[[-170,-347,-304]]},{"type":"Polygon","id":2233,"properties":{"id":2233,"name":"Hauterive (FR)"},"arcs":[[-326,-259,-291,-306,-294,-331,-329,-349]]},{"type":"Polygon","id":2234,"properties":{"id":2234,"name":"La Brillaz"},"arcs":[[-332,-296,-268,-282,-158,-154,-292,-344,-272]]},{"type":"Polygon","id":2235,"properties":{"id":2235,"name":"La Sonnaz"},"arcs":[[350,-320,-318,-276,351,352]]},{"type":"Polygon","id":2243,"properties":{"id":2243,"name":"Barberêche"},"arcs":[[353,-353,354,355,356]]},{"type":"Polygon","id":2250,"properties":{"id":2250,"name":"Courgevaux"},"arcs":[[357,358,359,360,361,362]]},{"type":"Polygon","id":2251,"properties":{"id":2251,"name":"Courlevon"},"arcs":[[363,364,365,-359,366]]},{"type":"Polygon","id":2254,"properties":{"id":2254,"name":"Courtepin"},"arcs":[[-356,367,368,369]]},{"type":"Polygon","id":2257,"properties":{"id":2257,"name":"Cressier (FR)"},"arcs":[[370,371,372,-364,373,374]]},{"type":"Polygon","id":2258,"properties":{"id":2258,"name":"Fräschels"},"arcs":[[375,376]]},{"type":"Polygon","id":2259,"properties":{"id":2259,"name":"Galmiz"},"arcs":[[377,378,379,380,381,382]]},{"type":"Polygon","id":2260,"properties":{"id":2260,"name":"Gempenach"},"arcs":[[383,384,385,386,387]]},{"type":"Polygon","id":2261,"properties":{"id":2261,"name":"Greng"},"arcs":[[388,-362,389,390]]},{"type":"MultiPolygon","id":2262,"properties":{"id":2262,"name":"Gurmels"},"arcs":[[[391,392,393,-357,-370,394,-372,395,396,397]],[[398]]]},{"type":"Polygon","id":2264,"properties":{"id":2264,"name":"Jeuss"},"arcs":[[-396,-371,399,400]]},{"type":"Polygon","id":2265,"properties":{"id":2265,"name":"Kerzers"},"arcs":[[401,402,403,-376]]},{"type":"Polygon","id":2266,"properties":{"id":2266,"name":"Kleinbösingen"},"arcs":[[404,405,-393,406]]},{"type":"Polygon","id":2270,"properties":{"id":2270,"name":"Lurtigen"},"arcs":[[407,408,409,410,-385]]},{"type":"Polygon","id":2271,"properties":{"id":2271,"name":"Meyriez"},"arcs":[[411,412]]},{"type":"Polygon","id":2272,"properties":{"id":2272,"name":"Misery-Courtion"},"arcs":[[413,-368,-355,-352,-281,-323,-45,414,415]]},{"type":"Polygon","id":2274,"properties":{"id":2274,"name":"Muntelier"},"arcs":[[416,417,-381]]},{"type":"MultiPolygon","id":2275,"properties":{"id":2275,"name":"Murten"},"arcs":[[[-386,-411,418,419,-363,-389,420,-413,421,-417,-380,422]],[[-378,423,424,425]]]},{"type":"Polygon","id":2276,"properties":{"id":2276,"name":"Ried bei Kerzers"},"arcs":[[426,-387,-423,-379,-426,427,-403]]},{"type":"Polygon","id":2277,"properties":{"id":2277,"name":"Salvenach"},"arcs":[[428,-400,-375,429,-419,-410]]},{"type":"Polygon","id":2278,"properties":{"id":2278,"name":"Ulmiz"},"arcs":[[430,-398,431,-408,-384]]},{"type":"Polygon","id":2279,"properties":{"id":2279,"name":"Villarepos"},"arcs":[[-360,-366,432,-416,433]]},{"type":"Polygon","id":2280,"properties":{"id":2280,"name":"Bas-Vully"},"arcs":[[-383,434,435,436,-424]]},{"type":"Polygon","id":2281,"properties":{"id":2281,"name":"Haut-Vully"},"arcs":[[-436,437,438]]},{"type":"Polygon","id":2283,"properties":{"id":2283,"name":"Wallenried"},"arcs":[[-395,-369,-414,-433,-365,-373]]},{"type":"Polygon","id":2291,"properties":{"id":2291,"name":"Alterswil"},"arcs":[[439,440,441,442,443,444]]},{"type":"Polygon","id":2292,"properties":{"id":2292,"name":"Brünisried"},"arcs":[[-443,445,446,447,448]]},{"type":"Polygon","id":2293,"properties":{"id":2293,"name":"Düdingen"},"arcs":[[449,450,451,-309,-321,-351,-354,-394,-406]]},{"type":"Polygon","id":2294,"properties":{"id":2294,"name":"Giffers"},"arcs":[[452,453,454,455,456]]},{"type":"Polygon","id":2295,"properties":{"id":2295,"name":"Bösingen"},"arcs":[[457,458,-450,-405,459]]},{"type":"Polygon","id":2296,"properties":{"id":2296,"name":"Heitenried"},"arcs":[[460,461,462]]},{"type":"Polygon","id":2298,"properties":{"id":2298,"name":"Oberschrot"},"arcs":[[463,464,465,-454,466,-447]]},{"type":"Polygon","id":2299,"properties":{"id":2299,"name":"Plaffeien"},"arcs":[[-224,-250,467,-465,468,469]]},{"type":"Polygon","id":2300,"properties":{"id":2300,"name":"Plasselb"},"arcs":[[-468,-252,-239,-340,470,-455,-466]]},{"type":"Polygon","id":2301,"properties":{"id":2301,"name":"Rechthalten"},"arcs":[[-448,-467,-453,471,472]]},{"type":"Polygon","id":2302,"properties":{"id":2302,"name":"St. Antoni"},"arcs":[[-462,473,-440,474,475,476,477]]},{"type":"Polygon","id":2303,"properties":{"id":2303,"name":"St. Silvester"},"arcs":[[-471,-339,478,-456]]},{"type":"Polygon","id":2304,"properties":{"id":2304,"name":"St. Ursen"},"arcs":[[-444,-449,-473,479,-337,-311,480]]},{"type":"Polygon","id":2305,"properties":{"id":2305,"name":"Schmitten (FR)"},"arcs":[[481,-476,482,-451,-459]]},{"type":"Polygon","id":2306,"properties":{"id":2306,"name":"Tafers"},"arcs":[[-475,-445,-481,-310,-452,-483]]},{"type":"Polygon","id":2307,"properties":{"id":2307,"name":"Tentlingen"},"arcs":[[-472,-457,-479,-338,-350,-335,-480]]},{"type":"Polygon","id":2308,"properties":{"id":2308,"name":"Ueberstorf"},"arcs":[[-463,-478,483,484]]},{"type":"Polygon","id":2309,"properties":{"id":2309,"name":"Wünnewil-Flamatt"},"arcs":[[-484,-477,-482,-458,485]]},{"type":"Polygon","id":2310,"properties":{"id":2310,"name":"Zumholz"},"arcs":[[-469,-464,-446,-442,486]]},{"type":"Polygon","id":2321,"properties":{"id":2321,"name":"Attalens"},"arcs":[[487,488,489,490,491]]},{"type":"Polygon","id":2323,"properties":{"id":2323,"name":"Bossonnens"},"arcs":[[-490,492,493]]},{"type":"Polygon","id":2325,"properties":{"id":2325,"name":"Châtel-Saint-Denis"},"arcs":[[-163,494,495,496,497]]},{"type":"Polygon","id":2328,"properties":{"id":2328,"name":"Granges (Veveyse)"},"arcs":[[-493,-489,498]]},{"type":"Polygon","id":2333,"properties":{"id":2333,"name":"Remaufens"},"arcs":[[499,-492,500,-496]]},{"type":"Polygon","id":2335,"properties":{"id":2335,"name":"Saint-Martin (FR)"},"arcs":[[501,502,503,504]]},{"type":"Polygon","id":2336,"properties":{"id":2336,"name":"Semsales"},"arcs":[[-215,-164,-498,505,-502,506,-244,-248]]},{"type":"Polygon","id":2337,"properties":{"id":2337,"name":"Le Flon"},"arcs":[[-147,507,-504,508,-98,-132,-139,-136]]},{"type":"Polygon","id":2338,"properties":{"id":2338,"name":"La Verrerie"},"arcs":[[-245,-507,-505,-508,-146]]},{"type":"Polygon","id":2391,"properties":{"id":2391,"name":"Staatswald Galm"},"arcs":[[-397,-401,-429,-409,-432]]},{"type":"MultiPolygon","id":9153,"properties":{"id":9153,"name":"Lac de Neuchâtel (FR)"},"arcs":[[[-90,-37,-12,-21,509]],[[-88,-43,510]]]},{"type":"Polygon","id":9276,"properties":{"id":9276,"name":"Lac de la Gruyère"},"arcs":[[-232,-241,-220,-198,-177,-229,-179,-230,-206,-200,-228,-166,-346]]},{"type":"Polygon","id":9295,"properties":{"id":9295,"name":"Murtensee/Lac de Morat (FR)"},"arcs":[[-382,-418,-422,-412,-421,-391,511,-438,-435]]}]},"lakes":{"type":"GeometryCollection","geometries":[{"type":"Polygon","id":9151,"properties":{"id":9151,"name":"Lac de Neuchâtel"},"arcs":[[-90,-37,-12,-21,512,-88,-43,513]]},{"type":"Polygon","id":9276,"properties":{"id":9276,"name":"Lac de la Gruyère"},"arcs":[[-232,-241,-220,-198,-177,-229,-179,-230,-206,-200,-228,-166,-346]]},{"type":"Polygon","id":9294,"properties":{"id":9294,"name":"Murtensee"},"arcs":[[-438,-435,-382,-418,-422,-412,-421,-391,514]]}]}},"arcs":[[[36541,69406],[-574,-1093],[154,-805]],[[36121,67508],[-708,596],[-1021,69],[-293,-614],[-936,693],[-186,-332]],[[32977,67920],[-425,312]],[[32552,68232],[356,813],[-125,509],[652,463],[83,729],[-415,76],[78,701]],[[33181,71523],[853,13]],[[34034,71536],[759,-625],[370,-840],[505,507],[873,-1172]],[[25001,68879],[-186,-324],[687,-1198]],[[25502,67357],[227,-425]],[[25729,66932],[-1154,-714],[343,-307],[-619,-631]],[[24299,65280],[-1252,-623]],[[23047,64657],[-410,949],[-791,464],[483,510],[-1177,1501]],[[21152,68081],[2003,1732]],[[23155,69813],[672,-546],[1174,-388]],[[25001,68879],[1124,795],[1050,-478],[477,-642],[-2150,-1197]],[[31192,56373],[-1311,-909],[81,-223],[-952,-668],[-408,44],[-1766,-1016],[124,-172],[-893,-915],[-173,-478]],[[25894,52036],[-1474,-387]],[[24420,51649],[-706,702]],[[23714,52351],[596,230],[-199,348],[818,686],[154,474],[1097,1179],[-186,333],[2060,1661],[596,1027],[-350,18],[374,722],[414,-174],[619,-1060],[460,-321],[-122,-939],[617,349],[530,-511]],[[23047,64657],[-1665,-754],[135,-238],[-1369,-942],[-404,-630]],[[19744,62093],[-722,-660],[252,885],[1112,947],[-433,624],[-702,-450],[-1547,1452]],[[17704,64891],[1366,1137],[2082,2053]],[[36121,67508],[715,-1042],[131,-930],[-789,-1062],[324,-271]],[[36502,64203],[-1549,-1473],[232,-408]],[[35185,62322],[-874,-253],[-921,374],[-1239,-62]],[[32151,62381],[-1054,-188],[54,727],[-614,637],[-372,-2],[-476,641],[1069,1117],[63,347],[1950,521],[261,732],[-55,1007]],[[53659,71533],[-855,-843]],[[52804,70690],[-949,781],[-465,-271],[-757,508],[-218,-250],[-1028,440],[562,782]],[[49949,72680],[-1272,1559],[89,142],[-1293,1804]],[[47473,76185],[-390,503]],[[47083,76688],[381,328],[358,-389],[431,405]],[[48253,77032],[638,-661],[953,-216],[1021,791],[277,543],[706,-803],[465,294],[1380,-759],[-732,-1304],[1309,-973],[-867,-561],[113,-349],[-668,-793],[811,-708]],[[49949,72680],[-604,-514],[-703,-135],[-270,-736],[-991,-605]],[[47381,70690],[-520,819],[-416,-146],[-527,757],[50,846],[359,530],[-469,452],[414,994],[1201,1243]],[[32659,71994],[-1646,-608],[280,-486],[-925,-447],[551,-268],[-263,-289],[355,-479]],[[31011,69417],[-731,137]],[[30280,69554],[-558,915],[-1411,-588],[88,399],[-704,22],[-555,-566],[519,-1122],[313,-1267],[-887,227],[-414,-507],[-942,-135]],[[23155,69813],[961,613],[1510,452],[1715,1176],[764,1029],[1491,828],[1079,905]],[[30675,74816],[566,-661],[996,-148],[406,-1319],[16,-694]],[[36386,60423],[-131,638],[-411,143],[177,709],[-836,409]],[[36502,64203],[535,-307],[1107,1263],[1096,-242],[462,-561],[-677,-1185],[-666,-413],[-639,-1545],[72,-520],[-800,-887],[-606,617]],[[42188,81072],[-871,-650],[-168,-555],[479,-564],[-926,-282]],[[40702,79021],[-339,-124],[-392,620],[-970,31],[-259,481],[770,745],[-1036,1001]],[[38476,81775],[728,193],[187,678],[825,419]],[[40216,83065],[793,-976],[1050,-426],[129,-591]],[[55684,72899],[673,-768]],[[56357,72131],[-11,-507],[-546,-887],[383,-512],[-254,-1153],[-688,-611]],[[55241,68461],[-830,-81],[-146,-630],[-1821,-674],[-357,-632]],[[52087,66444],[-1139,-134],[-1042,514],[-618,1252],[-594,655]],[[48694,68731],[574,799],[775,254],[968,-31],[178,344],[1615,593]],[[53659,71533],[594,248],[451,-229],[980,1347]],[[30280,69554],[309,-757],[-687,-359],[59,-846],[-955,-1039],[-742,-2],[-1574,-1761]],[[26690,64790],[-1238,-628],[24,257],[-1177,861]],[[36386,60423],[-193,-308],[-1457,-754],[-805,184],[-1154,-511],[-2121,1005],[23,570]],[[30679,60609],[890,218],[696,-161],[256,650],[-370,1065]],[[52087,66444],[420,-607]],[[52507,65837],[-1480,-215],[124,-358],[-1180,-856],[499,-561],[-244,-308],[495,-557],[-138,-405]],[[50583,62577],[-1332,-735],[-1054,-210],[-418,-522],[-28,-584]],[[47751,60526],[-1316,-981],[-178,-437]],[[46257,59108],[-1180,1130],[-287,861],[-1398,537]],[[43392,61636],[-354,552],[1431,1617],[-1185,1508],[-179,644],[686,580],[-429,272],[963,1450],[1267,-832],[1358,-217],[974,1484]],[[47924,68694],[196,396],[574,-359]],[[38114,71596],[-1573,-2190]],[[34034,71536],[533,594],[-112,325],[917,258]],[[35372,72713],[642,-421],[689,213],[808,-223],[603,-686]],[[26690,64790],[-414,-872],[896,-298],[302,-357]],[[27474,63263],[-717,-892],[-1109,-607],[-502,-776],[-572,-347],[-717,-919]],[[23857,59722],[-530,770],[-620,342],[-879,-499],[-2084,1758]],[[29005,60870],[-124,-472],[-1003,-787],[-417,370],[-415,-774],[-500,-309],[-767,399],[-279,-655],[-1048,936],[-595,144]],[[27474,63263],[296,-361],[-419,-456],[1654,-1576]],[[24420,51649],[-809,-923],[-2464,-413],[-679,662],[1154,1232],[205,-416],[798,530],[286,-286],[803,316]],[[35372,72713],[-510,1248],[-520,-118],[-517,633],[600,232]],[[34425,74708],[591,-620],[2220,783],[944,-961],[575,-158],[406,-872],[456,-213],[-1503,-1071]],[[47924,68694],[-7,469],[-851,283],[134,410],[-554,468],[735,366]],[[47083,76688],[-1673,1941],[-1015,-702],[-526,145]],[[43869,78072],[-684,1074],[433,336],[-536,580]],[[43082,80062],[1008,667],[-266,278],[1480,1060],[328,71],[492,-635],[693,709]],[[46817,82212],[454,-700],[2981,-2614],[-1999,-1866]],[[32552,68232],[-1200,668],[-341,517]],[[32659,71994],[522,-471]],[[31821,55912],[-1239,-1078],[293,-619],[-552,-354],[504,-107],[-272,-545],[-737,-559],[-742,-2190]],[[29076,50460],[-762,196],[-1063,879],[-1357,501]],[[31192,56373],[629,-461]],[[43869,78072],[-559,-487],[1590,-2485],[-640,-357],[-691,1090],[-362,-101],[-441,802],[-726,629],[-386,709],[-512,194],[-440,955]],[[42188,81072],[894,-1010]],[[31821,55912],[604,-295],[-168,-350],[853,-714],[-2103,-2933],[-119,-696],[323,-111],[-824,-669],[-1311,316]],[[18888,54493],[339,325],[1015,-635],[-226,-344],[-14,-1790],[-934,-1031],[-12,-606],[-895,-951],[-1107,-583],[-520,811],[61,553],[-987,542],[-417,623],[536,837],[862,114],[98,333],[1130,929],[656,1219],[415,-346]],[[30679,60609],[-647,638],[-1027,-377]],[[40216,83065],[670,282],[1472,1205],[419,538],[983,617]],[[43760,85707],[463,-591],[958,-616],[823,435],[1078,-594],[185,-312],[-751,-805],[349,-283],[-441,-456],[393,-273]],[[30675,74816],[759,414],[732,1028],[979,872],[382,664],[877,732]],[[34404,78526],[618,-671],[392,72],[1035,-828],[526,352],[1362,-1630],[-1279,-753],[-279,427],[-1162,-541],[-1192,-246]],[[23569,26973],[412,-595],[5,-555]],[[23986,25823],[-326,-864],[179,-417],[-1096,-62],[-312,-526],[-999,51],[527,1209],[-42,724],[348,1048]],[[22265,26986],[1192,-187],[112,174]],[[34690,42071],[-1361,-792],[-1340,306],[-253,-398]],[[31736,41187],[-958,514],[-258,814],[774,830],[611,-423],[1080,1177],[346,-26],[566,798],[224,-85],[519,1030]],[[34640,45816],[955,-271],[1095,-850],[-407,-336],[-309,-884],[-698,-571],[-586,-833]],[[28497,28061],[-133,-651],[-566,-785],[34,-1371]],[[27832,25254],[-1075,-1225],[-811,315]],[[25946,24344],[402,335],[-144,825],[191,1049],[593,515],[-530,1143],[730,99],[657,-378],[652,129]],[[48174,43926],[1447,-1267],[2264,-784]],[[51885,41875],[-611,-527],[-607,-1848]],[[50667,39500],[93,-304],[-1174,-163],[-428,-507]],[[49158,38526],[-358,590],[-1249,694],[-328,655],[-663,-109],[-499,1115],[-1325,160],[16,1149],[210,432]],[[44962,43212],[492,-107],[391,592],[823,-286],[645,708],[861,-193]],[[43887,54947],[-373,-731],[-1723,-1388],[-530,-779],[61,-383]],[[41322,51666],[-1017,-10]],[[40305,51656],[49,806],[700,1249],[-541,775],[-939,802],[-1402,-481],[-1557,1106],[830,921],[759,-481],[1176,1290]],[[39380,57643],[964,-622],[1087,-199],[1195,-753],[1261,-1122]],[[23222,33402],[79,-1535],[958,-1107],[147,-1010],[-289,-344],[437,-473],[-29,-693],[-889,-495],[283,-297],[-350,-475]],[[22265,26986],[-404,1343],[487,141],[259,1451],[-273,1138],[221,1118],[-160,1017],[-724,944],[350,1262],[536,752]],[[22557,36152],[409,-147],[571,-1145],[-431,-790],[116,-668]],[[49158,38526],[-223,-109]],[[48935,38417],[-1146,-330]],[[47789,38087],[-611,558],[251,242],[-486,584],[-893,197],[-188,612],[-755,142],[-321,752],[-991,-271],[-1055,833],[578,633],[36,617],[721,873]],[[44075,43859],[887,-647]],[[44075,43859],[299,688],[-391,121]],[[43983,44668],[235,1396],[-536,310],[203,359]],[[43885,46733],[980,-98],[19,355],[1512,630]],[[46396,47620],[475,-316],[-269,-371],[728,-1389],[-215,-132],[782,-594],[277,-892]],[[43983,44668],[-317,132],[-659,-1040],[-886,-146],[-667,-1706],[-609,-915],[-1131,-897],[-671,-69]],[[39043,40027],[-909,-241],[-1306,578],[-232,339],[271,728]],[[36867,41431],[382,1202],[1513,2337],[995,-381],[310,-352],[657,801],[713,-19],[493,810],[1353,1341],[258,2]],[[43541,47172],[344,-439]],[[24569,36760],[371,-374],[301,-1222],[-598,-878]],[[24643,34286],[-623,-550],[-798,-334]],[[22557,36152],[-632,554],[1062,453],[1582,-399]],[[43079,47512],[535,381],[-73,-721]],[[36867,41431],[-1291,378],[-199,-573],[-687,835]],[[34640,45816],[-146,473],[1629,2030],[922,655],[764,16],[680,972]],[[38489,49962],[957,-671],[-422,-487],[527,-1232],[1501,-1227],[584,141],[1443,1026]],[[28754,28568],[-257,-507]],[[25946,24344],[-671,46],[-425,1100],[-864,333]],[[24643,34286],[510,-134],[324,-986],[1911,-6],[-37,-1385],[492,-505],[832,5],[339,-304],[-629,-658],[-444,-881],[813,-864]],[[39043,40027],[-80,-882],[-458,-923],[-224,187],[-296,-1017],[233,-235],[-663,-961],[-627,209],[-281,468],[-1016,-1266],[-700,-209],[-206,-557],[-413,30],[-87,-679],[798,-459],[-1071,-947]],[[33952,32786],[-536,154],[-453,-380]],[[32963,32560],[-1255,-249],[-865,95],[201,727],[-606,130],[-140,1019],[429,1210],[-1645,1261],[-149,782],[347,521]],[[29280,38056],[795,772],[728,-292],[459,826],[-526,307],[1000,1518]],[[32963,32560],[-549,-440],[75,-618],[-612,-1224],[-590,374],[-175,-552],[-366,199],[-1028,-748],[-385,-1108],[-579,125]],[[24569,36760],[1276,2131],[452,-126],[283,482],[668,52],[759,-303],[-255,-363],[1528,-577]],[[45700,51594],[-545,-415],[-347,-726],[-113,-975],[535,-978],[598,479],[568,-1359]],[[43079,47512],[-569,504],[-112,1161],[-826,680],[-135,480],[-789,460],[-528,728]],[[40120,51525],[185,131]],[[41322,51666],[814,-129],[656,-414],[1042,-17],[1321,876],[545,-388]],[[47789,38087],[-808,316],[-398,-306],[-900,1089],[-450,-319],[-1089,138],[-785,-858],[-1261,-59],[-308,-545],[61,-1211],[-439,-740],[910,-1463],[-362,-804],[374,-415],[-327,-332],[440,-541],[-512,-761],[-384,367],[-403,-309]],[[41148,31334],[-750,-332],[-1913,647],[-1990,-657]],[[36495,30992],[-1001,710],[-551,929],[-989,-114],[-2,269]],[[49827,51540],[60,-724]],[[49887,50816],[789,-1160],[-1180,-966],[850,-2270],[801,241],[615,-998],[93,-889],[407,60],[2130,-1712]],[[54392,43122],[-2507,-1247]],[[45700,51594],[1345,697],[602,25]],[[47647,52316],[893,-395],[302,-503],[985,122]],[[46257,59108],[-222,-1529],[-540,-483],[708,-1058]],[[46203,56038],[-162,-675]],[[46041,55363],[-456,-242],[-366,387],[-363,-380],[-969,-181]],[[39380,57643],[891,709],[-564,176],[42,495],[761,571],[651,885],[484,151],[595,-318],[210,448],[704,373],[238,503]],[[38489,49962],[1631,1563]],[[46041,55363],[264,-624]],[[46305,54739],[-259,-763],[647,-798],[841,-499],[113,-363]],[[53546,18498],[525,-580],[953,169],[675,-206],[274,-482],[2137,-233]],[[58110,17166],[-249,-401],[285,-1066],[440,707],[199,-535],[2693,-934],[-207,-976],[1075,-660],[-860,-1205],[501,-531],[344,146],[-111,-953],[1536,-825]],[[63756,9933],[-682,-979],[-652,-391],[-325,269],[-1230,-280],[-1493,332],[-698,-423],[-890,462],[-640,-311],[-888,-783],[-485,-163],[-575,-656],[-873,-517],[-1640,-1467],[-137,-440],[-887,-835],[122,-184],[-392,-1951],[-188,59],[-1919,-738],[-1305,-791],[-1191,-146],[114,429],[978,1442],[-326,723],[-976,1037],[-338,64],[-266,2454],[341,275]],[[46315,6424],[937,1333],[52,611],[593,1082],[-116,1699],[1559,1034],[-622,1679],[255,531],[124,1186],[526,439],[-549,784]],[[49074,16802],[1316,2050]],[[50390,18852],[1392,-119],[735,-776],[1029,541]],[[61509,47335],[-816,-412],[713,-76],[476,-376],[-612,-554],[57,-692],[-434,-313],[1279,-345],[125,-440],[786,538],[-309,-1040],[-1295,-792],[-872,-1043],[3,-614],[-434,-962],[-669,-246]],[[59507,39968],[-323,72]],[[59184,40040],[291,996],[-939,-70],[-1259,866],[-503,690],[-1481,297],[-481,612]],[[54812,43431],[436,438],[105,737]],[[55353,44606],[1753,-268],[730,1117],[800,609],[867,111],[-46,703]],[[59457,46878],[854,591]],[[60311,47469],[784,231],[414,-365]],[[67079,34227],[-287,-563]],[[66792,33664],[-791,-275],[-67,-717],[-576,-461],[120,-689],[-862,-1129]],[[64616,30393],[-484,-449],[-1374,522]],[[62758,30466],[8,140]],[[62766,30606],[384,-45],[-155,3352],[-406,660]],[[62589,34573],[2723,-33],[1767,-313]],[[61890,30861],[104,-59]],[[61994,30802],[764,-336]],[[64616,30393],[411,-580],[1036,239],[314,486],[797,36]],[[67174,30574],[523,-181]],[[67697,30393],[585,-640],[623,-211],[731,-986]],[[69636,28556],[-1014,-542],[-1261,-991],[-1346,-666],[-2834,-549],[-867,357],[-568,1415],[-295,1389]],[[61451,28969],[216,563],[-511,438],[373,956]],[[61529,30926],[361,-65]],[[59541,34590],[677,-332]],[[60218,34258],[-903,-706],[218,-341],[-221,-780],[55,-1070],[775,-107],[357,500],[118,-774],[912,-54]],[[61451,28969],[-623,37],[-904,-339],[-325,-655],[281,-326],[-511,-216],[-249,539],[-981,-885]],[[58139,27124],[-975,1169],[-505,-289],[-425,828],[-1139,-871],[-281,74],[-526,1720],[510,574],[-1026,-553],[-412,-586],[576,-543],[550,-1452],[773,-726],[-85,-474],[-845,-539],[151,-256],[-760,-358],[-62,-441],[587,-202]],[[54245,24199],[-1959,-1186],[-799,276],[136,646],[756,445],[228,504],[-79,1011],[-612,2752],[-984,-375],[-206,-788],[371,-518],[-709,-1436],[-735,-177],[74,-692],[-383,-875]],[[49344,23786],[-692,555],[-588,1036],[415,545],[156,1065],[1136,2003],[902,21],[215,725],[1574,464],[457,-234],[437,290],[489,957],[-98,673],[-442,586],[632,353],[-459,544]],[[53478,33369],[216,544],[-558,478]],[[53136,34391],[-86,314],[833,731],[434,-62],[724,-817],[2070,-335],[690,252],[1189,-727],[551,843]],[[66914,33636],[-373,-642],[490,-664],[-49,-743],[523,-633],[-331,-380]],[[66792,33664],[122,-28]],[[68722,37606],[-321,-690],[327,-834],[-805,-286],[-25,-357],[-769,-601],[-50,-611]],[[62589,34573],[-147,1370],[-389,369],[30,1376],[-164,1258],[909,571]],[[62828,39517],[1376,-334],[681,264],[1360,-928],[1544,-181],[933,-732]],[[61675,39684],[-616,-678],[125,-346]],[[61184,38660],[-349,309]],[[60835,38969],[840,715]],[[66914,33636],[831,-44],[424,-424],[799,105],[533,-434],[-425,-595],[157,-371],[-1290,-799],[-246,-681]],[[53478,33369],[-399,-85]],[[53079,33284],[-731,224],[-205,572],[303,406],[690,-95]],[[61184,38660],[494,-722],[-497,-2363],[119,-885]],[[61300,34690],[-1082,-432]],[[59541,34590],[-2143,2192],[249,303]],[[57647,37085],[639,99],[439,616],[405,-261],[651,1218],[1054,212]],[[68668,16882],[197,-1055]],[[68865,15827],[-492,-324],[-142,-776],[-365,-313],[-699,-2139],[-552,-577],[-700,-296],[-296,-682],[-1863,-787]],[[58110,17166],[1309,1727],[368,1186],[853,1026],[716,-427],[999,78],[195,-635],[1152,-364],[1683,-922],[626,92],[531,-951],[564,322],[1264,17],[-549,-1120],[847,-313]],[[69636,28556],[967,-1796]],[[70603,26760],[-2788,-1063],[-1426,-31],[-2654,-723],[-916,-802],[-1011,-95],[-300,-366],[-1611,563],[-567,-388],[-1892,-570],[-666,52],[-947,-618],[-464,-46],[-1010,-1322],[492,-656],[-915,-637],[590,-659],[-972,-901]],[[50390,18852],[-2053,1323],[-649,-346],[-1138,487],[486,1484],[1325,1456],[581,416]],[[48942,23672],[111,74]],[[49053,23746],[291,40]],[[54245,24199],[973,502],[1222,110],[194,496],[1049,422],[456,1395]],[[72480,40609],[-111,-1186],[-265,-418],[-642,-135],[-15,-536],[-1547,688],[-673,-556],[20,-430],[-525,-430]],[[62828,39517],[-314,290],[-255,1329],[594,647],[875,460],[-267,834],[953,-345],[537,571]],[[64951,43303],[995,-622],[1974,-879],[647,-651],[1811,-805],[627,298],[1475,-35]],[[91001,34743],[-151,-2606],[767,-558],[60,-428],[-461,-2747],[793,-1523],[-1105,-439],[-602,-1369],[-1255,-380],[-2324,756],[-1165,-976],[-630,-755],[-1108,-1782]],[[83820,21936],[-2498,979],[-948,873],[-626,236],[67,462],[-1302,-331],[-1288,-1636],[-2074,-147],[-216,1584],[31,1291],[524,301],[498,3024],[251,337],[1439,-561],[787,983],[2833,2116],[1060,53],[253,772],[866,521],[631,30],[885,771],[14,274],[1102,1462],[482,224],[330,830],[491,494],[-317,944],[-510,487],[259,320],[-611,353]],[[86233,38982],[585,1062],[583,502],[820,53],[800,-1105],[702,-393],[94,-488],[1862,-1154],[-1047,-1185],[-991,-800],[687,-866],[673,135]],[[57647,37085],[-904,-278],[-412,268],[-2073,346],[-967,-364],[-1349,478],[-1519,-41]],[[50423,37494],[-414,707],[-1074,216]],[[50667,39500],[451,-475],[1157,714],[533,-507],[-28,-413],[1559,473],[1405,-387],[1806,491],[1634,644]],[[59507,39968],[323,-794],[155,536],[527,-61],[506,648],[667,-140],[-10,-473]],[[61994,30802],[772,-196]],[[61300,34690],[-143,-1335],[581,-439],[-350,-206],[502,-1849]],[[66192,48526],[-728,-872],[304,-1413],[-776,-1112],[-26,-1118]],[[64966,44011],[-594,-616],[-387,93],[-304,1321],[-704,296],[69,347],[-758,643],[-216,959],[367,442],[965,207],[577,1176]],[[63981,48879],[230,549]],[[64211,49428],[1086,-972],[895,70]],[[53079,33284],[-1119,-314],[-243,548]],[[51717,33518],[-243,518],[367,816],[-1129,700]],[[50712,35552],[272,673],[-561,1269]],[[74820,45927],[96,125]],[[74916,46052],[343,-300],[1159,-22],[1626,-647]],[[78044,45083],[-166,-878],[-1555,-410],[-555,-499],[-82,-576],[-749,-212],[-2457,-1899]],[[64951,43303],[15,708]],[[66192,48526],[1485,-287],[864,376],[802,-406],[605,263],[300,-426],[2689,-892],[524,-895],[413,135],[946,-467]],[[50712,35552],[-792,-957],[-1314,-647],[-514,1],[-1262,-597],[-777,-547],[-496,-19],[-1207,-911],[296,-396],[-1734,-1249],[708,-480],[305,-546]],[[43925,29204],[-1452,-589]],[[42473,28615],[-535,1546],[-790,1173]],[[54392,43122],[420,309]],[[51717,33518],[-1193,-675],[-592,-963],[-1056,-281],[-78,-310],[-807,54],[-484,-517],[-1251,-342],[-59,-838],[394,-848],[-200,-266],[276,-2471],[2386,-2315]],[[48942,23672],[-2620,1586],[-778,1622],[-1619,2324]],[[70603,26760],[-16,-767],[366,-427],[-1947,-3658],[941,-1052],[-239,-261],[1626,-1477],[-942,-956],[-463,-151],[-1261,-1129]],[[83052,40844],[673,-993],[875,-602],[1633,-267]],[[83820,21936],[-629,-615],[-1251,-703],[-1174,-362],[-1844,-1062],[-1732,-2399],[-411,-215],[-873,1551],[-1162,869],[-1264,-1387],[-3176,-2003],[-1439,217]],[[78044,45083],[238,764],[1208,1073],[1308,740],[964,-2112],[914,-1580],[-734,-1151],[298,-1466],[812,-507]],[[65756,58004],[689,-1197]],[[66445,56807],[634,-1132],[-191,-428],[711,-1057],[34,-617]],[[67633,53573],[-741,-389],[156,-496]],[[67048,52688],[-610,-281],[-2178,-24],[-391,181]],[[63869,52564],[37,410],[-915,-438]],[[62991,52536],[947,995],[174,885],[-1094,623],[-958,4]],[[62060,55043],[-288,317],[292,604],[632,176],[794,-643],[1157,508],[-846,595],[508,490],[739,-281],[-145,1039],[853,156]],[[60500,65817],[-384,-658],[-480,48],[-1792,-500]],[[57844,64707],[-622,1135],[988,524],[-126,491]],[[58084,66857],[244,489],[1101,374]],[[59429,67720],[1395,-894],[355,-429],[-679,-580]],[[51013,55417],[697,-918],[193,-933],[1660,29],[151,-220],[776,388],[309,-226],[1177,701],[535,70]],[[56511,54308],[47,-634],[-348,-442],[-223,-1103],[-437,-395],[-751,206],[-793,-854]],[[54006,51086],[-1487,229],[-1235,-525],[-1397,26]],[[49827,51540],[786,388],[-96,1345],[-211,-34],[-340,1015],[-611,756]],[[49355,55010],[402,411],[625,-228],[631,224]],[[59728,63578],[-691,-609],[720,-870],[374,-940]],[[60131,61159],[-1336,-719],[-487,-927]],[[58308,59513],[-1529,-194]],[[56779,59319],[-785,796],[-1112,-531],[-1082,1193]],[[53800,60777],[265,371],[-24,1063]],[[54041,62211],[725,305],[1746,-278],[1473,777]],[[57985,63015],[1743,563]],[[61991,70994],[180,-823],[-556,-356],[50,-472],[576,152],[144,-614],[617,-976],[474,264],[919,-125],[651,-1176]],[[65046,66868],[-1029,-809]],[[64017,66059],[-1236,-175],[-769,139],[-1252,-533]],[[60760,65490],[-260,327]],[[59429,67720],[733,480],[251,524],[-1585,2002]],[[58828,70726],[640,722],[1028,448],[1495,-902]],[[46305,54739],[975,536],[1107,-602],[968,337]],[[60760,65490],[234,-967],[-759,-337],[-507,-608]],[[57985,63015],[-133,1582]],[[57852,64597],[-8,110]],[[64260,63942],[-686,-479],[-559,-827],[477,-44],[-413,-573]],[[63079,62019],[-334,493],[-802,-449],[134,-380],[-1946,-524]],[[64017,66059],[376,-1296],[-365,-200],[232,-621]],[[62991,52536],[10,-276],[-890,-179],[-193,-636],[-812,-396]],[[61106,51049],[-404,-4],[45,1284],[-1548,-213],[-448,300],[-3,567],[-458,430]],[[58290,53413],[324,357],[1042,10],[-86,283],[1077,-398],[514,443],[-44,416],[789,98],[154,421]],[[49343,58410],[-365,-694],[-1150,-261],[-383,-529],[-836,-387],[-406,-501]],[[47751,60526],[419,-409],[905,-106],[268,-1601]],[[56999,55439],[-96,-488]],[[56903,54951],[-392,-643]],[[51013,55417],[501,128],[459,1076],[1415,-65],[485,546],[916,311]],[[54789,57413],[254,163],[-186,-1244],[1236,-1133],[906,240]],[[70784,57430],[135,-843],[492,-746]],[[71411,55841],[88,-549]],[[71499,55292],[-813,-214],[-1243,-1441]],[[69443,53637],[-1050,-298],[-760,234]],[[66445,56807],[1084,520],[171,682],[1209,58],[195,-387],[608,202],[1072,-452]],[[61106,51049],[-349,-784],[-346,38],[203,-1862],[-303,-972]],[[59457,46878],[-30,496],[-869,286],[-24,545],[-536,-29],[-845,479],[-1037,103]],[[56116,48758],[-530,662],[-638,68],[-321,935],[-621,663]],[[56903,54951],[187,-490],[1200,-1048]],[[71499,55292],[230,-480],[-83,-806],[392,-520],[-2503,-88]],[[69535,53398],[-92,239]],[[72001,66911],[488,-233],[109,-937],[688,-777]],[[73286,64964],[55,-1111]],[[73341,63853],[134,-738],[-916,-834]],[[72559,62281],[-1309,-34],[-404,-475],[-261,-1025]],[[70585,60747],[-403,-16],[-356,1022],[-455,-521],[-937,406]],[[68434,61638],[-1262,1556],[848,714],[-532,1003]],[[67488,64911],[242,530]],[[67730,65441],[300,530],[1716,486],[208,592],[507,58],[325,-425],[1215,229]],[[67488,64911],[-443,-35],[-674,-651],[-2111,-283]],[[65046,66868],[628,558]],[[65674,67426],[465,131],[715,-422],[316,147],[560,-1841]],[[65674,67426],[-54,268],[841,609],[1045,484],[252,-335],[1021,723]],[[68779,69175],[784,-285],[826,-610],[1468,-532],[144,-837]],[[58084,66857],[-307,513],[-522,-45],[-368,693],[-932,-168],[25,575],[-739,36]],[[56357,72131],[576,10],[1412,-797],[483,-618]],[[70585,60747],[649,-272],[464,-810],[621,-147],[-463,-540],[1394,-684],[-663,-1226]],[[72587,57068],[-552,33],[-425,467],[-826,-138]],[[65756,58004],[252,241],[-776,580],[191,536],[788,853],[526,206],[-380,424]],[[66357,60844],[307,316],[1092,-563],[614,380],[64,661]],[[63079,62019],[-166,-419],[521,-518]],[[63434,61082],[-337,-643],[-616,-66],[-208,-426],[-857,-549],[-195,-588]],[[61221,58810],[-861,842],[-484,-465],[-308,320],[-1260,6]],[[61221,58810],[-643,-916],[-1787,-999],[-1054,-162],[-738,-1294]],[[54789,57413],[362,620],[1187,536],[-158,423],[599,327]],[[52507,65837],[793,-217],[693,-1237],[991,-101],[1011,448],[1857,-133]],[[54041,62211],[-1027,-306],[-205,437],[-1436,502],[-790,-267]],[[75756,59707],[-507,-894],[-858,10],[-546,-744],[-194,-1096]],[[73651,56983],[-1064,85]],[[72559,62281],[254,-862],[1120,-7],[1314,425],[-514,-1289],[881,-430],[142,-411]],[[74450,55611],[532,-487]],[[74982,55124],[308,-511],[1599,-1497],[265,-613],[983,144],[424,-445],[-622,-714],[-147,-1757],[199,-855]],[[77991,48876],[-779,-697],[-320,33],[-298,-789],[-1247,-732],[-431,-639]],[[74820,45927],[-1384,1583],[-966,910],[-122,1094],[-419,463],[-778,317],[-460,857],[-1205,550],[-468,425],[-47,845]],[[68971,52971],[564,427]],[[71411,55841],[2081,445],[958,-675]],[[53800,60777],[-575,-383],[429,-354],[-866,-55],[-771,-368],[-485,155],[-841,-437],[-601,-901],[-747,-24]],[[63869,52564],[499,-716],[-771,-428],[758,-626],[-630,-349],[547,-565],[-61,-452]],[[63981,48879],[-932,-436],[-85,-504],[-738,-50],[-717,-554]],[[56116,48758],[-961,-773],[-1245,-316],[165,-1179],[-276,-230],[248,-1074],[1306,-580]],[[68971,52971],[-245,-171],[-1271,98],[-407,-210]],[[66357,60844],[-1994,-432],[-929,670]],[[73651,56983],[872,-709],[-73,-663]],[[68375,71659],[52,-1685],[352,-799]],[[61991,70994],[1919,1070]],[[63910,72064],[1420,-625],[552,-1032],[731,-451],[877,625],[885,1078]],[[74188,77705],[-333,-576],[150,-804],[-2267,-2338],[-864,-1577],[-2499,-751]],[[63910,72064],[588,359]],[[64498,72423],[476,-140],[547,566],[964,117],[360,982],[744,257],[617,687]],[[68206,74892],[127,-975],[779,204],[85,830],[1518,40],[106,784],[-209,786],[936,585],[682,49],[273,422],[821,389],[864,-301]],[[64360,83615],[-214,-914],[744,-883],[-21,-547]],[[64869,81271],[-571,-287],[-133,-534],[-846,16],[-1048,-881],[-966,-495]],[[61305,79090],[-178,325]],[[61127,79415],[550,639],[1203,837],[-858,-57],[-826,612],[253,551],[-412,196]],[[61037,82193],[1273,627]],[[62310,82820],[1343,1535],[707,-740]],[[65458,80875],[202,-818],[707,-438],[-677,-129],[-489,-703],[-1250,-488],[335,-328]],[[64286,77971],[-526,-127],[-689,293],[-729,-357]],[[62342,77780],[-633,394],[-404,916]],[[64869,81271],[589,-396]],[[64498,72423],[142,432],[-630,857],[-784,1453]],[[63226,75165],[1584,-121],[1176,1709]],[[65986,76753],[349,176],[821,-693],[830,148],[-291,-936],[511,-556]],[[69908,81456],[635,-855]],[[70543,80601],[-1029,-571],[-1156,-213],[-716,-735],[-855,-349],[-232,221],[-923,-615]],[[65632,78339],[-568,13],[-778,-381]],[[65458,80875],[731,853],[1379,562]],[[67568,82290],[624,-23],[934,-863],[399,375],[383,-323]],[[78967,97254],[-619,186],[-765,-802],[-485,-174],[-1170,645],[-425,-303],[-1419,1048]],[[74084,97854],[1681,785],[697,811],[716,-412],[367,506],[567,-13],[812,-1507],[461,-257],[-418,-513]],[[69221,94322],[2095,-3161],[-638,-396],[413,-407],[262,368],[635,-179]],[[71988,90547],[276,-507],[-329,-406]],[[71935,89634],[-481,-20],[-76,-670],[-1021,-745],[-757,-322],[-885,853]],[[68715,88730],[-277,1006],[-1731,-804]],[[66707,88932],[-1266,1645],[-488,245]],[[64953,90822],[-106,304],[1164,955],[-285,228],[2829,2119],[666,-106]],[[76293,87555],[-859,110],[-1214,-318]],[[74220,87347],[-340,203]],[[73880,87550],[406,40],[90,1224]],[[74376,88814],[765,538],[1702,67]],[[76843,89419],[262,-1014],[-812,-850]],[[61564,84505],[746,-1685]],[[61037,82193],[-789,953]],[[60248,83146],[483,361],[329,1230],[504,-232]],[[76529,84641],[21,-1203],[303,-977],[-1214,-875],[-849,-197],[-610,-506],[1000,-221]],[[75180,80662],[-614,-1338],[347,-298],[-395,-403],[356,-691]],[[74874,77932],[-686,-227]],[[65986,76753],[-354,1586]],[[70543,80601],[1303,190],[740,-109],[290,638]],[[72876,81320],[530,290],[-487,515],[1468,903],[-608,286],[-599,-126],[-38,622],[1495,755],[105,336]],[[74742,84901],[292,-379],[1495,119]],[[80536,87500],[-93,-1510],[-534,26],[-1612,-909],[-370,1149],[208,361],[1596,664],[115,545],[690,-326]],[[69908,81456],[1341,1021],[-100,237]],[[71149,82714],[1272,220],[647,-426],[-757,-296],[565,-892]],[[78967,97254],[1518,-1244],[-1028,-1421],[-802,-446],[167,-251],[-1050,-576],[-58,-757],[-903,130],[-111,-674],[-1519,-6]],[[75181,92009],[-138,621],[-1331,-244],[-556,168],[-921,2124],[-781,767],[360,129],[-1319,583]],[[70495,96157],[3589,1697]],[[78138,80411],[-948,-1250],[-1001,-939],[-377,-593]],[[75812,77629],[-554,-86],[-384,389]],[[75180,80662],[620,591],[1669,-104],[669,-738]],[[74220,87347],[-267,-1142]],[[73953,86205],[-1323,-720],[151,-414],[-548,-5],[154,-684],[-938,-197]],[[71449,84185],[-1071,910],[-805,-61]],[[69573,85034],[-221,465],[584,-86],[1946,683],[-256,455],[993,464],[860,45],[401,490]],[[62423,84667],[1280,1025]],[[63703,85692],[176,-728],[-1033,-753],[-423,456]],[[61468,76426],[151,-325],[1085,-276],[522,-660]],[[55684,72899],[586,437],[454,961],[619,777],[550,292]],[[57893,75366],[358,-50],[1401,489],[627,684],[477,-297],[712,234]],[[68715,88730],[-627,-257],[-2295,-1717],[-650,183]],[[65143,86939],[1384,1217],[180,776]],[[69573,85034],[-2366,-1217]],[[67207,83817],[-155,415],[-1100,-350],[-193,278],[-1399,-545]],[[61564,84505],[859,162]],[[63703,85692],[911,617],[529,630]],[[71935,89634],[1013,-201],[791,148],[114,-413],[572,175],[-49,-529]],[[69221,94322],[-600,1382]],[[68621,95704],[964,233]],[[69585,95937],[1194,-2879],[1617,-2046],[-408,-465]],[[75181,92009],[233,-511],[1267,-53],[585,-866],[-423,-1160]],[[69585,95937],[910,220]],[[71449,84185],[116,-420],[-686,-400],[270,-651]],[[67568,82290],[-323,605],[-38,922]],[[76293,87555],[-89,-159],[1151,-1077],[-61,-1070],[-654,-103],[-111,-505]],[[74742,84901],[-643,254],[-146,1050]],[[62342,77780],[-153,-462],[-559,176],[-162,-1068]],[[57893,75366],[538,843],[-195,514],[-1010,564],[38,715],[485,512],[1910,1303],[-701,238],[1170,101],[56,-555],[943,-186]],[[64953,90822],[-660,81],[-918,-255],[-1793,-889]],[[61582,89759],[-817,1016],[-941,2960],[1146,519]],[[60970,94254],[532,-68],[7119,1518]],[[61582,89759],[-1584,-762],[-2358,-875],[-667,-885]],[[56973,87237],[-254,355],[465,677],[-231,1619],[-429,623],[422,100],[-290,653],[318,608],[-237,406],[690,1030],[-1523,1027],[5066,-81]],[[83086,66170],[679,-2066],[775,-565],[1189,43],[124,306],[1575,-383],[645,-1216],[674,326],[749,-338]],[[89496,62277],[157,-649],[-218,-756],[353,-488],[-1843,-1766],[336,-302],[296,-975]],[[88577,57341],[-419,-323]],[[88158,57018],[-532,287],[-1114,-157],[-402,585],[-768,101]],[[85342,57834],[353,985],[-248,424],[175,630],[-459,535],[-545,140],[-425,1180],[-669,282],[-809,-2],[-1107,-380],[-1301,-66],[-844,140],[-918,989],[-656,1349]],[[77889,64040],[638,506],[192,677],[2062,-157],[1518,1193],[787,-89]],[[88158,57018],[-339,-843],[-890,-466],[364,-1146]],[[87293,54563],[-533,-674],[-2066,615],[-296,391]],[[84398,54895],[548,1015],[-139,1353],[245,659]],[[85052,57922],[290,-88]],[[75812,77629],[986,-959],[364,-689],[1700,-342]],[[78862,75639],[-463,-350],[204,-1275],[794,-498],[59,-948],[-521,-481],[473,-995],[-645,-285],[391,-1345],[963,-1103]],[[80117,68359],[-350,-887],[-464,-116],[-364,449],[-1960,-375],[-1465,-1358],[-1376,-863],[-852,-245]],[[78613,57895],[230,-950],[350,13],[496,-1149],[706,-55],[664,-737],[616,111],[893,-346]],[[82568,54782],[91,-54]],[[82659,54728],[-625,-476],[199,-481],[-349,-840],[-650,-174],[-246,-467]],[[80988,52290],[-655,347],[-20,834],[-1198,1351],[-686,313],[-1161,44],[-1020,234],[-200,347]],[[76048,55760],[-342,585],[495,150],[-126,701],[356,797],[546,165],[1157,-640],[479,377]],[[86672,79012],[-1142,61],[-847,-637],[-450,73],[-645,-482],[-139,-583],[371,-440],[-139,-705],[-896,-288],[-293,-1002]],[[82492,75009],[-273,-508],[-918,-68],[-839,570],[-1055,0],[-74,567],[-471,69]],[[78138,80411],[1011,1013],[726,127],[288,-832],[1424,-244],[123,367],[2136,-382],[857,-678],[1969,-770]],[[89513,72453],[507,-317],[295,-653],[1944,-1017],[973,-986],[173,-559],[-371,-543],[-1170,-660]],[[91864,67718],[-278,72],[-1543,-942],[-1402,-300],[-302,376],[206,868],[-1521,1255],[123,691],[-968,793],[-30,1039],[905,372],[495,733]],[[87549,72675],[305,-20],[336,-802],[1323,600]],[[87293,54563],[449,-214],[743,193]],[[88485,54542],[-564,-914],[-1579,-1183],[-421,-96],[42,-732],[-461,-413],[708,-2612],[-513,109],[-865,-297]],[[84832,48404],[-84,740],[-665,593],[146,1276],[-516,970],[671,61],[-9,365],[-1144,640],[-46,732],[-526,947]],[[82568,54782],[1300,-60],[530,173]],[[83052,40844],[693,1195],[55,680],[656,938],[181,761],[-47,1133],[670,398],[322,890],[-486,1369],[-264,196]],[[88485,54542],[1180,805]],[[89665,55347],[26,-1247],[-966,-1804],[-43,-1311],[335,-1039],[1249,-1100],[2554,-81],[819,-323],[2141,-451],[21,-1200],[-504,-1140],[1954,-157],[377,220],[308,-739],[497,-420],[1120,2],[446,-434],[-574,-419],[238,-738],[-649,-603],[375,-926],[-555,-940],[-165,-1962],[-251,-524],[988,87],[-2292,-2026],[-406,-874],[-126,1324],[-767,325],[71,499],[-670,624],[-3175,-65],[923,-1486],[252,-779],[-1002,-797],[-1213,-100]],[[77991,48876],[1826,299],[82,611],[920,698],[358,665],[107,876],[-296,265]],[[78613,57895],[248,374]],[[78861,58269],[268,564],[492,153],[799,-289],[1134,270],[371,-400],[1056,217],[1273,-845],[798,-17]],[[91864,67718],[165,-1664],[-1265,-1025],[-822,-2425],[-446,-327]],[[83086,66170],[-297,459],[465,1273],[-99,535]],[[83155,68437],[1010,855],[173,1173],[433,679],[826,484],[-251,476],[766,52],[161,496],[670,343]],[[86943,72995],[691,97]],[[87634,73092],[-85,-417]],[[74982,55124],[1066,636]],[[78861,58269],[-884,596],[-316,-64],[-1905,906]],[[73341,63853],[803,54],[1036,601],[1002,223],[1707,-691]],[[82492,75009],[1487,-433],[657,-510],[642,199],[230,-544],[1004,-790],[431,64]],[[83155,68437],[-1485,-426],[-497,157],[-156,547],[-740,148],[-160,-504]],[[87634,73092],[614,563],[-80,430],[741,705],[-336,602],[927,710],[-480,556],[611,963],[833,280],[481,698],[2299,69],[2612,260]],[[95856,78928],[557,-510],[-158,-1827],[177,-724],[494,-252],[212,-1039],[-1406,-1780],[-1756,-619],[-1298,222],[-385,543],[1044,489],[-945,583],[-836,-80],[-131,356],[-580,-662],[-6,-551],[-1326,-624]],[[86672,79012],[1228,779],[1228,-172],[1939,-63],[1594,237],[3195,-865]],[[88577,57341],[390,-12],[676,-1080],[22,-902]],[[33041,13043],[-1212,-1445],[-836,-628],[-476,-1205],[-2010,-31],[-314,525],[-465,-13],[-703,613],[-537,870],[-356,1274]],[[26132,13003],[1404,679],[23,466]],[[27559,14148],[927,61],[383,-414],[1344,344],[180,453],[-687,532],[597,1072]],[[30303,16196],[719,1731]],[[31022,17927],[126,-657],[1016,151],[-232,-3094],[320,-644],[789,-640]],[[27559,14148],[-766,380],[65,1166],[341,1072],[-751,623]],[[26448,17389],[1199,168],[1270,493],[599,-40],[515,-847],[-99,-819],[371,-148]],[[46315,6424],[-605,569],[-462,1068],[116,945],[-1159,766],[-359,523],[-1558,977],[-436,-191],[-1802,37],[-1144,1016],[-2123,869],[-1121,119],[-673,-978],[-145,438],[292,726],[72,1099],[-1934,-1212]],[[33274,13195],[2,413],[1008,2021],[-65,1593],[381,916],[-150,864],[606,1119],[55,546],[-477,540]],[[34634,21207],[1213,345]],[[35847,21552],[458,536],[900,-391],[-206,-398],[1127,-574],[1468,355],[1212,-623],[1373,-1015],[2085,-713],[2406,596],[596,-161],[283,-995],[379,-305],[518,-1076],[628,14]],[[26132,13003],[-762,-34],[-878,767],[-351,877],[-602,640],[845,1147],[203,852],[797,903],[405,146],[-319,-808],[978,-104]],[[33274,13195],[-233,-152]],[[31022,17927],[1008,918],[1874,2138],[730,224]],[[36034,23656],[-790,-456]],[[35244,23200],[-772,-476],[-548,-44],[-488,-998],[-683,905],[-666,-377],[-883,1782],[-503,504],[-1537,698]],[[29164,25194],[1478,1605],[578,172],[783,679],[492,-96],[1570,884]],[[34065,28438],[1168,263],[-247,-859],[1057,-348],[844,-860],[-1477,-1093],[-368,-474],[358,-608],[-154,-401],[788,-402]],[[35847,21552],[-440,961],[330,524],[-493,163]],[[36034,23656],[878,69],[791,839],[950,1789],[814,-469],[871,550],[2135,2181]],[[36495,30992],[-1205,-579],[-847,-1036],[-378,-939]],[[29164,25194],[-531,193],[-801,-133]],[[17704,64891],[-3361,3254],[5067,4408],[11527,9951],[3467,-3978]],[[38476,81775],[-3469,3497],[4255,4874],[4498,-4439]],[[60248,83146],[-3275,4091]],[[17704,64891],[-1217,-1008],[-807,-132],[-883,308],[-586,562],[-577,-335],[-741,230],[-1882,-47],[-558,-414],[-3292,-1397],[-2203,-1074],[-454,-430],[-704,11],[-1420,-534],[-668,184],[-661,566],[-126,592],[-439,-183],[-375,617],[55,1321],[1328,815],[1760,1497],[2504,1045],[697,507],[432,888],[2747,1503],[1213,1550],[1017,578],[810,164],[1534,1335],[703,273],[925,683],[1261,2330],[309,1194],[769,1021],[1330,616],[1218,1647],[1574,1302],[521,822],[1022,403],[995,758],[765,202],[699,669],[840,-207],[498,1546],[699,682],[1830,453],[1458,765],[114,1182],[433,947],[-114,1007],[203,1100],[1581,1020],[1352,396],[1420,182],[1220,1040],[1265,779],[319,-153],[1359,716],[132,-164],[1165,420],[241,364],[575,-73],[682,947],[1546,506],[893,629],[2085,238],[268,-471],[1381,-560],[1770,402],[275,-534],[575,680],[674,50],[909,-782],[693,-847],[892,-1759],[-1230,-902],[-65,-883],[-456,-884],[-946,-838],[-261,-568],[-1036,-776],[-1899,-1080],[-1162,-399],[-824,-634],[-897,-383],[-578,-664],[4,-629],[-2422,-1684]],[[38476,81775],[-2625,-1448],[-66,-599],[-1381,-1202]],[[60248,83146],[-590,-388],[-1528,-569],[-528,-443],[-1655,-23],[-671,202],[-1277,1128],[-494,692],[62,1147],[1756,1268],[241,407],[1409,670]]],"transform":{"scale":[0.0000074479615957939225,0.000005714379781791549],"translate":[6.63547968608053,46.4380467266243]}}