{"type":"Topology","objects":{"municipalities":{"type":"GeometryCollection","geometries":[{"type":"Polygon","id":2004,"properties":{"id":2004,"name":"Bussy (FR)"},"arcs":[[0,1,2,3,4,5]]},{"type":"Polygon","id":2005,"properties":{"id":2005,"name":"Châbles"},"arcs":[[6,7,8,9,10,11,12]]},{"type":"Polygon","id":2008,"properties":{"id":2008,"name":"Châtillon (FR)"},"arcs":[[-7,13]]},{"type":"Polygon","id":2009,"properties":{"id":2009,"name":"Cheiry"},"arcs":[[14,15,16,17]]},{"type":"Polygon","id":2010,"properties":{"id":2010,"name":"Cheyres"},"arcs":[[18,19,20,-11]]},{"type":"Polygon","id":2011,"properties":{"id":2011,"name":"Cugy (FR)"},"arcs":[[21,22,23,24,-2]]},{"type":"Polygon","id":2013,"properties":{"id":2013,"name":"Domdidier"},"arcs":[[25,26,27,28,29,30]]},{"type":"Polygon","id":2014,"properties":{"id":2014,"name":"Dompierre (FR)"},"arcs":[[31,32,-28]]},{"type":"Polygon","id":2015,"properties":{"id":2015,"name":"Estavayer-le-Lac"},"arcs":[[33,34,35,-8,-14,-13,36,37]]},{"type":"Polygon","id":2016,"properties":{"id":2016,"name":"Fétigny"},"arcs":[[38,-23,39]]},{"type":"Polygon","id":2022,"properties":{"id":2022,"name":"Gletterens"},"arcs":[[40,41,42,43]]},{"type":"Polygon","id":2024,"properties":{"id":2024,"name":"Léchelles"},"arcs":[[44,45,46,47,48,-26,49]]},{"type":"Polygon","id":2025,"properties":{"id":2025,"name":"Lully (FR)"},"arcs":[[50,51,-9,-36]]},{"type":"Polygon","id":2027,"properties":{"id":2027,"name":"Ménières"},"arcs":[[-39,52,53,-24]]},{"type":"Polygon","id":2029,"properties":{"id":2029,"name":"Montagny (FR)"},"arcs":[[-48,54,55,56,57,58,59,60]]},{"type":"Polygon","id":2033,"properties":{"id":2033,"name":"Morens (FR)"},"arcs":[[61,-6,62,63]]},{"type":"Polygon","id":2034,"properties":{"id":2034,"name":"Murist"},"arcs":[[64,65,66,-19,-10,-52]]},{"type":"Polygon","id":2035,"properties":{"id":2035,"name":"Nuvilly"},"arcs":[[67,-66,68]]},{"type":"Polygon","id":2038,"properties":{"id":2038,"name":"Prévondavaux"},"arcs":[[69,-17]]},{"type":"Polygon","id":2039,"properties":{"id":2039,"name":"Rueyres-les-Prés"},"arcs":[[-64,70,71]]},{"type":"Polygon","id":2040,"properties":{"id":2040,"name":"Russy"},"arcs":[[-49,-61,72,-32,-27]]},{"type":"Polygon","id":2041,"properties":{"id":2041,"name":"Saint-Aubin (FR)"},"arcs":[[-30,73,74,75,76]]},{"type":"Polygon","id":2043,"properties":{"id":2043,"name":"Sévaz"},"arcs":[[-4,77,-34,78]]},{"type":"Polygon","id":2044,"properties":{"id":2044,"name":"Surpierre"},"arcs":[[79,80,-15,81]]},{"type":"Polygon","id":2045,"properties":{"id":2045,"name":"Vallon"},"arcs":[[-75,82,-41,83]]},{"type":"Polygon","id":2047,"properties":{"id":2047,"name":"Villeneuve (FR)"},"arcs":[[-80,84]]},{"type":"Polygon","id":2049,"properties":{"id":2049,"name":"Vuissens"},"arcs":[[85]]},{"type":"Polygon","id":2050,"properties":{"id":2050,"name":"Les Montets"},"arcs":[[-78,-3,-25,-54,86,-69,-65,-51,-35]]},{"type":"Polygon","id":2051,"properties":{"id":2051,"name":"Delley-Portalban"},"arcs":[[-76,-84,-44,87,88]]},{"type":"Polygon","id":2052,"properties":{"id":2052,"name":"Vernay"},"arcs":[[-71,-63,-5,-79,-38,89,90]]},{"type":"Polygon","id":2061,"properties":{"id":2061,"name":"Auboranges"},"arcs":[[91,92,93]]},{"type":"Polygon","id":2063,"properties":{"id":2063,"name":"Billens-Hennens"},"arcs":[[94,95,96]]},{"type":"Polygon","id":2066,"properties":{"id":2066,"name":"Chapelle (Glâne)"},"arcs":[[97,98,99]]},{"type":"Polygon","id":2067,"properties":{"id":2067,"name":"Le Châtelard"},"arcs":[[100,101,102,103,104]]},{"type":"Polygon","id":2068,"properties":{"id":2068,"name":"Châtonnaye"},"arcs":[[105,106,107,108]]},{"type":"Polygon","id":2072,"properties":{"id":2072,"name":"Ecublens (FR)"},"arcs":[[109,-94,110,111]]},{"type":"Polygon","id":2079,"properties":{"id":2079,"name":"Grangettes"},"arcs":[[-104,112,113,114,115]]},{"type":"Polygon","id":2086,"properties":{"id":2086,"name":"Massonnens"},"arcs":[[-105,-116,116,117,118,119]]},{"type":"Polygon","id":2087,"properties":{"id":2087,"name":"Mézières (FR)"},"arcs":[[-118,120,121,122,123]]},{"type":"Polygon","id":2089,"properties":{"id":2089,"name":"Montet (Glâne)"},"arcs":[[124,125,-112,126]]},{"type":"Polygon","id":2096,"properties":{"id":2096,"name":"Romont (FR)"},"arcs":[[127,-123,128,-97,129,130]]},{"type":"Polygon","id":2097,"properties":{"id":2097,"name":"Rue"},"arcs":[[131,-100,132,-92,-110,-126,133]]},{"type":"Polygon","id":2099,"properties":{"id":2099,"name":"Siviriez"},"arcs":[[-122,134,135,136,137,-95,-129]]},{"type":"Polygon","id":2102,"properties":{"id":2102,"name":"Ursy"},"arcs":[[-137,138,-134,-125,139]]},{"type":"Polygon","id":2111,"properties":{"id":2111,"name":"Villaz-Saint-Pierre"},"arcs":[[140,-119,-124,-128,141,142,-107,143]]},{"type":"Polygon","id":2113,"properties":{"id":2113,"name":"Vuisternens-devant-Romont"},"arcs":[[-117,-115,144,145,146,-135,-121]]},{"type":"Polygon","id":2114,"properties":{"id":2114,"name":"Villorsonnens"},"arcs":[[147,148,149,-101,-120,-141,150,151]]},{"type":"Polygon","id":2115,"properties":{"id":2115,"name":"Torny"},"arcs":[[152,153,154,-109,155,-59]]},{"type":"MultiPolygon","id":2116,"properties":{"id":2116,"name":"La Folliaz"},"arcs":[[[-131,156,-142]],[[157,158,-151,-144,-106,-155]]]},{"type":"Polygon","id":2121,"properties":{"id":2121,"name":"Haut-Intyamon"},"arcs":[[159,160,161,162,163,164]]},{"type":"Polygon","id":2122,"properties":{"id":2122,"name":"Pont-en-Ogoz"},"arcs":[[165,166,167,168,169,170,171]]},{"type":"Polygon","id":2123,"properties":{"id":2123,"name":"Botterens"},"arcs":[[172,173,174,175,176,177]]},{"type":"Polygon","id":2124,"properties":{"id":2124,"name":"Broc"},"arcs":[[178,179,-175,180,181,182,183,184,185]]},{"type":"Polygon","id":2125,"properties":{"id":2125,"name":"Bulle"},"arcs":[[186,187,-185,188,189,190,191,192,193]]},{"type":"Polygon","id":2128,"properties":{"id":2128,"name":"Châtel-sur-Montsalvens"},"arcs":[[194,-181,-174,195]]},{"type":"MultiPolygon","id":2129,"properties":{"id":2129,"name":"Corbières"},"arcs":[[[196,-178,197,198]],[[199,200,201]]]},{"type":"Polygon","id":2130,"properties":{"id":2130,"name":"Crésuz"},"arcs":[[-182,-195,202]]},{"type":"MultiPolygon","id":2131,"properties":{"id":2131,"name":"Echarlens"},"arcs":[[[-193,203,204]],[[205,206,-187,207,208,-201]]]},{"type":"Polygon","id":2134,"properties":{"id":2134,"name":"Grandvillard"},"arcs":[[209,210,-161,211]]},{"type":"Polygon","id":2135,"properties":{"id":2135,"name":"Gruyères"},"arcs":[[-184,212,213,-165,214,215,216,-191,217,-189]]},{"type":"Polygon","id":2137,"properties":{"id":2137,"name":"Hauteville"},"arcs":[[218,-199,219,220]]},{"type":"Polygon","id":2138,"properties":{"id":2138,"name":"Jaun"},"arcs":[[221,222,223]]},{"type":"Polygon","id":2140,"properties":{"id":2140,"name":"Marsens"},"arcs":[[-202,-209,224,225,-113,-103,226,-167,227]]},{"type":"MultiPolygon","id":2143,"properties":{"id":2143,"name":"Morlon"},"arcs":[[[-176,-180,228]],[[-186,-188,-207,229]]]},{"type":"Polygon","id":2145,"properties":{"id":2145,"name":"Le Pâquier (FR)"},"arcs":[[-218,-190]]},{"type":"Polygon","id":2147,"properties":{"id":2147,"name":"Pont-la-Ville"},"arcs":[[230,231,232,233]]},{"type":"Polygon","id":2148,"properties":{"id":2148,"name":"Riaz"},"arcs":[[-208,-194,-205,234,235,236,-225]]},{"type":"Polygon","id":2149,"properties":{"id":2149,"name":"La Roche"},"arcs":[[237,238,239,-221,240,-231,241]]},{"type":"Polygon","id":2152,"properties":{"id":2152,"name":"Sâles"},"arcs":[[-114,-226,-237,242,243,244,-145]]},{"type":"Polygon","id":2153,"properties":{"id":2153,"name":"Sorens"},"arcs":[[-227,-102,-150,245,-168]]},{"type":"Polygon","id":2155,"properties":{"id":2155,"name":"Vaulruz"},"arcs":[[246,-216,247,-243,-236]]},{"type":"Polygon","id":2160,"properties":{"id":2160,"name":"Vuadens"},"arcs":[[-204,-192,-217,-247,-235]]},{"type":"Polygon","id":2162,"properties":{"id":2162,"name":"Bas-Intyamon"},"arcs":[[-212,-160,-214,248]]},{"type":"Polygon","id":2163,"properties":{"id":2163,"name":"Val-de-Charmey"},"arcs":[[249,-223,250,-210,-249,-213,-183,-203,-196,-173,-197,-219,-240,251]]},{"type":"Polygon","id":2171,"properties":{"id":2171,"name":"Arconciel"},"arcs":[[252,253,254,255,256,257,258]]},{"type":"Polygon","id":2172,"properties":{"id":2172,"name":"Autafond"},"arcs":[[259,260,261,262]]},{"type":"Polygon","id":2173,"properties":{"id":2173,"name":"Autigny"},"arcs":[[263,264,265,-148,266,267]]},{"type":"Polygon","id":2174,"properties":{"id":2174,"name":"Avry"},"arcs":[[268,269,270,271,272,273,274]]},{"type":"Polygon","id":2175,"properties":{"id":2175,"name":"Belfaux"},"arcs":[[275,276,277,278,-263,279,280]]},{"type":"Polygon","id":2177,"properties":{"id":2177,"name":"Chénens"},"arcs":[[-267,-152,-159,281]]},{"type":"Polygon","id":2179,"properties":{"id":2179,"name":"Chésopelloz"},"arcs":[[282,-275,283,284,-260,-279]]},{"type":"Polygon","id":2183,"properties":{"id":2183,"name":"Corminboeuf"},"arcs":[[285,286,-269,-283,-278,287]]},{"type":"Polygon","id":2184,"properties":{"id":2184,"name":"Corpataux-Magnedens"},"arcs":[[288,289,290,-258]]},{"type":"Polygon","id":2185,"properties":{"id":2185,"name":"Corserey"},"arcs":[[291,-153,-58,292]]},{"type":"Polygon","id":2186,"properties":{"id":2186,"name":"Cottens (FR)"},"arcs":[[293,294,-264,295,296]]},{"type":"Polygon","id":2189,"properties":{"id":2189,"name":"Ependes (FR)"},"arcs":[[297,298,299,300,-254,301]]},{"type":"Polygon","id":2192,"properties":{"id":2192,"name":"Farvagny"},"arcs":[[-290,302,-171,303,304,-265,-295,305]]},{"type":"Polygon","id":2194,"properties":{"id":2194,"name":"Ferpicloz"},"arcs":[[306,307,-300]]},{"type":"Polygon","id":2196,"properties":{"id":2196,"name":"Fribourg"},"arcs":[[308,309,310,311,312,313,314,315]]},{"type":"Polygon","id":2197,"properties":{"id":2197,"name":"Givisiez"},"arcs":[[-315,316,-288,-277,317,318]]},{"type":"Polygon","id":2198,"properties":{"id":2198,"name":"Granges-Paccot"},"arcs":[[-316,-319,319,320]]},{"type":"Polygon","id":2200,"properties":{"id":2200,"name":"Grolley"},"arcs":[[-280,-262,321,-46,322]]},{"type":"Polygon","id":2206,"properties":{"id":2206,"name":"Marly"},"arcs":[[323,324,-302,-253,325,326,-313]]},{"type":"Polygon","id":2208,"properties":{"id":2208,"name":"Matran"},"arcs":[[327,328,329,-270,-287]]},{"type":"Polygon","id":2211,"properties":{"id":2211,"name":"Neyruz (FR)"},"arcs":[[330,-297,331,-271,-330]]},{"type":"Polygon","id":2213,"properties":{"id":2213,"name":"Noréaz"},"arcs":[[332,-284,-274,333,-56]]},{"type":"Polygon","id":2216,"properties":{"id":2216,"name":"Pierrafortscha"},"arcs":[[334,335,-324,-312,336]]},{"type":"Polygon","id":2217,"properties":{"id":2217,"name":"Ponthaux"},"arcs":[[-261,-285,-333,-55,-47,-322]]},{"type":"Polygon","id":2220,"properties":{"id":2220,"name":"Le Mouret"},"arcs":[[337,338,339,-238,340,341,-307,-299,342]]},{"type":"Polygon","id":2221,"properties":{"id":2221,"name":"Prez-vers-Noréaz"},"arcs":[[-273,343,-293,-57,-334]]},{"type":"Polygon","id":2222,"properties":{"id":2222,"name":"Rossens (FR)"},"arcs":[[344,-233,345,-172,-303,-289,-257]]},{"type":"Polygon","id":2223,"properties":{"id":2223,"name":"Le Glèbe"},"arcs":[[-305,346,-169,-246,-149,-266]]},{"type":"Polygon","id":2225,"properties":{"id":2225,"name":"Senèdes"},"arcs":[[-342,347,-255,-301,-308]]},{"type":"Polygon","id":2226,"properties":{"id":2226,"name":"Treyvaux"},"arcs":[[-242,-234,-345,-256,-348,-341]]},{"type":"Polygon","id":2228,"properties":{"id":2228,"name":"Villars-sur-Glâne"},"arcs":[[-327,348,-328,-286,-317,-314]]},{"type":"Polygon","id":2230,"properties":{"id":2230,"name":"Villarsel-sur-Marly"},"arcs":[[-336,349,-343,-298,-325]]},{"type":"Polygon","id":2231,"properties":{"id":2231,"name":"Vuisternens-en-Ogoz"},"arcs":[[-170,-347,-304]]},{"type":"Polygon","id":2233,"properties":{"id":2233,"name":"Hauterive (FR)"},"arcs":[[-326,-259,-291,-306,-294,-331,-329,-349]]},{"type":"Polygon","id":2234,"properties":{"id":2234,"name":"La Brillaz"},"arcs":[[-332,-296,-268,-282,-158,-154,-292,-344,-272]]},{"type":"Polygon","id":2235,"properties":{"id":2235,"name":"La Sonnaz"},"arcs":[[350,-320,-318,-276,351,352]]},{"type":"Polygon","id":2243,"properties":{"id":2243,"name":"Barberêche"},"arcs":[[353,-353,354,355,356]]},{"type":"Polygon","id":2250,"properties":{"id":2250,"name":"Courgevaux"},"arcs":[[357,358,359,360,361,362]]},{"type":"Polygon","id":2251,"properties":{"id":2251,"name":"Courlevon"},"arcs":[[363,364,365,-359,366]]},{"type":"Polygon","id":2254,"properties":{"id":2254,"name":"Courtepin"},"arcs":[[-356,367,368,369]]},{"type":"Polygon","id":2257,"properties":{"id":2257,"name":"Cressier (FR)"},"arcs":[[370,371,372,-364,373,374]]},{"type":"Polygon","id":2258,"properties":{"id":2258,"name":"Fräschels"},"arcs":[[375,376]]},{"type":"Polygon","id":2259,"properties":{"id":2259,"name":"Galmiz"},"arcs":[[377,378,379,380,381,382]]},{"type":"Polygon","id":2260,"properties":{"id":2260,"name":"Gempenach"},"arcs":[[383,384,385,386,387]]},{"type":"Polygon","id":2261,"properties":{"id":2261,"name":"Greng"},"arcs":[[388,-362,389,390]]},{"type":"MultiPolygon","id":2262,"properties":{"id":2262,"name":"Gurmels"},"arcs":[[[391,392,393,-357,-370,394,-372,395,396,397]],[[398]]]},{"type":"Polygon","id":2264,"properties":{"id":2264,"name":"Jeuss"},"arcs":[[-396,-371,399,400]]},{"type":"Polygon","id":2265,"properties":{"id":2265,"name":"Kerzers"},"arcs":[[401,402,403,-376]]},{"type":"Polygon","id":2266,"properties":{"id":2266,"name":"Kleinbösingen"},"arcs":[[404,405,-393,406]]},{"type":"Polygon","id":2270,"properties":{"id":2270,"name":"Lurtigen"},"arcs":[[407,408,409,410,-385]]},{"type":"Polygon","id":2271,"properties":{"id":2271,"name":"Meyriez"},"arcs":[[411,412]]},{"type":"Polygon","id":2272,"properties":{"id":2272,"name":"Misery-Courtion"},"arcs":[[413,-368,-355,-352,-281,-323,-45,414,415]]},{"type":"Polygon","id":2274,"properties":{"id":2274,"name":"Muntelier"},"arcs":[[416,417,-381]]},{"type":"MultiPolygon","id":2275,"properties":{"id":2275,"name":"Murten"},"arcs":[[[-386,-411,418,419,-363,-389,420,-413,421,-417,-380,422]],[[-378,423,424,425]]]},{"type":"Polygon","id":2276,"properties":{"id":2276,"name":"Ried bei Kerzers"},"arcs":[[426,-387,-423,-379,-426,427,-403]]},{"type":"Polygon","id":2277,"properties":{"id":2277,"name":"Salvenach"},"arcs":[[428,-400,-375,429,-419,-410]]},{"type":"Polygon","id":2278,"properties":{"id":2278,"name":"Ulmiz"},"arcs":[[430,-398,431,-408,-384]]},{"type":"Polygon","id":2279,"properties":{"id":2279,"name":"Villarepos"},"arcs":[[-360,-366,432,-416,433]]},{"type":"Polygon","id":2280,"properties":{"id":2280,"name":"Bas-Vully"},"arcs":[[-383,434,435,436,-424]]},{"type":"Polygon","id":2281,"properties":{"id":2281,"name":"Haut-Vully"},"arcs":[[-436,437,438]]},{"type":"Polygon","id":2283,"properties":{"id":2283,"name":"Wallenried"},"arcs":[[-395,-369,-414,-433,-365,-373]]},{"type":"Polygon","id":2291,"properties":{"id":2291,"name":"Alterswil"},"arcs":[[439,440,441,442,443,444]]},{"type":"Polygon","id":2292,"properties":{"id":2292,"name":"Brünisried"},"arcs":[[-443,445,446,447,448]]},{"type":"Polygon","id":2293,"properties":{"id":2293,"name":"Düdingen"},"arcs":[[449,450,451,-309,-321,-351,-354,-394,-406]]},{"type":"Polygon","id":2294,"properties":{"id":2294,"name":"Giffers"},"arcs":[[452,453,454,455,456]]},{"type":"Polygon","id":2295,"properties":{"id":2295,"name":"Bösingen"},"arcs":[[457,458,-450,-405,459]]},{"type":"Polygon","id":2296,"properties":{"id":2296,"name":"Heitenried"},"arcs":[[460,461,462]]},{"type":"Polygon","id":2298,"properties":{"id":2298,"name":"Oberschrot"},"arcs":[[463,464,465,-454,466,-447]]},{"type":"Polygon","id":2299,"properties":{"id":2299,"name":"Plaffeien"},"arcs":[[-224,-250,467,-465,468,469]]},{"type":"Polygon","id":2300,"properties":{"id":2300,"name":"Plasselb"},"arcs":[[-468,-252,-239,-340,470,-455,-466]]},{"type":"Polygon","id":2301,"properties":{"id":2301,"name":"Rechthalten"},"arcs":[[-448,-467,-453,471,472]]},{"type":"Polygon","id":2302,"properties":{"id":2302,"name":"St. Antoni"},"arcs":[[-462,473,-440,474,475,476,477]]},{"type":"Polygon","id":2303,"properties":{"id":2303,"name":"St. Silvester"},"arcs":[[-471,-339,478,-456]]},{"type":"Polygon","id":2304,"properties":{"id":2304,"name":"St. Ursen"},"arcs":[[-444,-449,-473,479,-337,-311,480]]},{"type":"Polygon","id":2305,"properties":{"id":2305,"name":"Schmitten (FR)"},"arcs":[[481,-476,482,-451,-459]]},{"type":"Polygon","id":2306,"properties":{"id":2306,"name":"Tafers"},"arcs":[[-475,-445,-481,-310,-452,-483]]},{"type":"Polygon","id":2307,"properties":{"id":2307,"name":"Tentlingen"},"arcs":[[-472,-457,-479,-338,-350,-335,-480]]},{"type":"Polygon","id":2308,"properties":{"id":2308,"name":"Ueberstorf"},"arcs":[[-463,-478,483,484]]},{"type":"Polygon","id":2309,"properties":{"id":2309,"name":"Wünnewil-Flamatt"},"arcs":[[-484,-477,-482,-458,485]]},{"type":"Polygon","id":2310,"properties":{"id":2310,"name":"Zumholz"},"arcs":[[-469,-464,-446,-442,486]]},{"type":"Polygon","id":2321,"properties":{"id":2321,"name":"Attalens"},"arcs":[[487,488,489,490,491]]},{"type":"Polygon","id":2323,"properties":{"id":2323,"name":"Bossonnens"},"arcs":[[-490,492,493]]},{"type":"Polygon","id":2325,"properties":{"id":2325,"name":"Châtel-Saint-Denis"},"arcs":[[-163,494,495,496,497]]},{"type":"Polygon","id":2328,"properties":{"id":2328,"name":"Granges (Veveyse)"},"arcs":[[-493,-489,498]]},{"type":"Polygon","id":2333,"properties":{"id":2333,"name":"Remaufens"},"arcs":[[499,-492,500,-496]]},{"type":"Polygon","id":2335,"properties":{"id":2335,"name":"Saint-Martin (FR)"},"arcs":[[501,502,503,504]]},{"type":"Polygon","id":2336,"properties":{"id":2336,"name":"Semsales"},"arcs":[[-215,-164,-498,505,-502,506,-244,-248]]},{"type":"Polygon","id":2337,"properties":{"id":2337,"name":"Le Flon"},"arcs":[[-147,507,-504,508,-98,-132,-139,-136]]},{"type":"Polygon","id":2338,"properties":{"id":2338,"name":"La Verrerie"},"arcs":[[-245,-507,-505,-508,-146]]},{"type":"Polygon","id":2391,"properties":{"id":2391,"name":"Staatswald Galm"},"arcs":[[-397,-401,-429,-409,-432]]},{"type":"MultiPolygon","id":9153,"properties":{"id":9153,"name":"Lac de Neuchâtel (FR)"},"arcs":[[[-90,-37,-12,-21,509]],[[-88,-43,510]]]},{"type":"Polygon","id":9276,"properties":{"id":9276,"name":"Lac de la Gruyère"},"arcs":[[-232,-241,-220,-198,-177,-229,-179,-230,-206,-200,-228,-166,-346]]},{"type":"Polygon","id":9295,"properties":{"id":9295,"name":"Murtensee/Lac de Morat (FR)"},"arcs":[[-382,-418,-422,-412,-421,-391,511,-438,-435]]}]}},"arcs":[[[25915,69723],[-670,-1098],[180,-808]],[[25425,67817],[-827,598],[-1193,69],[-341,-617],[-1093,697],[-217,-334]],[[21754,68230],[-496,314]],[[21258,68544],[416,817],[-147,511],[762,464],[96,733],[-483,77],[90,704]],[[21992,71850],[996,13]],[[22988,71863],[886,-628],[433,-843],[589,509],[1019,-1178]],[[12442,69193],[-216,-325],[801,-1204]],[[13027,67664],[265,-426]],[[13292,67238],[-1346,-717],[399,-309],[-722,-634]],[[11623,65578],[-1462,-626]],[[10161,64952],[-478,954],[-923,465],[563,513],[-1374,1508]],[[7949,68392],[2338,1740]],[[10287,70132],[785,-549],[1370,-390]],[[12442,69193],[1313,799],[1225,-480],[557,-645],[-2510,-1203]],[[19670,56630],[-1530,-913],[94,-224],[-1111,-671],[-477,45],[-2061,-1021],[145,-173],[-1043,-919],[-202,-480]],[[13485,52274],[-1721,-389]],[[11764,51885],[-824,705]],[[10940,52590],[695,231],[-231,349],[955,689],[180,478],[1280,1184],[-217,334],[2405,1668],[696,1032],[-409,18],[436,726],[484,-175],[723,-1065],[536,-322],[-142,-944],[721,351],[618,-514]],[[10161,64952],[-1943,-757],[157,-239],[-1598,-947],[-472,-632]],[[6305,62377],[-842,-663],[294,889],[1297,951],[-505,627],[-819,-452],[-1807,1458]],[[3923,65187],[1596,1143],[2430,2062]],[[25425,67817],[835,-1048],[152,-933],[-921,-1068],[378,-272]],[[25869,64496],[-1808,-1480],[270,-409]],[[24331,62607],[-1020,-254],[-1075,376],[-1447,-63]],[[20789,62666],[-1230,-188],[63,729],[-716,641],[-435,-3],[-555,644],[1248,1122],[72,349],[2277,523],[306,736],[-65,1011]],[[45899,71860],[-997,-847]],[[44902,71013],[-1109,785],[-543,-273],[-883,510],[-255,-251],[-1200,443],[657,785]],[[41569,73012],[-1486,1566],[104,143],[-1509,1812]],[[38678,76533],[-455,505]],[[38223,77038],[444,330],[418,-391],[503,407]],[[39588,77384],[745,-664],[1112,-217],[1193,794],[323,546],[824,-806],[543,294],[1611,-762],[-855,-1309],[1528,-978],[-1011,-564],[131,-350],[-779,-797],[946,-711]],[[41569,73012],[-706,-517],[-821,-135],[-315,-739],[-1157,-608]],[[38570,71013],[-607,822],[-486,-145],[-615,759],[59,850],[418,533],[-547,454],[484,999],[1402,1248]],[[21383,72323],[-1922,-611],[327,-488],[-1080,-449],[643,-270],[-307,-289],[415,-482]],[[19459,69734],[-854,138]],[[18605,69872],[-652,919],[-1646,-591],[103,401],[-822,22],[-648,-569],[605,-1127],[366,-1272],[-1036,228],[-483,-509],[-1100,-136]],[[10287,70132],[1122,616],[411,-13],[2559,1011],[1687,1671],[1741,832],[1260,909]],[[19067,75158],[660,-664],[1163,-149],[474,-1325],[19,-697]],[[25734,60699],[-153,641],[-480,143],[206,713],[-976,411]],[[25869,64496],[625,-308],[1293,1269],[1279,-244],[481,-943],[-1507,-1541],[-749,-1236],[85,-523],[-935,-891],[-707,620]],[[32508,81443],[-1017,-654],[-197,-557],[560,-567],[-1082,-283]],[[30772,79382],[-396,-124],[-457,622],[-1132,31],[-302,484],[899,748],[-1210,1006]],[[28174,82149],[850,194],[218,681],[964,420]],[[30206,83444],[925,-980],[1226,-427],[151,-594]],[[48264,73232],[785,-772]],[[49049,72460],[-13,-509],[-637,-891],[447,-514],[-297,-1159],[-803,-613]],[[47746,68774],[-969,-81],[-171,-634],[-2125,-677],[-417,-634]],[[44064,66748],[-1330,-135],[-1216,516],[-722,1258],[-693,658]],[[40103,69045],[671,803],[904,255],[1130,-32],[207,346],[1887,596]],[[45899,71860],[694,249],[527,-230],[1144,1353]],[[18605,69872],[361,-761],[-802,-360],[69,-850],[-1115,-1044],[-866,-2],[-1837,-1769]],[[14415,65086],[-1446,-631],[28,258],[-1374,865]],[[25734,60699],[-225,-310],[-1701,-757],[-940,185],[-1348,-513],[-2476,1009],[27,573]],[[19071,60886],[1039,219],[812,-162],[300,654],[-433,1069]],[[44064,66748],[491,-610]],[[44555,66138],[-1728,-216],[144,-360],[-1378,-860],[583,-563],[-285,-310],[579,-559],[-161,-407]],[[42309,62863],[-1556,-739],[-1230,-211],[-489,-524],[-32,-587]],[[39002,60802],[-1536,-985],[-208,-439]],[[37258,59378],[-1378,1135],[-335,865],[-1633,540]],[[33912,61918],[-412,554],[1670,1624],[-1383,1515],[-209,648],[801,582],[-500,273],[1123,1457],[1479,-836],[1586,-217],[1137,1489]],[[39204,69007],[229,398],[670,-360]],[[27752,71923],[-1837,-2200]],[[22988,71863],[622,596],[-131,327],[1071,259]],[[24550,73045],[750,-423],[804,214],[943,-224],[705,-689]],[[14415,65086],[-484,-876],[1046,-299],[352,-359]],[[15329,63552],[-837,-896],[-1294,-610],[-587,-779],[-667,-349],[-837,-923]],[[11107,59995],[-619,773],[-724,344],[-1025,-502],[-2434,1767]],[[17117,61148],[-145,-474],[-1171,-791],[-486,372],[-485,-778],[-584,-310],[-895,401],[-326,-658],[-1223,940],[-695,145]],[[15329,63552],[346,-363],[-489,-458],[1931,-1583]],[[11764,51885],[-944,-927],[-2877,-415],[-792,665],[1346,1237],[240,-417],[932,532],[333,-287],[938,317]],[[24550,73045],[-595,1254],[-607,-119],[-604,637],[700,232]],[[23444,75049],[691,-623],[2591,787],[1102,-965],[672,-160],[474,-875],[532,-214],[-1754,-1076]],[[39204,69007],[-8,472],[-994,285],[157,412],[-647,469],[858,368]],[[38223,77038],[-1954,1951],[-1185,-706],[-614,145]],[[34470,78428],[-799,1080],[506,337],[-626,583]],[[33551,80428],[1177,669],[-310,280],[1728,1065],[382,71],[574,-638],[810,712]],[[37912,82587],[530,-703],[3479,-2626],[-2333,-1874]],[[21258,68544],[-1401,670],[-398,520]],[[21383,72323],[609,-473]],[[20405,56168],[-1447,-1084],[343,-621],[-645,-356],[587,-108],[-316,-547],[-860,-561],[-867,-2200]],[[17200,50691],[-890,197],[-1241,883],[-1584,503]],[[19670,56630],[735,-462]],[[34470,78428],[-652,-488],[1855,-2496],[-747,-360],[-807,1096],[-422,-102],[-515,806],[-848,631],[-450,713],[-598,195],[-514,959]],[[32508,81443],[1043,-1015]],[[20405,56168],[704,-297],[-196,-352],[996,-717],[-2454,-2946],[-139,-699],[376,-112],[-962,-671],[-1530,317]],[[5305,54742],[397,327],[1184,-638],[-263,-346],[-17,-1799],[-1090,-1035],[-14,-609],[-1045,-955],[-1292,-586],[-608,815],[72,556],[-1152,544],[-487,626],[626,841],[1006,114],[115,334],[1318,934],[766,1225],[484,-348]],[[19071,60886],[-755,640],[-1199,-378]],[[30206,83444],[781,284],[1719,1210],[489,540],[1148,621]],[[34343,86099],[540,-594],[1118,-619],[962,438],[1258,-597],[216,-314],[-877,-809],[408,-284],[-515,-458],[459,-275]],[[19067,75158],[886,416],[854,1032],[1143,876],[446,667],[1024,736]],[[23420,78885],[722,-674],[458,72],[1208,-832],[614,354],[1589,-1638],[-1492,-756],[-327,429],[-1356,-543],[-1392,-248]],[[10771,27097],[480,-598],[6,-559]],[[11257,25940],[-380,-867],[209,-419],[-1279,-62],[-365,-529],[-1166,51],[615,1216],[-49,727],[407,1052]],[[9249,27109],[1390,-187],[132,175]],[[23753,42263],[-1588,-796],[-1565,308],[-294,-400]],[[20306,41375],[-1120,517],[-300,817],[903,834],[713,-424],[1262,1181],[404,-26],[660,802],[262,-85],[605,1034]],[[23695,46025],[1115,-272],[1278,-854],[-474,-337],[-361,-888],[-815,-574],[-685,-837]],[[16524,28189],[-155,-654],[-661,-788],[40,-1377]],[[15748,25370],[-1256,-1232],[-946,317]],[[13546,24455],[469,337],[-168,829],[223,1053],[692,518],[-619,1148],[852,100],[767,-380],[762,129]],[[39496,44127],[1690,-1273],[2642,-788]],[[43828,42066],[-713,-530],[-708,-1856]],[[42407,39680],[108,-305],[-1371,-164],[-500,-509]],[[40644,38702],[-418,592],[-1457,698],[-384,657],[-773,-109],[-582,1120],[-1548,161],[19,1154],[245,435]],[[35746,43410],[574,-108],[457,595],[960,-288],[754,711],[1005,-193]],[[34491,55198],[-435,-734],[-2012,-1394],[-618,-783],[70,-385]],[[31496,51902],[-1187,-10]],[[30309,51892],[57,810],[818,1255],[-632,778],[-1096,805],[-1637,-482],[-1817,1110],[968,925],[887,-482],[1372,1296]],[[29229,57907],[1125,-626],[1270,-199],[1395,-757],[1472,-1127]],[[10366,33554],[92,-1541],[1118,-1113],[172,-1014],[-338,-345],[510,-476],[-33,-696],[-1039,-497],[331,-298],[-408,-477]],[[9249,27109],[-473,1349],[569,142],[302,1458],[-319,1143],[259,1123],[-187,1022],[-845,948],[408,1268],[627,755]],[[9590,36317],[476,-147],[667,-1087],[-503,-857],[136,-672]],[[40644,38702],[-259,-109]],[[40385,38593],[-1339,-332]],[[39046,38261],[-713,560],[293,243],[-567,588],[-1042,197],[-220,615],[-882,143],[-374,755],[-1158,-272],[-1231,837],[675,636],[42,620],[841,877]],[[34710,44060],[1036,-650]],[[34710,44060],[349,691],[-456,121]],[[34603,44872],[274,1402],[-625,312],[237,360]],[[34489,46946],[1144,-98],[22,357],[1765,633]],[[37420,47838],[555,-318],[-315,-373],[851,-1395],[-251,-133],[912,-597],[324,-895]],[[34603,44872],[-370,133],[-770,-1045],[-1034,-147],[-778,-1713],[-712,-919],[-1320,-902],[-784,-69]],[[28835,40210],[-1061,-242],[-1525,580],[-271,341],[317,732]],[[26295,41621],[447,1207],[1766,2348],[1161,-383],[362,-354],[768,805],[832,-19],[575,814],[1580,1347],[301,1]],[[34087,47387],[402,-441]],[[11938,36928],[434,-376],[350,-1228],[-697,-882]],[[12025,34442],[-727,-551],[-932,-337]],[[9590,36317],[-739,557],[1240,455],[1847,-401]],[[33548,47729],[624,383],[-85,-725]],[[26295,41621],[-1507,379],[-232,-575],[-803,838]],[[23695,46025],[-170,475],[1902,2039],[1077,659],[891,16],[794,976]],[[28189,50190],[1117,-674],[-492,-489],[615,-1237],[1753,-1233],[681,141],[1685,1031]],[[16824,28699],[-300,-510]],[[13546,24455],[-783,46],[-496,1106],[-1010,333]],[[12025,34442],[595,-134],[378,-991],[2231,-5],[-43,-1392],[574,-507],[972,5],[396,-306],[-735,-660],[-519,-886],[950,-867]],[[28835,40210],[-93,-886],[-534,-928],[-262,189],[-346,-1022],[273,-236],[-774,-965],[-733,209],[-327,470],[-1187,-1271],[-817,-210],[-241,-560],[-481,31],[-102,-682],[931,-462],[-1250,-951]],[[22892,32936],[-626,155],[-528,-382]],[[21738,32709],[-1465,-251],[-1010,96],[234,730],[-707,131],[-163,1024],[500,1215],[-1921,1267],[-173,785],[404,524]],[[17437,38230],[929,776],[851,-294],[534,830],[-613,308],[1168,1525]],[[21738,32709],[-641,-442],[88,-621],[-715,-1230],[-689,376],[-204,-555],[-427,200],[-1200,-751],[-450,-1113],[-676,126]],[[11938,36928],[1489,2141],[528,-127],[331,484],[780,52],[886,-304],[-298,-364],[1783,-580]],[[36607,51830],[-636,-417],[-405,-730],[-131,-979],[624,-982],[698,480],[663,-1364]],[[33548,47729],[-664,506],[-131,1167],[-965,683],[-158,482],[-920,462],[-617,732]],[[30093,51761],[216,131]],[[31496,51902],[951,-130],[766,-415],[1216,-18],[1542,880],[636,-389]],[[39046,38261],[-942,317],[-465,-307],[-1051,1094],[-526,-320],[-1271,138],[-916,-862],[-1472,-59],[-360,-547],[71,-1217],[-512,-743],[1062,-1470],[-423,-807],[437,-417],[-382,-334],[514,-543],[-597,-765],[-450,369],[-470,-311]],[[31293,31477],[-875,-333],[-2234,650],[-2323,-661]],[[25861,31133],[-1168,714],[-643,933],[-1156,-114],[-2,270]],[[41425,51775],[71,-727]],[[41496,51048],[921,-1165],[-1377,-970],[992,-2281],[935,243],[718,-1003],[108,-893],[476,60],[2486,-1720]],[[46755,43319],[-2927,-1253]],[[36607,51830],[1570,700],[703,25]],[[38880,52555],[1043,-397],[353,-505],[1149,122]],[[37258,59378],[-260,-1535],[-630,-486],[827,-1063]],[[37195,56294],[-190,-678]],[[37005,55616],[-531,-243],[-428,389],[-424,-382],[-1131,-182]],[[29229,57907],[1040,712],[-658,177],[49,497],[888,573],[761,890],[565,151],[694,-319],[245,450],[822,374],[277,506]],[[28189,50190],[1904,1571]],[[37005,55616],[309,-626]],[[37314,54990],[-302,-767],[754,-802],[983,-501],[131,-365]],[[45768,18582],[612,-583],[1113,171],[788,-207],[320,-485],[2494,-234]],[[51095,17244],[-290,-403],[332,-1070],[514,710],[233,-537],[3144,-939],[-242,-980],[1255,-663],[-1004,-1210],[585,-534],[402,146],[-130,-957],[1793,-829]],[[57687,9978],[-797,-983],[-761,-393],[-379,271],[-1436,-282],[-1743,334],[-814,-425],[-1040,464],[-747,-313],[-1036,-787],[-567,-163],[-671,-659],[-1019,-519],[-1915,-1474],[-160,-442],[-1035,-839],[142,-185],[-458,-1959],[-219,59],[-2240,-742],[-1524,-794],[-1390,-147],[133,431],[1142,1449],[-381,725],[-1140,1042],[-394,65],[-311,2465],[398,276]],[[37325,6453],[1095,1340],[60,613],[692,1087],[-135,1707],[1820,1039],[-727,1686],[299,534],[144,1192],[614,440],[-641,788]],[[40546,16879],[1536,2060]],[[42082,18939],[1626,-120],[858,-779],[1202,542]],[[55064,47551],[-953,-414],[833,-76],[555,-378],[-714,-556],[66,-695],[-507,-315],[1494,-346],[146,-443],[917,541],[-361,-1045],[-1512,-795],[-1018,-1048],[4,-616],[-507,-967],[-781,-248]],[[52726,40150],[-377,73]],[[52349,40223],[340,1001],[-1097,-71],[-1468,870],[-589,693],[-1729,299],[-561,614]],[[47245,43629],[509,440],[123,741]],[[47877,44810],[2047,-269],[851,1121],[935,613],[1012,111],[-53,706]],[[52669,47092],[996,594]],[[53665,47686],[915,232],[484,-367]],[[61567,34383],[-335,-565]],[[61232,33818],[-924,-277],[-78,-719],[-673,-464],[141,-692],[-1007,-1134]],[[58691,30532],[-564,-451],[-1605,524]],[[56522,30605],[9,141]],[[56531,30746],[448,-46],[-180,3368],[-474,663]],[[56325,34731],[3179,-33],[2063,-315]],[[55509,31002],[121,-60]],[[55630,30942],[892,-337]],[[58691,30532],[480,-582],[1210,239],[366,488],[930,36]],[[61677,30713],[611,-181]],[[62288,30532],[682,-644],[728,-211],[854,-991]],[[64552,28686],[-1184,-544],[-1472,-996],[-1572,-669],[-3308,-551],[-1012,359],[-663,1421],[-345,1395]],[[54996,29101],[252,565],[-596,441],[435,960]],[[55087,31067],[422,-65]],[[52767,34748],[790,-334]],[[53557,34414],[-1054,-709],[254,-342],[-258,-784],[64,-1075],[905,-107],[417,502],[137,-777],[1065,-55]],[[54996,29101],[-727,37],[-1056,-340],[-379,-658],[328,-328],[-596,-217],[-291,542],[-1145,-889]],[[51130,27248],[-1138,1174],[-590,-290],[-496,832],[-1330,-875],[-328,74],[-615,1728],[596,576],[-1198,-555],[-481,-588],[673,-546],[642,-1459],[902,-729],[-99,-476],[-986,-542],[176,-257],[-888,-359],[-72,-443],[686,-203]],[[46584,24310],[-2288,-1192],[-932,278],[159,649],[882,446],[266,507],[-92,1015],[-715,2765],[-1149,-377],[-240,-792],[433,-520],[-828,-1442],[-858,-178],[87,-695],[-448,-880]],[[40861,23894],[-807,558],[-687,1041],[485,548],[182,1069],[1326,2013],[1053,20],[251,729],[1838,466],[534,-235],[509,291],[572,962],[-115,676],[-516,589],[738,354],[-536,546]],[[45688,33521],[252,547],[-652,480]],[[45288,34548],[-100,316],[973,734],[506,-63],[845,-820],[2417,-337],[806,254],[1388,-730],[644,846]],[[61373,33790],[-434,-645],[572,-667],[-58,-747],[611,-635],[-387,-383]],[[61232,33818],[141,-28]],[[63485,37778],[-376,-694],[383,-837],[-940,-287],[-29,-359],[-898,-604],[-58,-614]],[[56325,34731],[-172,1376],[-454,370],[35,1383],[-192,1264],[1062,573]],[[56604,39697],[1606,-335],[795,265],[1588,-932],[1803,-182],[1089,-735]],[[55258,39865],[-720,-681],[146,-347]],[[54684,38837],[-407,310]],[[54277,39147],[981,718]],[[61373,33790],[971,-45],[495,-425],[933,105],[622,-436],[-496,-598],[184,-372],[-1507,-803],[-287,-684]],[[45688,33521],[-466,-85]],[[45222,33436],[-853,225],[-239,575],[353,408],[805,-96]],[[54684,38837],[577,-726],[-580,-2374],[138,-888]],[[54819,34849],[-1262,-435]],[[52767,34748],[-2503,2202],[291,305]],[[50555,37255],[747,99],[512,619],[472,-263],[761,1224],[1230,213]],[[63422,16959],[229,-1059]],[[63651,15900],[-574,-326],[-166,-780],[-425,-315],[-817,-2148],[-644,-579],[-818,-298],[-345,-685],[-2175,-791]],[[51095,17244],[1528,1736],[249,842],[1177,1380],[837,-429],[1165,78],[228,-638],[1345,-366],[1965,-926],[730,93],[621,-956],[658,323],[1475,17],[-640,-1124],[989,-315]],[[64552,28686],[1129,-1804]],[[65681,26882],[-3255,-1067],[-1665,-32],[-3098,-726],[-1069,-806],[-1182,-95],[-349,-368],[-1881,566],[-662,-390],[-2209,-573],[-777,53],[-1106,-621],[-542,-47],[-1179,-1328],[575,-659],[-1069,-640],[689,-661],[-1134,-906]],[[42082,18939],[-2396,1329],[-758,-348],[-1328,489],[567,1490],[1547,1464],[678,417]],[[40392,23780],[130,75]],[[40522,23855],[339,39]],[[46584,24310],[1136,504],[1426,110],[226,499],[1225,424],[533,1401]],[[67872,40795],[-130,-1191],[-309,-420],[-749,-137],[-18,-537],[-1806,690],[-785,-558],[22,-432],[-612,-432]],[[56604,39697],[-367,291],[-297,1336],[692,650],[1022,462],[-312,837],[1113,-345],[628,572]],[[59083,43500],[1161,-624],[2305,-883],[755,-654],[2113,-809],[732,300],[1723,-35]],[[89494,34901],[-176,-2617],[895,-560],[71,-430],[-539,-2761],[926,-1529],[-1290,-442],[-703,-1375],[-1465,-381],[-2714,760],[-1359,-981],[-736,-759],[-1293,-1789]],[[81111,22037],[-2916,983],[-1107,877],[-731,237],[78,463],[-1520,-332],[-1503,-1643],[-2422,-148],[-252,1592],[36,1297],[612,302],[581,3037],[294,339],[1679,-563],[919,987],[3308,2126],[1237,53],[295,775],[1011,524],[737,30],[1033,775],[16,275],[1288,1468],[562,225],[385,834],[574,496],[-42,443],[-945,931],[323,385],[-714,355]],[[83927,39160],[684,1067],[680,504],[958,53],[933,-1110],[821,-394],[109,-490],[2173,-1160],[-1222,-1191],[-1157,-803],[803,-870],[785,135]],[[50555,37255],[-1055,-279],[-481,268],[-2420,348],[-1130,-365],[-1574,479],[-1773,-40]],[[42122,37666],[-484,709],[-1253,218]],[[42407,39680],[525,-477],[1351,717],[623,-509],[-33,-415],[1820,475],[1641,-389],[2108,494],[1907,647]],[[52726,40150],[378,-797],[181,538],[615,-61],[590,651],[779,-140],[-11,-476]],[[55630,30942],[901,-196]],[[54819,34849],[-166,-1342],[678,-440],[-408,-207],[586,-1858]],[[60531,48747],[-850,-875],[356,-1419],[-907,-1118],[-31,-1123]],[[59099,44212],[-693,-619],[-451,94],[-356,1327],[-821,298],[-148,790],[-657,203],[-251,964],[428,444],[1126,208],[674,1182]],[[57950,49103],[268,551]],[[58218,49654],[1268,-976],[1045,69]],[[45222,33436],[-1306,-316],[-284,551]],[[43632,33671],[-284,521],[428,819],[-1317,703]],[[42459,35714],[317,677],[-654,1275]],[[70603,46137],[113,125]],[[70716,46262],[400,-301],[1353,-22],[1898,-650]],[[74367,45289],[-193,-882],[-1816,-412],[-648,-501],[-96,-579],[-874,-212],[-2868,-1908]],[[59083,43500],[16,712]],[[60531,48747],[1734,-287],[1009,378],[936,-408],[706,264],[350,-428],[3139,-896],[613,-900],[481,136],[1104,-469]],[[42459,35714],[-925,-961],[-1534,-650],[-600,1],[-1473,-600],[-907,-549],[-579,-19],[-1409,-916],[345,-397],[-2024,-1255],[826,-482],[356,-549]],[[34535,29337],[-1695,-591]],[[32840,28746],[-624,1553],[-923,1178]],[[46755,43319],[490,310]],[[43632,33671],[-1393,-678],[-691,-967],[-1232,-282],[-92,-312],[-942,54],[-565,-520],[-1460,-343],[-70,-842],[461,-851],[-233,-267],[321,-2483],[2786,-2325]],[[40392,23780],[-3059,1593],[-908,1630],[-1890,2334]],[[65681,26882],[-19,-770],[427,-429],[-2273,-3675],[1099,-1057],[-279,-262],[1898,-1484],[-1100,-960],[-540,-151],[-1472,-1135]],[[80215,41031],[785,-998],[1022,-604],[1905,-269]],[[81111,22037],[-734,-618],[-1461,-707],[-1371,-363],[-2152,-1067],[-2023,-2410],[-479,-216],[-1019,1558],[-1357,873],[-1476,-1394],[-3707,-2011],[-1681,218]],[[74367,45289],[278,767],[1411,1079],[1526,743],[1126,-2122],[1067,-1650],[-857,-1093],[349,-1473],[948,-509]],[[60022,58269],[805,-1203]],[[60827,57066],[740,-1136],[-224,-431],[830,-1062],[40,-620]],[[62213,53817],[-865,-390],[183,-499]],[[61531,52928],[-712,-282],[-2543,-24],[-457,182]],[[57819,52804],[43,412],[-1068,-440]],[[56794,52776],[1106,1000],[202,889],[-1277,625],[-1118,4]],[[55707,55294],[-336,319],[341,607],[738,176],[926,-645],[1107,256],[100,475],[-699,188],[-44,600],[1355,-201],[-169,1043],[996,157]],[[53886,66118],[-448,-661],[-561,48],[-2092,-502]],[[50785,65003],[-726,1140],[1153,526],[-147,493]],[[51065,67162],[285,492],[1286,376]],[[52636,68030],[1628,-899],[415,-430],[-793,-583]],[[42811,55670],[812,-922],[226,-937],[1939,29],[175,-221],[906,389],[361,-226],[1374,704],[625,71]],[[49229,54557],[55,-638],[-407,-444],[-260,-1108],[-510,-397],[-877,207],[-925,-858]],[[46305,51319],[-1737,231],[-1442,-528],[-1630,26]],[[41425,51775],[918,390],[-112,1352],[-246,-35],[-397,1020],[-713,759]],[[40875,55261],[469,414],[730,-230],[737,225]],[[52985,63869],[-807,-612],[840,-875],[437,-944]],[[53455,61438],[-1560,-722],[-569,-932]],[[51326,59784],[-1784,-194]],[[49542,59590],[-917,800],[-1297,-534],[-1265,1199]],[[46063,61055],[310,373],[-28,1067]],[[46345,62495],[846,307],[2039,-280],[1720,781]],[[50950,63303],[2035,566]],[[55626,71318],[211,-826],[-650,-358],[59,-474],[673,152],[167,-616],[721,-981],[553,266],[1073,-127],[760,-1180]],[[59193,67174],[-1201,-813]],[[57992,66361],[-1443,-176],[-898,139],[-1462,-534]],[[54189,65790],[-303,328]],[[52636,68030],[856,482],[292,526],[-1851,2011]],[[51933,71049],[748,726],[1200,450],[1745,-907]],[[37314,54990],[1138,538],[1293,-605],[1130,338]],[[54189,65790],[273,-972],[-885,-338],[-592,-611]],[[50950,63303],[-156,1589]],[[50794,64892],[-9,111]],[[58276,64234],[-802,-481],[-652,-831],[556,-44],[-481,-576]],[[56897,62302],[-391,496],[-935,-451],[156,-382],[-2272,-527]],[[57992,66361],[438,-1302],[-426,-201],[272,-624]],[[56794,52776],[12,-277],[-1039,-180],[-226,-639],[-947,-398]],[[54594,51282],[-472,-3],[52,1289],[-1808,-214],[-522,302],[-4,569],[-534,432]],[[51306,53657],[378,358],[1216,11],[-100,284],[1257,-400],[601,445],[-52,419],[921,98],[180,422]],[[40861,58677],[-426,-697],[-1343,-263],[-447,-531],[-976,-389],[-474,-503]],[[39002,60802],[489,-410],[1056,-106],[314,-1609]],[[49798,55693],[-112,-491]],[[49686,55202],[-457,-645]],[[42811,55670],[584,129],[536,1080],[1652,-64],[567,548],[1069,312]],[[47219,57675],[296,164],[-217,-1250],[1443,-1138],[1057,242]],[[65892,57693],[158,-847],[573,-750]],[[66623,56096],[103,-552]],[[66726,55544],[-948,-214],[-1452,-1448]],[[64326,53882],[-1225,-299],[-888,234]],[[60827,57066],[1265,523],[200,685],[1411,58],[228,-389],[709,203],[1252,-453]],[[54594,51282],[-408,-787],[-404,38],[236,-1870],[-353,-977]],[[52669,47092],[-36,498],[-1015,288],[-28,547],[-625,-29],[-987,481],[-1210,103]],[[48768,48980],[-619,665],[-745,69],[-375,939],[-724,666]],[[49686,55202],[219,-493],[1401,-1052]],[[66726,55544],[269,-481],[-97,-810],[458,-522],[-2922,-89]],[[64434,53642],[-108,240]],[[67313,67216],[570,-234],[127,-940],[802,-781]],[[68812,65261],[65,-1116]],[[68877,64145],[157,-742],[-1070,-837]],[[67964,62566],[-1528,-34],[-472,-478],[-305,-1030]],[[65659,61024],[-470,-15],[-415,1026],[-532,-523],[-1094,408]],[[63148,61920],[-1473,1563],[990,717],[-621,1008]],[[62044,65208],[283,532]],[[62327,65740],[350,532],[2003,488],[243,595],[592,59],[379,-428],[1419,230]],[[62044,65208],[-517,-35],[-788,-655],[-2463,-284]],[[59193,67174],[733,561]],[[59926,67735],[543,131],[834,-425],[369,149],[655,-1850]],[[59926,67735],[-63,268],[983,612],[1220,486],[293,-336],[1192,726]],[[63551,69491],[916,-287],[964,-612],[1421,-311],[475,-500],[-14,-565]],[[51065,67162],[-358,516],[-610,-45],[-430,696],[-1087,-169],[29,578],[-863,36]],[[49049,72460],[672,11],[1650,-801],[562,-621]],[[65659,61024],[759,-273],[541,-813],[725,-148],[-541,-543],[1628,-686],[-774,-1233]],[[67997,57328],[-645,33],[-496,470],[-964,-138]],[[60022,58269],[294,243],[-906,582],[223,538],[920,857],[614,207],[-443,426]],[[60724,61122],[604,287],[1029,-535],[717,382],[74,664]],[[56897,62302],[-195,-421],[609,-520]],[[57311,61361],[-393,-646],[-720,-66],[-242,-428],[-1000,-552],[-229,-590]],[[54727,59079],[-1004,845],[-566,-467],[-359,322],[-1472,5]],[[54727,59079],[-750,-920],[-2087,-1004],[-1230,-162],[-862,-1300]],[[47219,57675],[423,623],[1385,539],[-185,424],[700,329]],[[44555,66138],[926,-218],[809,-1243],[1157,-101],[1180,450],[2167,-134]],[[46345,62495],[-1199,-307],[-239,439],[-1676,504],[-922,-268]],[[71697,59979],[-592,-897],[-1002,10],[-637,-748],[-227,-1101]],[[69239,57243],[-1242,85]],[[67964,62566],[297,-866],[1308,-8],[1534,428],[-601,-1295],[1028,-433],[167,-413]],[[70172,55865],[621,-489]],[[70793,55376],[359,-513],[1867,-1504],[310,-616],[1189,145],[453,-447],[-726,-718],[-172,-1765],[233,-858]],[[74306,49100],[-910,-701],[-373,34],[-348,-794],[-1457,-735],[-502,-642]],[[70603,46137],[-1615,1590],[-1128,914],[-142,1099],[-490,465],[-908,319],[-537,860],[-1407,553],[-545,427],[-56,849]],[[63775,53213],[659,429]],[[66623,56096],[2430,447],[1119,-678]],[[46063,61055],[-670,-385],[501,-356],[-1012,-55],[-900,-370],[-566,156],[-982,-439],[-701,-905],[-872,-24]],[[57819,52804],[582,-719],[-900,-430],[886,-629],[-735,-604],[637,-314],[-71,-454]],[[57950,49103],[-1088,-439],[-222,-601],[-616,61],[-960,-573]],[[48768,48980],[-1122,-776],[-1454,-317],[193,-1185],[-323,-231],[290,-1079],[1525,-582]],[[63775,53213],[-286,-171],[-1483,98],[-475,-212]],[[60724,61122],[-2328,-434],[-1085,673]],[[69239,57243],[1018,-712],[-85,-666]],[[63080,71986],[60,-1693],[411,-802]],[[55626,71318],[2241,1075]],[[57867,72393],[1657,-627],[645,-1037],[853,-453],[1024,628],[1034,1082]],[[69866,78060],[-389,-579],[175,-807],[-2646,-2349],[-1009,-1584],[-2917,-755]],[[57867,72393],[686,361]],[[58553,72754],[556,-140],[638,568],[1126,117],[420,987],[869,258],[720,690]],[[62882,75234],[149,-980],[909,205],[99,834],[1772,40],[125,788],[-245,790],[1093,588],[795,49],[319,423],[959,392],[1009,-303]],[[58392,83997],[-250,-918],[869,-887],[-24,-549]],[[58987,81643],[-667,-289],[-156,-536],[-987,16],[-1223,-885],[-1129,-497]],[[54825,79452],[-207,326]],[[54618,79778],[642,641],[1404,842],[-1001,-58],[-964,615],[295,553],[-481,198]],[[54513,82569],[1486,630]],[[55999,83199],[1568,1542],[825,-744]],[[59674,81245],[236,-822],[826,-441],[-791,-129],[-570,-706],[-1460,-490],[390,-329]],[[58305,78328],[-614,-129],[-803,295],[-852,-359]],[[56036,78135],[-738,396],[-473,921]],[[58987,81643],[687,-398]],[[58553,72754],[166,434],[-736,861],[-914,1460]],[[57069,75509],[1848,-122],[1373,1717]],[[60290,77104],[408,176],[959,-696],[969,149],[-340,-941],[596,-558]],[[64870,81828],[740,-858]],[[65610,80970],[-1200,-574],[-1351,-215],[-835,-738],[-998,-351],[-271,223],[-1078,-618]],[[59877,78697],[-663,13],[-909,-382]],[[59674,81245],[853,856],[1611,565]],[[62138,82666],[728,-23],[1091,-867],[465,376],[448,-324]],[[75445,97699],[-722,186],[-894,-805],[-566,-175],[-1366,648],[-496,-305],[-1657,1053]],[[69744,98301],[1963,789],[813,814],[837,-414],[428,509],[662,-13],[947,-1514],[539,-258],[-488,-515]],[[64067,94753],[2446,-3175],[-745,-399],[482,-408],[306,369],[742,-180]],[[67298,90960],[322,-509],[-385,-408]],[[67235,90043],[-561,-19],[-89,-673],[-1191,-749],[-884,-323],[-1034,856]],[[63476,89135],[-323,1011],[-2021,-808]],[[61132,89338],[-1184,1369],[-864,530]],[[59084,91237],[-123,305],[1358,959],[-333,230],[3304,2129],[777,-107]],[[72324,87956],[-1003,109],[-1417,-319]],[[69904,87746],[-398,204]],[[69506,87950],[474,40],[105,1230]],[[70085,89220],[893,540],[1987,68]],[[72965,89828],[307,-1020],[-948,-852]],[[55127,84891],[872,-1692]],[[54513,82569],[-921,957]],[[53592,83526],[564,362],[384,1237],[587,-234]],[[72599,85028],[25,-1209],[354,-981],[-1419,-879],[-990,-199],[-712,-507],[1167,-222]],[[71024,81031],[-716,-1344],[404,-300],[-461,-405],[416,-694]],[[70667,78288],[-801,-228]],[[60290,77104],[-413,1593]],[[65610,80970],[1522,190],[864,-110],[339,642]],[[68335,81692],[618,291],[-568,517],[1713,907],[-709,288],[-700,-127],[-44,624],[1745,759],[123,338]],[[70513,85289],[340,-381],[1746,120]],[[77277,87900],[-108,-1517],[-624,26],[-1882,-914],[-432,1155],[243,363],[1863,667],[134,547],[806,-327]],[[64870,81828],[1565,1026],[-117,238]],[[66318,83092],[1485,221],[755,-429],[-884,-296],[661,-896]],[[75445,97699],[1772,-1251],[-1200,-1427],[-936,-448],[194,-252],[-1225,-579],[-67,-760],[-1055,130],[-130,-677],[-1773,-6]],[[71025,92429],[-161,624],[-1553,-245],[-650,169],[-1075,2134],[-912,770],[420,129],[-1540,586]],[[65554,96596],[4190,1705]],[[74477,80778],[-1106,-1255],[-1169,-944],[-440,-595]],[[71762,77984],[-647,-87],[-448,391]],[[71024,81031],[724,593],[1948,-105],[781,-741]],[[69904,87746],[-312,-1148]],[[69592,86598],[-1545,-723],[177,-415],[-640,-5],[180,-688],[-1096,-197]],[[66668,84570],[-1250,914],[-940,-61]],[[64478,85423],[-258,466],[682,-86],[2272,687],[-299,456],[1159,466],[1004,46],[468,492]],[[56131,85054],[1494,1030]],[[57625,86084],[206,-732],[-1206,-757],[-494,459]],[[55016,76775],[176,-327],[1266,-277],[611,-662]],[[48264,73232],[683,439],[531,965],[722,781],[642,293]],[[50842,75710],[418,-50],[1635,491],[732,687],[557,-298],[832,235]],[[63476,89135],[-731,-258],[-2680,-1725],[-758,185]],[[59307,87337],[1615,1222],[210,779]],[[64478,85423],[-2762,-1223]],[[61716,84200],[-181,417],[-1284,-352],[-226,280],[-1633,-548]],[[55127,84891],[1004,163]],[[57625,86084],[1063,620],[619,633]],[[67235,90043],[1183,-201],[924,149],[133,-416],[668,176],[-58,-531]],[[64067,94753],[-701,1388]],[[63366,96141],[1126,234]],[[64492,96375],[1394,-2892],[1888,-2055],[-476,-468]],[[71025,92429],[272,-513],[1479,-54],[683,-869],[-494,-1165]],[[64492,96375],[1062,221]],[[66668,84570],[135,-422],[-800,-402],[315,-654]],[[62138,82666],[-378,608],[-44,926]],[[72324,87956],[-105,-160],[1345,-1082],[-72,-1076],[-764,-103],[-129,-507]],[[70513,85289],[-751,255],[-170,1054]],[[56036,78135],[-178,-464],[-653,177],[-189,-1073]],[[50842,75710],[628,847],[-227,516],[-1180,567],[45,718],[566,514],[2230,1310],[-818,239],[1365,101],[65,-558],[1102,-186]],[[59084,91237],[-1100,65],[-2835,-1133]],[[55149,90169],[-953,1020],[-1100,2974],[1339,522]],[[54435,94685],[620,-69],[8311,1525]],[[55149,90169],[-1849,-765],[-2753,-880],[-779,-888]],[[49768,87636],[-297,356],[543,681],[-269,1626],[-500,626],[491,100],[-338,656],[371,611],[-276,408],[805,1034],[-1778,1032],[5915,-81]],[[80254,66472],[792,-2075],[906,-568],[1388,44],[145,307],[1838,-385],[753,-1221],[787,327],[874,-339]],[[87737,62562],[184,-653],[-255,-759],[412,-490],[-2151,-1774],[391,-304],[347,-979]],[[86665,57603],[-490,-325]],[[86175,57278],[-620,289],[-1301,-157],[-469,587],[-897,101]],[[82888,58098],[411,989],[-288,427],[203,696],[-1357,788],[-311,1012],[-781,283],[-944,-1],[-1292,-382],[-1519,-67],[-986,141],[-1071,994],[-767,1355]],[[74186,64333],[746,507],[223,681],[2408,-158],[1772,1199],[919,-90]],[[86175,57278],[-396,-847],[-1039,-468],[426,-1150]],[[85166,54813],[-622,-678],[-2412,618],[-346,393]],[[81786,55146],[639,1019],[-162,1360],[286,661]],[[82549,58186],[339,-88]],[[71762,77984],[1152,-964],[424,-691],[1985,-344]],[[75323,75985],[-542,-352],[240,-1281],[926,-500],[69,-952],[-608,-484],[552,-1000],[-753,-286],[457,-1351],[1123,-1108]],[[76787,68671],[-407,-891],[-542,-116],[-425,451],[-2289,-377],[-1710,-1364],[-1606,-867],[-996,-246]],[[75032,58159],[268,-954],[409,13],[579,-1154],[824,-56],[776,-740],[718,112],[1043,-347]],[[79649,55033],[107,-55]],[[79756,54978],[-731,-478],[233,-483],[-408,-844],[-758,-175],[-287,-469]],[[77805,52529],[-765,348],[-23,838],[-1400,1357],[-800,315],[-1971,122],[-809,506]],[[72037,56015],[-399,587],[578,152],[-147,703],[416,801],[637,166],[1351,-643],[559,378]],[[84441,79373],[-1333,61],[-990,-640],[-525,73],[-753,-483],[-163,-586],[434,-442],[-163,-708],[-1045,-290],[-343,-1006]],[[79560,75352],[-319,-510],[-1071,-69],[-980,572],[-1232,1],[-86,569],[-549,70]],[[74477,80778],[1181,1018],[847,128],[336,-836],[1663,-245],[143,369],[2494,-385],[1001,-680],[2299,-774]],[[87757,72784],[592,-319],[345,-656],[2269,-1021],[1136,-991],[202,-561],[-434,-546],[-1365,-662]],[[90502,68028],[-325,72],[-1802,-946],[-1636,-302],[-352,378],[240,872],[-1776,1260],[144,695],[-1130,797],[-36,1043],[1058,374],[577,736]],[[85464,73007],[356,-20],[392,-806],[1545,603]],[[85166,54813],[523,-216],[867,194]],[[86556,54791],[-658,-918],[-1843,-1189],[-492,-96],[49,-735],[-538,-415],[828,-2624],[-599,110],[-1010,-299]],[[82293,48625],[-99,743],[-776,597],[170,1281],[-602,974],[784,62],[-12,367],[-1335,643],[-53,735],[-614,951]],[[79649,55033],[1518,-61],[619,174]],[[80215,41031],[809,1201],[64,682],[766,942],[210,765],[-54,1138],[782,400],[376,894],[-567,1375],[-308,197]],[[86556,54791],[1379,809]],[[87935,55600],[30,-1253],[-1128,-1812],[-51,-1317],[392,-1044],[1459,-1105],[2981,-81],[956,-325],[2499,-453],[25,-1205],[-589,-1146],[2281,-157],[441,221],[359,-743],[581,-421],[1307,2],[521,-436],[-670,-421],[278,-742],[-758,-606],[438,-929],[-649,-945],[-192,-1970],[-292,-527],[1153,88],[-2676,-2036],[-474,-878],[-147,1330],[-895,326],[83,502],[-783,627],[-3707,-66],[1078,-1493],[294,-782],[-1169,-800],[-1417,-102]],[[74306,49100],[2131,300],[97,614],[1074,701],[418,668],[124,880],[-345,266]],[[75032,58159],[290,376]],[[75322,58535],[312,567],[575,153],[932,-290],[1324,271],[433,-401],[1233,218],[1487,-849],[931,-18]],[[90502,68028],[192,-1672],[-1477,-1029],[-960,-2437],[-520,-328]],[[80254,66472],[-347,461],[543,1279],[-115,537]],[[80335,68749],[1179,859],[202,1179],[505,682],[965,486],[-293,478],[894,53],[187,498],[782,344]],[[84756,73328],[808,98]],[[85564,73426],[-100,-419]],[[70793,55376],[1244,639]],[[75322,58535],[-1032,598],[-370,-64],[-2223,910]],[[68877,64145],[938,54],[1209,604],[1170,224],[1992,-694]],[[79560,75352],[1737,-435],[766,-513],[750,201],[268,-547],[1172,-794],[503,64]],[[80335,68749],[-1735,-427],[-579,157],[-183,550],[-863,149],[-188,-507]],[[85564,73426],[716,566],[-94,431],[866,708],[-392,605],[1082,713],[-561,559],[714,968],[972,281],[562,701],[2684,70],[3049,260]],[[95162,79288],[651,-511],[-185,-1837],[207,-727],[576,-252],[248,-1044],[-1149,-1709],[-2543,-701],[-1515,223],[-449,545],[1218,492],[-1103,585],[-976,-80],[-153,357],[-677,-665],[-7,-553],[-1548,-627]],[[84441,79373],[1433,782],[1434,-172],[2263,-63],[1861,237],[3730,-869]],[[86665,57603],[455,-12],[788,-1085],[27,-906]],[[21828,13102],[-1414,-1451],[-976,-630],[-556,-1212],[-2346,-31],[-367,528],[-543,-13],[-820,615],[-628,874],[-415,1280]],[[13763,13062],[1640,682],[26,468]],[[15429,14212],[1082,62],[447,-416],[1569,346],[210,455],[-801,534],[696,1077]],[[18632,16270],[840,1739]],[[19472,18009],[147,-660],[1186,152],[-271,-3109],[373,-646],[921,-644]],[[15429,14212],[-895,383],[76,1170],[398,1078],[-876,626]],[[14132,17469],[1400,168],[1976,549],[806,-944],[-114,-823],[432,-149]],[[37325,6453],[-706,572],[-539,1073],[136,950],[-1354,768],[-419,527],[-1819,981],[-508,-192],[-2104,37],[-1336,1021],[-2479,873],[-1308,119],[-786,-983],[-169,440],[341,730],[84,1104],[-2259,-1217]],[[22100,13256],[3,414],[1176,2031],[-75,1600],[445,919],[-175,869],[707,1124],[64,549],[-556,542]],[[23689,21304],[1415,346]],[[25104,21650],[535,539],[1052,-393],[-242,-400],[1316,-576],[1714,356],[1415,-625],[1603,-1020],[2434,-716],[2809,598],[696,-161],[331,-1000],[441,-306],[605,-1081],[733,14]],[[13763,13062],[-890,-34],[-1025,771],[-410,881],[-703,643],[987,1152],[237,856],[931,907],[472,147],[-372,-812],[1142,-104]],[[22100,13256],[-272,-154]],[[19472,18009],[1177,922],[2187,2147],[853,226]],[[25323,23764],[-923,-458]],[[24400,23306],[-901,-478],[-639,-45],[-570,-1002],[-797,909],[-778,-379],[-1031,1791],[-587,506],[-1794,701]],[[17303,25309],[1725,1612],[675,173],[914,682],[574,-96],[1833,887]],[[23024,28567],[1364,266],[-289,-864],[1235,-349],[985,-865],[-1237,-762],[-917,-812],[418,-611],[-180,-403],[920,-403]],[[25104,21650],[-513,965],[385,528],[-576,163]],[[25323,23764],[1026,69],[923,843],[1109,1797],[950,-471],[1017,552],[2492,2192]],[[25861,31133],[-1407,-581],[-989,-1041],[-441,-944]],[[17303,25309],[-620,194],[-935,-133]],[[3923,65187],[-3923,3270],[5916,4428],[13457,9996],[4047,-3996]],[[28174,82149],[-4050,3513],[4968,4896],[5251,-4459]],[[53592,83526],[-3824,4110]]],"transform":{"scale":[0.000006379674890314415,0.000005688389937033699],"translate":[6.742307288341776,46.4380467266243]}}