{"type":"Topology","objects":{"municipalities":{"type":"GeometryCollection","geometries":[{"type":"Polygon","id":6601,"properties":{"id":6601,"name":"Aire-la-Ville"},"arcs":[[0,1,2,3]]},{"type":"Polygon","id":6602,"properties":{"id":6602,"name":"Anières"},"arcs":[[4,5,6,7]]},{"type":"Polygon","id":6603,"properties":{"id":6603,"name":"Avully"},"arcs":[[8,9,10,11,12,13]]},{"type":"Polygon","id":6604,"properties":{"id":6604,"name":"Avusy"},"arcs":[[14,15,16,-11,17]]},{"type":"Polygon","id":6605,"properties":{"id":6605,"name":"Bardonnex"},"arcs":[[18,19,20,21]]},{"type":"Polygon","id":6606,"properties":{"id":6606,"name":"Bellevue"},"arcs":[[22,23,24,25,26,27]]},{"type":"Polygon","id":6607,"properties":{"id":6607,"name":"Bernex"},"arcs":[[28,29,30,31,32,33,-1,34,35]]},{"type":"Polygon","id":6608,"properties":{"id":6608,"name":"Carouge (GE)"},"arcs":[[36,37,38]]},{"type":"Polygon","id":6609,"properties":{"id":6609,"name":"Cartigny"},"arcs":[[-34,39,-10,40,-2]]},{"type":"MultiPolygon","id":6610,"properties":{"id":6610,"name":"Céligny"},"arcs":[[[41]],[[42,43]]]},{"type":"Polygon","id":6611,"properties":{"id":6611,"name":"Chancy"},"arcs":[[-17,44,-12]]},{"type":"Polygon","id":6612,"properties":{"id":6612,"name":"Chêne-Bougeries"},"arcs":[[45,46,47,48,49,50]]},{"type":"Polygon","id":6613,"properties":{"id":6613,"name":"Chêne-Bourg"},"arcs":[[-46,51,52]]},{"type":"Polygon","id":6614,"properties":{"id":6614,"name":"Choulex"},"arcs":[[53,54,55,56,57]]},{"type":"Polygon","id":6615,"properties":{"id":6615,"name":"Collex-Bossy"},"arcs":[[-27,58,59]]},{"type":"Polygon","id":6616,"properties":{"id":6616,"name":"Collonge-Bellerive"},"arcs":[[60,-57,61,62,63]]},{"type":"Polygon","id":6617,"properties":{"id":6617,"name":"Cologny"},"arcs":[[64,-50,65,66,-62]]},{"type":"Polygon","id":6618,"properties":{"id":6618,"name":"Confignon"},"arcs":[[67,68,-30,69]]},{"type":"Polygon","id":6619,"properties":{"id":6619,"name":"Corsier (GE)"},"arcs":[[70,71,-64,72,-6]]},{"type":"Polygon","id":6620,"properties":{"id":6620,"name":"Dardagny"},"arcs":[[73,74,-14,75]]},{"type":"Polygon","id":6621,"properties":{"id":6621,"name":"Genève"},"arcs":[[76,-66,-49,77,-39,78,79,80,81]]},{"type":"Polygon","id":6622,"properties":{"id":6622,"name":"Genthod"},"arcs":[[82,-28,83]]},{"type":"Polygon","id":6623,"properties":{"id":6623,"name":"Le Grand-Saconnex"},"arcs":[[84,-81,85,86,87,-25]]},{"type":"Polygon","id":6624,"properties":{"id":6624,"name":"Gy"},"arcs":[[88,89,-71,90]]},{"type":"Polygon","id":6625,"properties":{"id":6625,"name":"Hermance"},"arcs":[[-8,91,92]]},{"type":"Polygon","id":6626,"properties":{"id":6626,"name":"Jussy"},"arcs":[[93,94,-89,95]]},{"type":"Polygon","id":6627,"properties":{"id":6627,"name":"Laconnex"},"arcs":[[96,-18,-40,-33]]},{"type":"Polygon","id":6628,"properties":{"id":6628,"name":"Lancy"},"arcs":[[-38,97,98,99,-79]]},{"type":"Polygon","id":6629,"properties":{"id":6629,"name":"Meinier"},"arcs":[[-90,-95,100,-58,-61,-72]]},{"type":"Polygon","id":6630,"properties":{"id":6630,"name":"Meyrin"},"arcs":[[-87,101,102,103]]},{"type":"Polygon","id":6631,"properties":{"id":6631,"name":"Onex"},"arcs":[[104,-70,-29,105,-99]]},{"type":"Polygon","id":6632,"properties":{"id":6632,"name":"Perly-Certoux"},"arcs":[[106,-21,107,-31,-69]]},{"type":"Polygon","id":6633,"properties":{"id":6633,"name":"Plan-les-Ouates"},"arcs":[[108,109,-22,-107,-68,-105,-98]]},{"type":"Polygon","id":6634,"properties":{"id":6634,"name":"Pregny-Chambésy"},"arcs":[[110,-82,-85,-24]]},{"type":"Polygon","id":6635,"properties":{"id":6635,"name":"Presinge"},"arcs":[[111,112,-54,-101,-94]]},{"type":"Polygon","id":6636,"properties":{"id":6636,"name":"Puplinge"},"arcs":[[113,114,-55,-113]]},{"type":"Polygon","id":6637,"properties":{"id":6637,"name":"Russin"},"arcs":[[-3,-41,-9,-75,115]]},{"type":"Polygon","id":6638,"properties":{"id":6638,"name":"Satigny"},"arcs":[[-103,116,-35,-4,-116,-74,117]]},{"type":"Polygon","id":6639,"properties":{"id":6639,"name":"Soral"},"arcs":[[118,-15,-97,-32]]},{"type":"Polygon","id":6640,"properties":{"id":6640,"name":"Thônex"},"arcs":[[-115,119,120,-47,-53,121]]},{"type":"Polygon","id":6641,"properties":{"id":6641,"name":"Troinex"},"arcs":[[122,-19,-110,123]]},{"type":"Polygon","id":6642,"properties":{"id":6642,"name":"Vandoeuvres"},"arcs":[[-122,-52,-51,-65,-56]]},{"type":"Polygon","id":6643,"properties":{"id":6643,"name":"Vernier"},"arcs":[[-80,-100,-106,-36,-117,-102,-86]]},{"type":"Polygon","id":6644,"properties":{"id":6644,"name":"Versoix"},"arcs":[[124,-84,-60,125]]},{"type":"Polygon","id":6645,"properties":{"id":6645,"name":"Veyrier"},"arcs":[[-48,-121,126,-124,-109,-37,-78]]},{"type":"MultiPolygon","id":9760,"properties":{"id":9760,"name":"Lac Léman (GE)"},"arcs":[[[-92,-7,-73,-63,-67,-77,-111,-23,-83,-125,127]],[[-43,128]]]}]}},"arcs":[[[29360,27609],[-413,-1559],[-1493,-1206],[891,-360],[-568,-1257],[-1078,-233]],[[26699,22994],[-1575,1035],[-1364,-1306],[-3111,1870]],[[20649,24593],[646,928],[-892,2713],[1023,1764]],[[21426,29998],[1277,-25],[3721,-2209],[2936,-155]],[[81366,66400],[-1812,-1390],[78,-2546],[1297,-1257],[2005,-4374]],[[82934,56833],[-2573,-98],[-1534,1705],[-2807,370],[-2520,1967]],[[73500,60777],[3284,5778],[2275,2013]],[[79059,68568],[2307,-2168]],[[15182,20604],[347,26]],[[15529,20630],[506,-1785],[1604,-1795],[331,-2005]],[[17970,15045],[-4040,-2475]],[[13930,12570],[-1253,2276],[-2550,514],[-1422,-2271],[-1940,-258],[-1079,850]],[[5686,13681],[1214,2632],[382,2585],[849,377],[968,-1194],[1127,2588]],[[10226,20669],[3119,-583],[1837,518]],[[22469,8313],[-3187,-2923]],[[19282,5390],[-2571,944],[-3245,-423],[-2762,1050],[-3184,-966]],[[7520,5995],[850,3929],[5560,2646]],[[17970,15045],[41,-2143],[-849,-2058],[3561,-1096],[1746,-1435]],[[51690,11259],[-229,-1502],[1140,-421],[1215,-1744]],[[53816,7592],[-1586,-232],[-1564,-1784],[-2517,-287],[-1542,932],[-6221,547],[-2056,3252]],[[38330,10020],[1990,2537]],[[40320,12557],[1156,-1154],[831,1665],[4681,-2415],[4702,606]],[[56939,53739],[-1319,-1791],[-6,-2190]],[[55614,49758],[-1319,301],[-1862,1964],[-2564,-1519],[-1068,-1201]],[[48801,49303],[-1512,2513]],[[47289,51816],[-647,1491],[358,964],[-695,2014]],[[46305,56285],[5982,4674]],[[52287,60959],[728,-2953],[-111,-1713],[4035,-2554]],[[37503,27707],[-650,-468]],[[36853,27239],[-891,-1176],[1334,-2428],[48,-2443],[-2869,-512],[-699,-1252],[603,-1757],[1392,-1458],[1137,-44]],[[36908,16169],[-1874,-2030],[-1128,-88],[112,-3211],[-569,-1816]],[[33449,9024],[-723,1500],[-3115,3102],[-2169,-1400],[-1160,-2063]],[[26282,10163],[100,2241],[-1564,1682],[399,1281],[-2077,2797]],[[23140,18164],[1684,499],[2117,2982],[-242,1349]],[[29360,27609],[1392,318],[1433,2787],[1173,710]],[[33358,31424],[2049,895],[1668,2440],[1029,384],[827,-1316],[-602,-1228],[-298,-2533],[-886,-1061],[358,-1298]],[[55921,21950],[-1593,-1449],[-643,449],[-1998,-2183],[249,-1615]],[[51936,17152],[-879,1909],[-1451,1567],[-38,2361],[-1003,-609],[-204,2914]],[[48361,25294],[2193,1228],[525,-846],[1259,178],[1065,-990],[2429,-247],[89,-2667]],[[23140,18164],[-4840,-3181],[-330,62]],[[15529,20630],[1870,1776],[3250,2187]],[[64468,92122],[-777,-956],[-1938,1280],[-902,-2620],[-1172,882],[1447,2887],[909,745],[2433,-2218]],[[72504,95052],[-1176,-2057],[-459,-4037]],[[70869,88958],[-1000,155],[-2952,2118],[508,2050],[-2466,317],[-1576,1346],[-2219,917],[-453,1529],[1442,689],[-518,984],[1659,936],[2065,-1886],[2887,33],[589,-1834],[2037,-325],[1632,-935]],[[7520,5995],[-156,-2113],[-1639,-1906],[-1760,-304],[-1363,-981],[-1233,302],[-1023,-993],[-346,1750],[2785,2149],[-360,3175],[1264,3021],[1997,3586]],[[69256,33536],[140,-1507],[-1340,-858],[-1866,-3010],[-1085,-156],[6,-1714]],[[65111,26291],[-835,-1494],[-108,-2473],[-694,-471]],[[63474,21853],[-2235,-1592],[-995,477],[433,2745],[-943,1596]],[[59734,25079],[78,1077],[1391,1540],[-523,261],[1298,3067]],[[61978,31024],[1235,1986],[1695,-549],[2645,952]],[[67553,33413],[1703,123]],[[69256,33536],[661,787]],[[69917,34323],[444,-4209],[-1486,-1370],[-591,-2179],[-1755,627],[-1418,-901]],[[81035,41520],[-2578,-3311]],[[78457,38209],[-513,-1194],[-1776,854],[-2512,-3052]],[[73656,34817],[869,3310],[-957,1562],[439,1224],[-2123,764],[-2509,2544]],[[69375,44221],[681,973],[2595,753]],[[72651,45947],[823,-496],[-543,-1582],[2571,-632],[2167,2487],[1677,-817],[-334,-2648],[2023,-739]],[[46305,56285],[-2743,3830],[871,950],[-2774,2503],[258,2361],[-614,373],[3357,4165],[1326,-170],[614,1208]],[[46600,71505],[3388,-2386],[179,-1373],[-1002,-1462],[610,-1510],[3073,-86],[-808,-2483],[247,-1246]],[[76826,53154],[-842,-1701],[-943,570],[-2385,-4000],[-5,-2076]],[[69375,44221],[-2533,2205]],[[66842,46426],[314,2176],[-511,372],[568,5754],[1284,2678],[2979,863]],[[71476,58269],[1120,-1381],[1947,-938],[468,-1399],[1815,-1397]],[[69375,44221],[-3887,-4987],[432,-2844],[1633,-2977]],[[61978,31024],[-621,648],[691,1247],[-1433,367],[732,1184],[-379,1069]],[[60968,35539],[958,1438],[2198,4595],[1975,2911],[743,1943]],[[40413,19345],[1458,-1461],[-1848,-2053]],[[40023,15831],[-669,758],[-2005,-1659],[-441,1239]],[[36853,27239],[1006,-1586],[-200,-1144],[1746,-2330],[-714,-386],[1722,-2448]],[[82934,56833],[-1381,-2683]],[[81553,54150],[-960,532],[-2978,-420],[-789,-1108]],[[71476,58269],[2024,2508]],[[12421,38947],[-1298,-2859],[-128,-1618]],[[10995,34470],[-639,-511],[597,-1859],[1797,-1292],[768,-1461],[-471,-902],[2205,-4521],[-449,-1529],[379,-1791]],[[10226,20669],[-183,1042],[1008,1506],[-1094,1918],[-1706,503],[-859,976],[-5243,2552],[563,1053],[2054,1294],[-1037,1737],[1449,3430],[1118,908],[4167,-593],[193,1072],[-873,1607],[1584,236],[1054,-963]],[[54839,42282],[-157,-919],[1136,-1957],[-344,-1375],[381,-2799],[-1240,-1683],[-1940,-808],[3108,-373],[2314,1716],[2871,1455]],[[59734,25079],[-1061,271],[-1217,-4013],[-1535,613]],[[48361,25294],[111,3983],[-1245,-566],[-542,717],[-2538,-238],[-338,2339]],[[43809,31529],[-218,1479],[2353,4444],[-1286,1669],[916,629]],[[45574,39750],[2881,2213],[1390,1864]],[[49845,43827],[4994,-1545]],[[60284,60163],[-814,-3211],[-601,20],[-1694,-2192],[-236,-1041]],[[52287,60959],[1762,1368],[1065,-1096],[1762,433],[3408,-1501]],[[48801,49303],[1944,-3198],[-1764,-1354],[864,-924]],[[45574,39750],[-1513,1193]],[[44061,40943],[-716,820],[-1308,3429],[-893,1114]],[[41144,46306],[1278,1334],[754,-435],[4113,4611]],[[95907,54045],[-1008,-125],[-1982,-3281],[-1327,-1188],[-2811,-1024],[-1924,1295],[-213,-1107],[-1749,155]],[[84893,48770],[-884,2423],[-1173,-159],[1192,1627],[-2475,1489]],[[82934,56833],[3112,-3198],[-193,-1341],[1785,-1691],[3496,1567],[1618,1310],[2081,3552],[1288,320],[-693,-2280],[479,-1027]],[[79059,68568],[1721,3297],[-235,2768]],[[80545,74633],[2107,-1275],[-102,-2997],[1221,-1821],[-444,-954],[-1961,-1186]],[[94760,40361],[-813,827],[-2674,218],[-2948,-1159],[-1404,407],[-2311,-313],[-1041,-899],[-1450,2335]],[[82119,41777],[467,1090],[-1687,438],[-416,1190],[499,1655],[1064,-432],[537,1320],[1296,-493],[1014,2225]],[[95907,54045],[2104,-386],[1988,528],[-1194,-2086],[923,-542],[251,-2501],[-4448,-8077],[-771,-620]],[[26282,10163],[-292,-926],[-1598,1355],[-1976,-1543],[53,-736]],[[51936,17152],[-1573,-221],[-2393,1757],[-592,-459],[-1202,1286],[-1298,-429],[-1274,1213]],[[43604,20299],[591,771],[-803,1685],[398,920],[-796,1069],[-8,1597],[-1545,2797]],[[41441,29138],[1260,1874],[1108,517]],[[82119,41777],[-1084,-257]],[[44061,40943],[-2350,-2066],[-4553,1862],[-1108,-1794],[-2434,210],[-382,-1450],[-1211,84]],[[32023,37789],[-4487,4983],[-2054,958]],[[25482,43730],[1959,3382],[1913,2243],[964,368],[1738,-1919],[1104,944],[2986,1403],[1153,-199],[3845,-3646]],[[43604,20299],[-3191,-954]],[[37503,27707],[1247,-651],[1961,872],[730,1210]],[[40023,15831],[1485,-1573],[-1188,-1701]],[[38330,10020],[-4881,-996]],[[51936,17152],[312,-109]],[[52248,17043],[-491,-2194],[-67,-3590]],[[55614,49758],[-530,-3522],[-245,-3954]],[[94760,40361],[-4334,-3473],[-3058,-785],[-3139,-1821],[-1602,-1728],[-1056,664]],[[81571,33218],[-1280,725],[2072,3150],[-1148,944],[-2758,172]],[[81571,33218],[-96,-697],[-2976,614],[-2899,-2092]],[[75600,31043],[-1944,3774]],[[10995,34470],[1472,-942],[2233,1012],[195,-2790],[963,360],[1327,-1602],[4241,-510]],[[32023,37789],[1452,-1486],[-1553,-1207],[1145,-1272],[-450,-1518],[741,-882]],[[12421,38947],[1920,1415],[35,1331],[1658,1674],[3479,1122],[2408,2193],[3561,-2952]],[[33449,9024],[-659,277],[-5728,553],[-912,-1629],[-860,-3145],[-771,461],[-1999,-1911],[-2148,1648],[-1090,112]],[[75600,31043],[-1781,-1477],[-932,-1741],[-2100,-681],[-2367,-3555],[-829,127],[-1811,-1121],[-838,-1349]],[[64942,21246],[-1468,607]],[[69917,34323],[2356,985],[1383,-491]],[[61925,12756],[-2060,-567],[-4482,-2228],[-1567,-2369]],[[52248,17043],[2234,198],[2561,-1480],[-347,-482],[1897,-1906],[2644,405],[688,-1022]],[[60533,70288],[147,-2363],[-878,-2900],[1013,-3446],[-531,-1416]],[[46600,71505],[238,1149],[-893,1041],[492,1773],[-212,2475],[1282,2056],[4630,-5288],[3567,-2357],[4829,-2066]],[[64942,21246],[772,-5085],[-3789,-3405]],[[60533,70288],[7960,-4164],[5889,11600],[6163,-3091]],[[72504,95052],[8036,-3931],[-2516,-5517],[-7155,3354]]],"transform":{"scale":[0.000003542168589703298,0.000002366472694413295],"translate":[5.956088145946119,46.127947594715444]}}