{"type":"Topology","objects":{"municipalities":{"type":"GeometryCollection","geometries":[{"type":"Polygon","id":6601,"properties":{"id":6601,"name":"Aire-la-Ville"},"arcs":[[0,1,2,3]]},{"type":"Polygon","id":6602,"properties":{"id":6602,"name":"Anières"},"arcs":[[4,5,6,7]]},{"type":"Polygon","id":6603,"properties":{"id":6603,"name":"Avully"},"arcs":[[8,9,10,11,12,13]]},{"type":"Polygon","id":6604,"properties":{"id":6604,"name":"Avusy"},"arcs":[[14,15,16,-11,17]]},{"type":"Polygon","id":6605,"properties":{"id":6605,"name":"Bardonnex"},"arcs":[[18,19,20,21]]},{"type":"Polygon","id":6606,"properties":{"id":6606,"name":"Bellevue"},"arcs":[[22,23,24,25,26,27]]},{"type":"Polygon","id":6607,"properties":{"id":6607,"name":"Bernex"},"arcs":[[28,29,30,31,32,33,-1,34,35]]},{"type":"Polygon","id":6608,"properties":{"id":6608,"name":"Carouge (GE)"},"arcs":[[36,37,38]]},{"type":"Polygon","id":6609,"properties":{"id":6609,"name":"Cartigny"},"arcs":[[-34,39,-10,40,-2]]},{"type":"MultiPolygon","id":6610,"properties":{"id":6610,"name":"Céligny"},"arcs":[[[41]],[[42,43]]]},{"type":"Polygon","id":6611,"properties":{"id":6611,"name":"Chancy"},"arcs":[[-17,44,-12]]},{"type":"Polygon","id":6612,"properties":{"id":6612,"name":"Chêne-Bougeries"},"arcs":[[45,46,47,48,49,50]]},{"type":"Polygon","id":6613,"properties":{"id":6613,"name":"Chêne-Bourg"},"arcs":[[-46,51,52]]},{"type":"Polygon","id":6614,"properties":{"id":6614,"name":"Choulex"},"arcs":[[53,54,55,56,57]]},{"type":"Polygon","id":6615,"properties":{"id":6615,"name":"Collex-Bossy"},"arcs":[[-27,58,59]]},{"type":"Polygon","id":6616,"properties":{"id":6616,"name":"Collonge-Bellerive"},"arcs":[[60,-57,61,62,63]]},{"type":"Polygon","id":6617,"properties":{"id":6617,"name":"Cologny"},"arcs":[[64,-50,65,66,-62]]},{"type":"Polygon","id":6618,"properties":{"id":6618,"name":"Confignon"},"arcs":[[67,68,-30,69]]},{"type":"Polygon","id":6619,"properties":{"id":6619,"name":"Corsier (GE)"},"arcs":[[70,71,-64,72,-6]]},{"type":"Polygon","id":6620,"properties":{"id":6620,"name":"Dardagny"},"arcs":[[73,74,-14,75]]},{"type":"Polygon","id":6621,"properties":{"id":6621,"name":"Genève"},"arcs":[[76,-66,-49,77,-39,78,79,80,81]]},{"type":"Polygon","id":6622,"properties":{"id":6622,"name":"Genthod"},"arcs":[[82,-28,83]]},{"type":"Polygon","id":6623,"properties":{"id":6623,"name":"Le Grand-Saconnex"},"arcs":[[84,-81,85,86,87,-25]]},{"type":"Polygon","id":6624,"properties":{"id":6624,"name":"Gy"},"arcs":[[88,89,-71,90]]},{"type":"Polygon","id":6625,"properties":{"id":6625,"name":"Hermance"},"arcs":[[-8,91,92]]},{"type":"Polygon","id":6626,"properties":{"id":6626,"name":"Jussy"},"arcs":[[93,94,-89,95]]},{"type":"Polygon","id":6627,"properties":{"id":6627,"name":"Laconnex"},"arcs":[[96,-18,-40,-33]]},{"type":"Polygon","id":6628,"properties":{"id":6628,"name":"Lancy"},"arcs":[[-38,97,98,99,-79]]},{"type":"Polygon","id":6629,"properties":{"id":6629,"name":"Meinier"},"arcs":[[-90,-95,100,-58,-61,-72]]},{"type":"Polygon","id":6630,"properties":{"id":6630,"name":"Meyrin"},"arcs":[[-87,101,102,103]]},{"type":"Polygon","id":6631,"properties":{"id":6631,"name":"Onex"},"arcs":[[104,-70,-29,105,-99]]},{"type":"Polygon","id":6632,"properties":{"id":6632,"name":"Perly-Certoux"},"arcs":[[106,-21,107,-31,-69]]},{"type":"Polygon","id":6633,"properties":{"id":6633,"name":"Plan-les-Ouates"},"arcs":[[108,109,-22,-107,-68,-105,-98]]},{"type":"Polygon","id":6634,"properties":{"id":6634,"name":"Pregny-Chambésy"},"arcs":[[110,-82,-85,-24]]},{"type":"Polygon","id":6635,"properties":{"id":6635,"name":"Presinge"},"arcs":[[111,112,-54,-101,-94]]},{"type":"Polygon","id":6636,"properties":{"id":6636,"name":"Puplinge"},"arcs":[[113,114,-55,-113]]},{"type":"Polygon","id":6637,"properties":{"id":6637,"name":"Russin"},"arcs":[[-3,-41,-9,-75,115]]},{"type":"Polygon","id":6638,"properties":{"id":6638,"name":"Satigny"},"arcs":[[-103,116,-35,-4,-116,-74,117]]},{"type":"Polygon","id":6639,"properties":{"id":6639,"name":"Soral"},"arcs":[[118,-15,-97,-32]]},{"type":"Polygon","id":6640,"properties":{"id":6640,"name":"Thônex"},"arcs":[[-115,119,120,-47,-53,121]]},{"type":"Polygon","id":6641,"properties":{"id":6641,"name":"Troinex"},"arcs":[[122,-19,-110,123]]},{"type":"Polygon","id":6642,"properties":{"id":6642,"name":"Vandoeuvres"},"arcs":[[-122,-52,-51,-65,-56]]},{"type":"Polygon","id":6643,"properties":{"id":6643,"name":"Vernier"},"arcs":[[-80,-100,-106,-36,-117,-102,-86]]},{"type":"Polygon","id":6644,"properties":{"id":6644,"name":"Versoix"},"arcs":[[124,-84,-60,125]]},{"type":"Polygon","id":6645,"properties":{"id":6645,"name":"Veyrier"},"arcs":[[-48,-121,126,-124,-109,-37,-78]]},{"type":"MultiPolygon","id":9760,"properties":{"id":9760,"name":"Lac Léman (GE)"},"arcs":[[[-92,-7,-73,-63,-67,-77,-111,-23,-83,-125,127]],[[-43,128]]]}]},"lakes":{"type":"GeometryCollection","geometries":[{"type":"Polygon","id":9757,"properties":{"id":9757,"name":"Lac Léman"},"arcs":[[-43,129,-92,-7,-73,-63,-67,-77,-111,-23,-83,-125,130]]}]}},"arcs":[[[10680,16748],[-150,-946],[-543,-731],[324,-219],[-206,-762],[-393,-142]],[[9712,13948],[-573,629],[-496,-793],[-1132,1134]],[[7511,14918],[235,563],[-324,1646],[372,1070]],[[7794,18197],[465,-15],[1353,-1340],[1068,-94]],[[29598,40279],[-659,-843],[29,-1545],[472,-762],[729,-2654]],[[30169,34475],[-936,-59],[-558,1035],[-1021,224],[-917,1193]],[[26737,36868],[1195,3505],[827,1221]],[[28759,41594],[839,-1315]],[[5523,12499],[126,15]],[[5649,12514],[184,-1083],[583,-1088],[121,-1216]],[[6537,9127],[-1470,-1502]],[[5067,7625],[-456,1381],[-927,311],[-517,-1377],[-706,-156],[-393,515]],[[2068,8299],[442,1596],[139,1569],[309,229],[352,-725],[410,1570]],[[3720,12538],[1134,-353],[669,314]],[[8173,5043],[-1159,-1773]],[[7014,3270],[-935,572],[-1180,-256],[-1005,637],[-1159,-586]],[[2735,3637],[310,2383],[2022,1605]],[[6537,9127],[15,-1301],[-309,-1248],[1295,-665],[635,-870]],[[18803,6830],[-83,-911],[415,-256],[442,-1057]],[[19577,4606],[-577,-141],[-569,-1082],[-916,-174],[-561,564],[-2263,333],[-748,1972]],[[13943,6078],[724,1540]],[[14667,7618],[421,-701],[302,1010],[1703,-1465],[1710,368]],[[20713,32598],[-480,-1086],[-2,-1328]],[[20231,30184],[-480,182],[-677,1192],[-933,-922],[-389,-728]],[[17752,29908],[-550,1524]],[[17202,31432],[-235,904],[130,585],[-253,1222]],[[16844,34143],[2176,2835]],[[19020,36978],[265,-1791],[-40,-1039],[1468,-1550]],[[13643,16807],[-237,-284]],[[13406,16523],[-324,-713],[485,-1473],[18,-1482],[-1044,-310],[-254,-760],[219,-1066],[506,-884],[414,-27]],[[13426,9808],[-682,-1231],[-410,-54],[41,-1947],[-207,-1102]],[[12168,5474],[-263,910],[-1133,1882],[-790,-850],[-422,-1251]],[[9560,6165],[37,1359],[-569,1021],[145,777],[-755,1697]],[[8418,11019],[612,302],[770,1809],[-88,818]],[[10680,16748],[506,193],[522,1690],[427,431]],[[12135,19062],[745,543],[607,1480],[374,233],[301,-798],[-219,-745],[-108,-1537],[-323,-644],[131,-787]],[[20343,13315],[-580,-879],[-234,272],[-727,-1324],[91,-979]],[[18893,10405],[-320,1157],[-528,951],[-14,1432],[-365,-369],[-74,1768]],[[17592,15344],[798,745],[191,-514],[458,108],[388,-600],[883,-150],[33,-1618]],[[8418,11019],[-1761,-1930],[-120,38]],[[5649,12514],[680,1078],[1182,1326]],[[23452,55882],[-283,-579],[-705,776],[-328,-1589],[-427,534],[527,1752],[331,452],[885,-1346]],[[26375,57660],[-428,-1248],[-167,-2449]],[[25780,53963],[-364,94],[-1074,1285],[185,1243],[-897,193],[-573,816],[-807,557],[-165,927],[524,418],[-188,597],[603,568],[752,-1144],[1050,19],[214,-1112],[741,-197],[594,-567]],[[2735,3637],[-56,-1282],[-597,-1157],[-640,-184],[-495,-595],[-449,184],[-372,-603],[-126,1061],[1013,1304],[-131,1926],[460,1833],[726,2175]],[[25193,20344],[51,-915],[-487,-520],[-679,-1826],[-395,-95],[2,-1039]],[[23685,15949],[-303,-907],[-40,-1500],[-252,-286]],[[23090,13256],[-813,-966],[-362,290],[157,1665],[-343,968]],[[21729,15213],[29,653],[506,935],[-190,158],[472,1861]],[[22546,18820],[449,1205],[617,-334],[962,578]],[[24574,20269],[619,75]],[[25193,20344],[241,477]],[[25434,20821],[161,-2554],[-540,-831],[-215,-1321],[-639,380],[-516,-546]],[[29478,25186],[-938,-2008]],[[28540,23178],[-186,-724],[-646,517],[-914,-1851]],[[26794,21120],[316,2008],[-348,948],[160,742],[-773,464],[-912,1543]],[[25237,26825],[247,590],[944,457]],[[26428,27872],[300,-301],[-198,-960],[935,-383],[788,1509],[611,-496],[-122,-1606],[736,-449]],[[16844,34143],[-998,2323],[317,577],[-1009,1518],[94,1432],[-223,227],[1221,2526],[482,-103],[224,733]],[[16952,43376],[1232,-1447],[65,-833],[-364,-887],[222,-916],[1117,-53],[-293,-1506],[89,-756]],[[27947,32244],[-306,-1032],[-343,346],[-868,-2427],[-2,-1259]],[[25237,26825],[-922,1338]],[[24315,28163],[114,1320],[-185,225],[206,3491],[467,1624],[1084,523]],[[26001,35346],[407,-837],[709,-569],[170,-849],[660,-847]],[[25237,26825],[-1414,-3025],[157,-1726],[594,-1805]],[[22546,18820],[-226,392],[251,757],[-521,223],[266,718],[-138,648]],[[22178,21558],[349,873],[799,2787],[719,1766],[270,1179]],[[14701,11735],[530,-886],[-672,-1246]],[[14559,9603],[-243,460],[-729,-1006],[-161,751]],[[13406,16523],[366,-962],[-73,-694],[635,-1413],[-259,-234],[626,-1485]],[[30169,34475],[-503,-1627]],[[29666,32848],[-349,323],[-1083,-255],[-287,-672]],[[26001,35346],[736,1522]],[[4518,23626],[-472,-1735],[-46,-981]],[[4000,20910],[-233,-310],[217,-1128],[654,-784],[279,-886],[-171,-547],[802,-2742],[-163,-928],[138,-1086]],[[3720,12538],[-67,632],[367,914],[-398,1163],[-621,305],[-312,592],[-1907,1548],[204,639],[748,785],[-378,1054],[528,2081],[406,550],[1516,-359],[70,650],[-317,975],[576,143],[383,-584]],[[19949,25649],[-57,-558],[413,-1187],[-125,-834],[138,-1698],[-614,-1180],[-543,-331],[1131,-226],[842,1041],[1044,882]],[[21729,15213],[-386,164],[-442,-2434],[-558,372]],[[17592,15344],[41,2416],[-453,-343],[-197,434],[-924,-144],[-123,1419]],[[15936,19126],[-79,897],[856,2696],[-468,1012],[333,382]],[[16578,24113],[1048,1342],[506,1131]],[[18132,26586],[1817,-937]],[[21930,36496],[-297,-1948],[-218,12],[-616,-1330],[-86,-632]],[[19020,36978],[641,830],[388,-664],[641,262],[1240,-910]],[[17752,29908],[708,-1940],[-642,-821],[314,-561]],[[16578,24113],[-550,724]],[[16028,24837],[-260,497],[-476,2080],[-325,676]],[[14967,28090],[465,809],[274,-264],[1496,2797]],[[34888,32784],[-367,-76],[-721,-1990],[-482,-720],[-1023,-621],[-700,785],[-77,-672],[-636,94]],[[30882,29584],[-322,1470],[-427,-96],[434,986],[-901,904]],[[30169,34475],[1132,-1939],[-70,-814],[649,-1026],[1272,951],[588,795],[757,2154],[469,194],[-252,-1383],[174,-623]],[[28759,41594],[626,2000],[-85,1679]],[[29300,45273],[766,-773],[-37,-1818],[444,-1105],[-161,-578],[-714,-720]],[[34471,24483],[-296,502],[-973,132],[-1072,-703],[-511,247],[-841,-190],[-378,-545],[-528,1416]],[[29872,25342],[170,662],[-613,265],[-152,722],[182,1004],[387,-262],[195,801],[472,-299],[369,1349]],[[34888,32784],[765,-234],[724,320],[-435,-1265],[336,-329],[91,-1517],[-1618,-4900],[-280,-376]],[[9560,6165],[-105,-562],[-582,822],[-719,-936],[19,-446]],[[18893,10405],[-572,-134],[-871,1065],[-215,-278],[-438,780],[-472,-260],[-463,736]],[[15862,12314],[215,467],[-292,1023],[145,557],[-290,649],[-3,969],[-562,1697]],[[15075,17676],[458,1136],[403,314]],[[29872,25342],[-394,-156]],[[16028,24837],[-855,-1253],[-1656,1129],[-403,-1088],[-886,127],[-139,-880],[-440,51]],[[11649,22923],[-1632,3023],[-748,581]],[[9269,26527],[713,2051],[696,1362],[351,222],[632,-1164],[402,573],[1086,851],[419,-121],[1399,-2211]],[[15862,12314],[-1161,-579]],[[13643,16807],[453,-394],[713,528],[266,735]],[[14559,9603],[540,-954],[-432,-1031]],[[13943,6078],[-1775,-604]],[[18893,10405],[113,-66]],[[19006,10339],[-179,-1332],[-24,-2177]],[[20231,30184],[-193,-2136],[-89,-2399]],[[34471,24483],[-1577,-2106],[-1112,-476],[-1142,-1105],[-583,-1048],[-384,402]],[[29673,20150],[-466,440],[754,1911],[-418,572],[-1003,105]],[[29673,20150],[-35,-423],[-1082,373],[-1055,-1269]],[[27501,18831],[-707,2289]],[[4000,20910],[535,-571],[812,614],[71,-1693],[351,218],[482,-972],[1543,-309]],[[11649,22923],[528,-901],[-565,-732],[417,-772],[-164,-921],[270,-535]],[[4518,23626],[699,858],[13,808],[603,1015],[1265,681],[876,1330],[1295,-1791]],[[12168,5474],[-240,168],[-2084,335],[-331,-988],[-313,-1907],[-281,279],[-727,-1159],[-781,999],[-397,69]],[[27501,18831],[-648,-896],[-339,-1056],[-764,-413],[-861,-2157],[-301,77],[-659,-680],[-305,-818]],[[23624,12888],[-534,368]],[[25434,20821],[857,597],[503,-298]],[[22527,7738],[-750,-344],[-1630,-1351],[-570,-1437]],[[19006,10339],[813,120],[931,-898],[-126,-292],[690,-1157],[962,246],[251,-620]],[[22020,42637],[53,-1433],[-319,-1759],[369,-2091],[-193,-858]],[[16952,43376],[86,696],[-324,632],[178,1075],[-77,1502],[467,1247],[1684,-3208],[1297,-1429],[1757,-1254]],[[23624,12888],[281,-3085],[-1378,-2065]],[[22020,42637],[2896,-2526],[2142,7037],[2242,-1875]],[[26375,57660],[2923,-2385],[-915,-3347],[-2603,2035]],[[26375,57660],[885,2616],[1026,1715],[467,1443],[715,1165],[503,1491],[1133,1764],[508,-33],[980,-597],[982,2285],[-144,1149],[924,2837],[113,2171],[536,175],[194,692],[822,740],[1089,2471],[232,1021],[1258,1576],[798,1952],[573,929],[1783,446],[1171,674],[842,-4],[1098,-1340],[973,-185],[2040,2518],[1494,495],[1038,645],[832,1404],[709,-10],[-10,1430],[818,1585],[1108,231],[271,1482],[420,1116],[774,542],[1169,2842],[560,334],[1315,-529],[1135,-1522],[1919,-168],[690,272],[501,955],[801,403],[860,1123],[1127,-117],[1187,-1616],[63,350],[1429,-989],[932,-1003],[595,380],[767,-503],[407,210],[2028,35],[277,-346],[1303,-259],[1102,-925],[698,-330],[2317,-3104],[910,15],[691,748],[669,-12],[777,-680],[1149,-1897],[1343,-1179],[855,-364],[645,136],[723,-524],[1139,-469],[1338,-212],[323,-364],[829,-35],[409,-1771],[483,-454],[1125,-447],[232,-1150],[297,-227],[337,-1194],[305,280],[991,-149],[564,-615],[271,-896],[521,13],[430,-555],[1122,129],[564,-732],[328,-1794],[856,-221],[540,-1470],[683,-3981],[-528,-1505],[-198,-1171],[-410,-519],[-1887,277],[-516,-536],[-844,405],[-1013,-105],[-1132,-591],[-590,592],[-252,-469],[193,-1284],[-331,-765],[-751,751],[-481,45],[-1012,-457],[-1014,102],[-863,934],[-1230,977],[-1361,-299],[-1527,1131],[-323,19],[-1618,1362],[-779,419],[-1390,99],[-1099,789],[-641,83],[-2992,-28],[-1281,-181],[-692,-542],[-961,-85],[-989,260],[-1604,110],[-1610,-709],[-843,-4],[-1786,-531],[-585,201],[-1615,-805],[-1732,-612],[-756,-485],[-1138,242],[-1722,1857],[-577,311],[-719,-222],[-637,-682],[-1116,-787],[-845,-1353],[-145,-582],[37,-1929],[-513,-1768],[-2550,-2153],[-1312,-1297],[-1089,-739],[-1707,-39],[-864,-2233],[-598,-360],[-875,-2372],[-803,258],[-2188,1680],[-359,1604],[-697,2012],[43,1247],[-740,812],[-1361,-102],[-418,543],[-356,-562],[-2074,-974],[-89,-510],[-926,-899],[-1278,-2339],[-381,-379],[49,-1013],[-571,-2044],[-964,-2447],[-527,-821],[118,-1288],[-579,-2413],[-391,-1072],[-756,-460]],[[22020,42637],[101,598],[555,546],[1158,3076],[562,1070],[547,1728],[510,2413],[-10,1106],[337,789]]],"transform":{"scale":[0.000009737392840234917,0.000003901136180059745],"translate":[5.956088145946119,46.127947594715444]}}