{"type":"Topology","objects":{"municipalities":{"type":"GeometryCollection","geometries":[{"type":"Polygon","id":3503,"properties":{"id":3503,"name":"Mutten"},"arcs":[[0,1,2,3]]},{"type":"Polygon","id":3506,"properties":{"id":3506,"name":"Vaz/Obervaz"},"arcs":[[4,5,6,-4,7,8,9,10,11]]},{"type":"Polygon","id":3513,"properties":{"id":3513,"name":"Lantsch/Lenz"},"arcs":[[12,-6,13]]},{"type":"Polygon","id":3514,"properties":{"id":3514,"name":"Schmitten (GR)"},"arcs":[[14,15,16,17]]},{"type":"Polygon","id":3521,"properties":{"id":3521,"name":"Bergün/Bravuogn"},"arcs":[[18,19,20,21,22,23,24,25]]},{"type":"Polygon","id":3522,"properties":{"id":3522,"name":"Filisur"},"arcs":[[-25,26,27,28,-15,29]]},{"type":"Polygon","id":3531,"properties":{"id":3531,"name":"Bivio"},"arcs":[[30,31,32,33,34,35,36]]},{"type":"Polygon","id":3532,"properties":{"id":3532,"name":"Cunter"},"arcs":[[37,38,39,40,41]]},{"type":"Polygon","id":3533,"properties":{"id":3533,"name":"Marmorera"},"arcs":[[-36,42,43]]},{"type":"Polygon","id":3534,"properties":{"id":3534,"name":"Mulegns"},"arcs":[[44,-43,-35,45,46,47,48,49]]},{"type":"MultiPolygon","id":3536,"properties":{"id":3536,"name":"Riom-Parsonz"},"arcs":[[[50,-48,51,52,-39]],[[-41,53,54]]]},{"type":"Polygon","id":3538,"properties":{"id":3538,"name":"Salouf"},"arcs":[[-54,-40,-53,55,56,57,58]]},{"type":"Polygon","id":3539,"properties":{"id":3539,"name":"Savognin"},"arcs":[[-28,59,-49,-51,-38,60]]},{"type":"Polygon","id":3540,"properties":{"id":3540,"name":"Sur"},"arcs":[[61,-44,-45,62]]},{"type":"Polygon","id":3541,"properties":{"id":3541,"name":"Tinizong-Rona"},"arcs":[[-24,63,-63,-50,-60,-27]]},{"type":"Polygon","id":3542,"properties":{"id":3542,"name":"Albula/Alvra"},"arcs":[[-16,-29,-61,-42,-55,-59,64,-1,-7,-13,65]]},{"type":"Polygon","id":3551,"properties":{"id":3551,"name":"Brusio"},"arcs":[[66,67]]},{"type":"Polygon","id":3561,"properties":{"id":3561,"name":"Poschiavo"},"arcs":[[-67,68,69,70]]},{"type":"Polygon","id":3572,"properties":{"id":3572,"name":"Falera"},"arcs":[[71,72,73]]},{"type":"Polygon","id":3575,"properties":{"id":3575,"name":"Laax"},"arcs":[[74,-74,75,76,77]]},{"type":"Polygon","id":3581,"properties":{"id":3581,"name":"Sagogn"},"arcs":[[78,79,80,-75,81]]},{"type":"Polygon","id":3582,"properties":{"id":3582,"name":"Schluein"},"arcs":[[-81,82,-72]]},{"type":"Polygon","id":3603,"properties":{"id":3603,"name":"Vals"},"arcs":[[83,84,85,86,87]]},{"type":"Polygon","id":3611,"properties":{"id":3611,"name":"Andiast"},"arcs":[[88,89,90]]},{"type":"Polygon","id":3612,"properties":{"id":3612,"name":"Obersaxen"},"arcs":[[91,92,93,94,95,96,97]]},{"type":"Polygon","id":3616,"properties":{"id":3616,"name":"Waltensburg/Vuorz"},"arcs":[[98,-96,99,100,-90]]},{"type":"Polygon","id":3617,"properties":{"id":3617,"name":"Mundaun"},"arcs":[[101,-98,102]]},{"type":"Polygon","id":3618,"properties":{"id":3618,"name":"Lumnezia"},"arcs":[[-88,103,104,105,-92,-102,106]]},{"type":"Polygon","id":3619,"properties":{"id":3619,"name":"Ilanz/Glion"},"arcs":[[-76,-73,-83,-80,107,-107,-103,-97,-99,-89,108]]},{"type":"Polygon","id":3633,"properties":{"id":3633,"name":"Fürstenau"},"arcs":[[109,110,111,112,113]]},{"type":"Polygon","id":3637,"properties":{"id":3637,"name":"Rothenbrunnen"},"arcs":[[114,115,116,117]]},{"type":"Polygon","id":3638,"properties":{"id":3638,"name":"Scharans"},"arcs":[[-9,118,-114,119]]},{"type":"Polygon","id":3640,"properties":{"id":3640,"name":"Sils im Domleschg"},"arcs":[[-119,-8,-3,120,121,122,-110]]},{"type":"Polygon","id":3661,"properties":{"id":3661,"name":"Cazis"},"arcs":[[-115,123,-112,124,125,126,127,128]]},{"type":"MultiPolygon","id":3662,"properties":{"id":3662,"name":"Flerden"},"arcs":[[[129,130,131]],[[132,133,134,-127]]]},{"type":"Polygon","id":3663,"properties":{"id":3663,"name":"Masein"},"arcs":[[135,136,-133,-126]]},{"type":"Polygon","id":3668,"properties":{"id":3668,"name":"Thusis"},"arcs":[[-123,137,138,139,-136,-125,-111]]},{"type":"Polygon","id":3669,"properties":{"id":3669,"name":"Tschappina"},"arcs":[[140,-131,141,142,143,-135]]},{"type":"Polygon","id":3670,"properties":{"id":3670,"name":"Urmein"},"arcs":[[-137,-140,144,-132,-141,-134]]},{"type":"Polygon","id":3672,"properties":{"id":3672,"name":"Safiental"},"arcs":[[145,146,-128,-144,147,148,149,150,151,-84,-108,-79,152,153]]},{"type":"Polygon","id":3673,"properties":{"id":3673,"name":"Domleschg"},"arcs":[[154,-10,-120,-113,-124,-118,155]]},{"type":"Polygon","id":3681,"properties":{"id":3681,"name":"Avers"},"arcs":[[-46,-34,156,157,158,159,160]]},{"type":"Polygon","id":3691,"properties":{"id":3691,"name":"Hinterrhein"},"arcs":[[161,162,163,-86]]},{"type":"Polygon","id":3693,"properties":{"id":3693,"name":"Nufenen"},"arcs":[[164,165,-162,-85,-152]]},{"type":"Polygon","id":3694,"properties":{"id":3694,"name":"Splügen"},"arcs":[[166,167,-165,-151,168]]},{"type":"Polygon","id":3695,"properties":{"id":3695,"name":"Sufers"},"arcs":[[169,170,171,-169,-150,172]]},{"type":"Polygon","id":3701,"properties":{"id":3701,"name":"Andeer"},"arcs":[[-57,173,-170,174,175,176]]},{"type":"Polygon","id":3703,"properties":{"id":3703,"name":"Casti-Wergenstein"},"arcs":[[177,-175,-173,-149,178]]},{"type":"Polygon","id":3705,"properties":{"id":3705,"name":"Donat"},"arcs":[[-176,-178,179,180,181]]},{"type":"Polygon","id":3707,"properties":{"id":3707,"name":"Lohn (GR)"},"arcs":[[182,-181,183,-142,-130,-145,-139,184]]},{"type":"Polygon","id":3708,"properties":{"id":3708,"name":"Mathon"},"arcs":[[-180,-179,-148,-143,-184]]},{"type":"Polygon","id":3711,"properties":{"id":3711,"name":"Rongellen"},"arcs":[[-122,185,-185,-138]]},{"type":"Polygon","id":3712,"properties":{"id":3712,"name":"Zillis-Reischen"},"arcs":[[-2,-65,-58,-177,-182,-183,-186,-121]]},{"type":"MultiPolygon","id":3713,"properties":{"id":3713,"name":"Ferrera"},"arcs":[[[186,-159]],[[-52,-47,-161,187,-171,-174,-56]]]},{"type":"Polygon","id":3721,"properties":{"id":3721,"name":"Bonaduz"},"arcs":[[188,189,-146,190,191]]},{"type":"Polygon","id":3722,"properties":{"id":3722,"name":"Domat/Ems"},"arcs":[[192,-156,-117,193,-189,194,195,196]]},{"type":"Polygon","id":3723,"properties":{"id":3723,"name":"Rhäzüns"},"arcs":[[-194,-116,-129,-147,-190]]},{"type":"Polygon","id":3731,"properties":{"id":3731,"name":"Felsberg"},"arcs":[[197,-196,198,199,200]]},{"type":"Polygon","id":3732,"properties":{"id":3732,"name":"Flims"},"arcs":[[201,-153,-82,-78,202]]},{"type":"Polygon","id":3733,"properties":{"id":3733,"name":"Tamins"},"arcs":[[-199,-195,-192,203,204]]},{"type":"Polygon","id":3734,"properties":{"id":3734,"name":"Trin"},"arcs":[[-204,-191,-154,-202,205]]},{"type":"Polygon","id":3746,"properties":{"id":3746,"name":"Zernez"},"arcs":[[206,207,208,209,210,211,212]]},{"type":"Polygon","id":3752,"properties":{"id":3752,"name":"Samnaun"},"arcs":[[213,214]]},{"type":"Polygon","id":3762,"properties":{"id":3762,"name":"Scuol"},"arcs":[[215,216,217,-207,218,219,220]]},{"type":"MultiPolygon","id":3764,"properties":{"id":3764,"name":"Valsot"},"arcs":[[[-220,221]],[[-216,222,-214,223]]]},{"type":"MultiPolygon","id":3781,"properties":{"id":3781,"name":"Bever"},"arcs":[[[224,225,226,-37,-62,-64,-23]],[[227,228]]]},{"type":"Polygon","id":3782,"properties":{"id":3782,"name":"Celerina/Schlarigna"},"arcs":[[229,230,231,232]]},{"type":"MultiPolygon","id":3783,"properties":{"id":3783,"name":"Madulain"},"arcs":[[[233,234,235]],[[236,237,238,239]]]},{"type":"Polygon","id":3784,"properties":{"id":3784,"name":"Pontresina"},"arcs":[[240,-234,241,242,-70,243,244,-230,245]]},{"type":"Polygon","id":3785,"properties":{"id":3785,"name":"La Punt-Chamues-ch"},"arcs":[[246,-238,247,-235,-241,248,-229,-21]]},{"type":"MultiPolygon","id":3786,"properties":{"id":3786,"name":"Samedan"},"arcs":[[[249,250,251,252,-231,-245]],[[-228,-249,-246,-233,253,-225,-22]]]},{"type":"Polygon","id":3787,"properties":{"id":3787,"name":"St. Moritz"},"arcs":[[-232,-253,254,-226,-254]]},{"type":"Polygon","id":3788,"properties":{"id":3788,"name":"S-chanf"},"arcs":[[-210,255,256,-240,257,-19,258]]},{"type":"Polygon","id":3789,"properties":{"id":3789,"name":"Sils im Engadin/Segl"},"arcs":[[-251,259,260,-32,261]]},{"type":"Polygon","id":3790,"properties":{"id":3790,"name":"Silvaplana"},"arcs":[[-255,-252,-262,-31,-227]]},{"type":"MultiPolygon","id":3791,"properties":{"id":3791,"name":"Zuoz"},"arcs":[[[262,-242,-236,-248,-237,-257]],[[-239,-247,-20,-258]]]},{"type":"Polygon","id":3792,"properties":{"id":3792,"name":"Bregaglia"},"arcs":[[-33,-261,263,-157]]},{"type":"Polygon","id":3804,"properties":{"id":3804,"name":"Buseno"},"arcs":[[264,265,266,267,268]]},{"type":"Polygon","id":3805,"properties":{"id":3805,"name":"Castaneda"},"arcs":[[269,270,-266,271]]},{"type":"Polygon","id":3808,"properties":{"id":3808,"name":"Rossa"},"arcs":[[272,273,274,275]]},{"type":"Polygon","id":3810,"properties":{"id":3810,"name":"Santa Maria in Calanca"},"arcs":[[-272,-265,276,277]]},{"type":"Polygon","id":3821,"properties":{"id":3821,"name":"Lostallo"},"arcs":[[278,279,280,281,282,283]]},{"type":"Polygon","id":3822,"properties":{"id":3822,"name":"Mesocco"},"arcs":[[284,285,-276,286,-163,-166,-168]]},{"type":"Polygon","id":3823,"properties":{"id":3823,"name":"Soazza"},"arcs":[[287,-284,288,-273,-286]]},{"type":"Polygon","id":3831,"properties":{"id":3831,"name":"Cama"},"arcs":[[289,290,291,292,293,-281]]},{"type":"Polygon","id":3832,"properties":{"id":3832,"name":"Grono"},"arcs":[[294,-292,295,296,-270,297]]},{"type":"Polygon","id":3833,"properties":{"id":3833,"name":"Leggia"},"arcs":[[-295,298,-293]]},{"type":"Polygon","id":3834,"properties":{"id":3834,"name":"Roveredo (GR)"},"arcs":[[-297,299,300,301,302,-267,-271]]},{"type":"MultiPolygon","id":3835,"properties":{"id":3835,"name":"San Vittore"},"arcs":[[[303,-301]],[[-268,-303,304,305]]]},{"type":"MultiPolygon","id":3836,"properties":{"id":3836,"name":"Verdabbio"},"arcs":[[[306,-290,-280]],[[-294,-299,-298,-278,307,-282]]]},{"type":"Polygon","id":3837,"properties":{"id":3837,"name":"Calanca"},"arcs":[[-289,-283,-308,-277,-269,-306,308,-274]]},{"type":"Polygon","id":3847,"properties":{"id":3847,"name":"Val Müstair"},"arcs":[[309,-208,-218]]},{"type":"Polygon","id":3851,"properties":{"id":3851,"name":"Davos"},"arcs":[[-211,-259,-26,-30,-18,310,311]]},{"type":"Polygon","id":3861,"properties":{"id":3861,"name":"Fideris"},"arcs":[[312,313,314,315]]},{"type":"Polygon","id":3862,"properties":{"id":3862,"name":"Furna"},"arcs":[[316,317,318,319,320]]},{"type":"Polygon","id":3863,"properties":{"id":3863,"name":"Jenaz"},"arcs":[[321,-315,322,-317,323]]},{"type":"Polygon","id":3871,"properties":{"id":3871,"name":"Klosters-Serneus"},"arcs":[[-212,-312,324,325,326,327]]},{"type":"Polygon","id":3881,"properties":{"id":3881,"name":"Conters im Prättigau"},"arcs":[[328,-326,329,-313,330]]},{"type":"Polygon","id":3882,"properties":{"id":3882,"name":"Küblis"},"arcs":[[331,-331,332,333]]},{"type":"Polygon","id":3883,"properties":{"id":3883,"name":"Saas"},"arcs":[[334,-327,-329,-332,335]]},{"type":"Polygon","id":3891,"properties":{"id":3891,"name":"Luzein"},"arcs":[[336,-333,-316,-322,337]]},{"type":"Polygon","id":3893,"properties":{"id":3893,"name":"St. Antönien"},"arcs":[[-336,-334,-337,338,339]]},{"type":"Polygon","id":3901,"properties":{"id":3901,"name":"Chur"},"arcs":[[340,341,-197,-198,342,343]]},{"type":"Polygon","id":3911,"properties":{"id":3911,"name":"Churwalden"},"arcs":[[344,-11,-155,-193,-342,345]]},{"type":"Polygon","id":3921,"properties":{"id":3921,"name":"Arosa"},"arcs":[[-323,-314,-330,-325,-311,-17,-66,-14,-5,346,347,348,-318]]},{"type":"Polygon","id":3926,"properties":{"id":3926,"name":"Maladers"},"arcs":[[349,-346,-341,350,-348]]},{"type":"Polygon","id":3932,"properties":{"id":3932,"name":"Tschiertschen-Praden"},"arcs":[[-347,-12,-345,-350]]},{"type":"Polygon","id":3941,"properties":{"id":3941,"name":"Haldenstein"},"arcs":[[351,-343,-201,352,353]]},{"type":"Polygon","id":3945,"properties":{"id":3945,"name":"Trimmis"},"arcs":[[-319,-349,-351,-344,-352,354,355,356]]},{"type":"Polygon","id":3946,"properties":{"id":3946,"name":"Untervaz"},"arcs":[[-355,-354,357,358,359]]},{"type":"Polygon","id":3947,"properties":{"id":3947,"name":"Zizers"},"arcs":[[360,-356,-360,361,362]]},{"type":"MultiPolygon","id":3951,"properties":{"id":3951,"name":"Fläsch"},"arcs":[[[363,364]],[[365,366],[367]]]},{"type":"Polygon","id":3952,"properties":{"id":3952,"name":"Jenins"},"arcs":[[368,369,370]]},{"type":"MultiPolygon","id":3953,"properties":{"id":3953,"name":"Maienfeld"},"arcs":[[[-368]],[[-365,371,372,-371,373,374,375,376,-367,377]]]},{"type":"Polygon","id":3954,"properties":{"id":3954,"name":"Malans"},"arcs":[[378,379,-374,-370]]},{"type":"MultiPolygon","id":3955,"properties":{"id":3955,"name":"Landquart"},"arcs":[[[380,-363,-375,-380]],[[-362,-359,381,-376]]]},{"type":"Polygon","id":3961,"properties":{"id":3961,"name":"Grüsch"},"arcs":[[382,-320,-357,-361,-381,383]]},{"type":"Polygon","id":3962,"properties":{"id":3962,"name":"Schiers"},"arcs":[[-339,-338,-324,-321,-383,384,385]]},{"type":"Polygon","id":3972,"properties":{"id":3972,"name":"Seewis im Prättigau"},"arcs":[[-385,-384,-379,-369,-373,386]]},{"type":"Polygon","id":3981,"properties":{"id":3981,"name":"Breil/Brigels"},"arcs":[[-95,387,388,-100]]},{"type":"Polygon","id":3982,"properties":{"id":3982,"name":"Disentis/Mustér"},"arcs":[[389,390,391,392]]},{"type":"Polygon","id":3983,"properties":{"id":3983,"name":"Medel (Lucmagn)"},"arcs":[[393,-105,394,395,-391]]},{"type":"Polygon","id":3985,"properties":{"id":3985,"name":"Sumvitg"},"arcs":[[396,-93,-106,-394,-390,397]]},{"type":"Polygon","id":3986,"properties":{"id":3986,"name":"Tujetsch"},"arcs":[[-392,-396,398]]},{"type":"Polygon","id":3987,"properties":{"id":3987,"name":"Trun"},"arcs":[[-388,-94,-397,399]]}]}},"arcs":[[[46619,56335],[251,-963],[-89,-575],[-669,-733],[-165,48],[-445,-651]],[[45502,53461],[-192,683],[-379,847],[-128,873]],[[44803,55864],[-102,329],[-437,329],[-104,342],[301,475],[519,112],[533,379],[297,18],[349,234]],[[46159,58082],[631,-349],[-265,-543],[-128,-808],[222,-47]],[[51679,65841],[-178,-357],[56,-492],[-157,-1018]],[[51400,63974],[-524,-544],[-341,-573],[-249,-916],[14,-510],[-540,-180],[-582,-30],[-192,-757],[56,-187],[-200,-888],[-471,-1030]],[[48371,58359],[-178,-65],[-8,-450],[-186,-326],[-297,-6],[-171,-216],[190,-298],[-182,-103],[-504,-612],[-416,52]],[[46159,58082],[-264,378]],[[45895,58460],[-101,394],[33,465],[-208,159],[182,280],[258,52],[265,439],[-262,341],[-545,5],[644,396],[513,502],[153,699],[-295,869],[-26,368]],[[46506,63429],[389,1698]],[[46895,65127],[696,165],[418,-33],[-17,263],[259,69],[51,715],[-156,511],[382,100],[222,-446],[259,45],[74,-490],[223,-579],[911,-619],[414,1290],[332,52],[-29,315],[201,207],[150,460]],[[51285,67152],[264,-1077],[130,-234]],[[52296,63453],[-144,-929],[96,-795],[-58,-724],[-203,-365],[-251,28],[-477,-412],[-34,-562],[114,-468],[-118,-685],[-239,-341],[-172,-950],[-466,-936],[-346,-206],[-301,229],[-23,400],[-481,133],[-376,628],[-217,156],[-229,705]],[[51400,63974],[337,60],[559,-581]],[[57043,57906],[-644,-225],[-132,-206],[-590,-378],[-161,-244]],[[55516,56853],[-407,596],[-80,290],[232,239],[118,568],[-24,544],[-354,426],[-50,343],[-523,1941],[377,326],[217,420]],[[55022,62546],[266,55]],[[55288,62601],[360,-730],[756,-971],[377,-833],[128,-1402],[211,-568],[-77,-191]],[[66785,57474],[-676,-1551],[151,-578],[-72,-327],[-277,-444],[-7,-476],[663,-1022],[615,-2481]],[[67182,50595],[-598,-433],[-259,283],[-502,-1245],[102,-276],[-104,-505]],[[65821,48419],[-521,-66],[-650,-834],[-388,223],[-322,-64],[5,-606],[-229,-278],[123,-1106],[270,-704]],[[64109,44984],[-162,85],[-586,-226],[-137,-311],[-773,-202],[-23,-105],[-594,-45],[-581,-287],[-688,-116],[-130,-274],[-427,3],[-89,-291]],[[59919,43215],[-314,-123],[-260,210],[-362,-97],[-74,-335],[-496,-343]],[[58413,42527],[-7,785],[-202,534],[-302,459],[146,443],[-151,706],[-387,372],[-236,469],[168,342],[27,480],[137,161],[-11,594],[-282,517]],[[57313,48389],[-205,579],[-60,533],[148,486],[-108,970],[213,301],[90,483],[-251,528],[65,351],[441,601],[457,964],[-214,754],[139,425],[630,1065],[1080,194]],[[59738,56623],[423,-85],[780,-616],[313,58],[2193,1402],[585,-968],[327,249],[257,518],[573,852],[545,428],[97,-277],[446,-466],[508,-244]],[[57313,48389],[-145,-166],[-1198,101],[-420,117],[49,407],[-200,502],[-707,-211],[-458,254]],[[54234,49393],[-158,494]],[[54076,49887],[88,206],[-122,676],[168,1533],[71,1342],[198,1090],[-391,775],[147,169],[679,104],[501,663],[101,408]],[[57043,57906],[276,-29],[222,260],[226,-970],[5,-883],[416,478],[-247,472],[348,-69],[-217,658],[-315,371],[-12,346],[524,677],[471,36],[1,-852],[159,318],[441,87],[27,-849],[386,-909],[-16,-425]],[[58482,37791],[-252,-909],[349,-251],[77,-497],[-160,-365],[225,-355],[-14,-538],[-189,-368],[-129,-977],[17,-904],[335,-423],[-203,-814]],[[58538,31390],[-351,-579],[-30,-436],[-394,-337],[-583,238],[-308,-407],[-373,-195],[-513,-622],[-193,-103],[-231,-645]],[[55562,28304],[-549,-243],[-26,-810],[-377,111],[-446,-139],[-260,-718],[-262,-10],[-9,-253],[-587,178],[-1089,100],[-107,362]],[[51850,26882],[370,581],[-121,554],[-56,859],[-205,441],[-97,531],[156,528],[-107,935],[-178,284],[-376,1251]],[[51236,32846],[58,222],[-65,1527],[179,497],[-51,327],[160,330]],[[51517,35749],[1600,-171],[949,-248],[717,-2],[1272,297],[376,-47],[311,312],[-81,488],[275,374],[-26,603],[185,825]],[[57095,38180],[349,-119],[269,77],[620,-104],[149,-243]],[[53163,50459],[-795,-823],[-673,-1075],[-511,-73],[-288,-224]],[[50896,48264],[-9,1005],[123,477],[-50,298]],[[50960,50044],[-172,506],[-239,330],[85,700]],[[50634,51580],[109,176],[256,-562],[-134,-186],[156,-329],[315,-40],[483,406],[-248,1140],[152,545]],[[51723,52730],[181,-181],[323,-747],[415,-454],[210,-479],[311,-410]],[[51517,35749],[262,498],[-272,752],[85,388],[237,156],[167,499],[205,201],[40,595],[478,513]],[[52719,39351],[234,-439],[-14,-390],[348,-72],[79,-214],[749,-41],[277,-769],[452,252],[558,92],[469,-208],[909,700],[315,-82]],[[53423,41876],[-332,-613],[-53,-633],[-272,-653],[218,-364],[-265,-262]],[[51236,32846],[-429,-120],[-74,126],[-807,211],[-258,155],[-223,1284],[-198,697],[-265,92],[-412,391],[-955,86],[-403,286],[-23,169]],[[47189,36223],[335,134],[237,349],[39,497]],[[47800,37203],[725,889],[457,71],[57,384],[332,743],[315,448],[216,759],[388,367]],[[50290,40864],[192,-116],[338,200],[215,-53],[226,368]],[[51261,41263],[984,-507],[420,-52],[123,472],[-113,472],[102,256],[-216,359],[136,203],[241,-690],[485,100]],[[50896,48264],[-175,-134],[-5,-756],[-312,-327],[-64,-419],[84,-416],[-313,-400],[-123,-527],[285,-181],[142,-533],[-254,-314],[-33,-323],[398,-616],[-332,-842],[-98,-614],[166,-467],[28,-531]],[[47800,37203],[-148,433],[-268,308],[-95,588],[-180,262],[-814,-111],[-412,441],[-166,684],[244,218],[53,524],[90,2049],[-63,335],[432,201],[-288,569],[22,566]],[[46207,44270],[195,-61],[480,412],[403,501],[170,439],[257,-41],[310,2379],[-30,557],[186,342],[273,-38],[345,208],[211,-79],[279,228],[-169,242],[159,416],[623,-27],[172,-116],[889,412]],[[50634,51580],[-81,626]],[[50553,52206],[64,359],[-122,266],[948,67],[280,-168]],[[46207,44270],[8,280],[-319,792],[-62,808]],[[45834,46150],[18,359],[306,576],[-229,595],[6,768]],[[45935,48448],[242,313],[192,1117],[-319,946]],[[46050,50824],[756,780],[1017,1362],[297,114],[1228,-250],[236,-258],[730,-96],[239,-270]],[[54234,49393],[-207,-679],[-241,-228],[-288,-749],[-521,-390],[-503,109],[-651,-384],[137,-304],[-153,-236],[-39,-1131],[154,-715],[343,-707],[-103,-422],[-388,-396],[-230,-492],[-92,-774],[-191,-632]],[[53163,50459],[490,-439],[423,-133]],[[56690,41686],[-71,-213],[190,-884],[168,-151],[-242,-793],[215,-349],[-100,-785],[245,-331]],[[53423,41876],[118,360],[417,21],[177,-178],[754,-33],[522,218],[105,451],[279,235],[394,-98],[173,-282],[-84,-651],[233,26],[179,-259]],[[58413,42527],[-420,-522],[-120,-355],[-858,170],[-325,-134]],[[46050,50824],[120,347],[-78,313],[95,446],[-53,783],[-518,501],[-114,247]],[[52296,63453],[676,474],[779,266],[368,321],[77,280],[401,467],[-6,146],[481,601],[222,-671],[188,589],[527,201],[239,364],[292,-466],[-312,-944],[-703,-831],[-269,-769],[-352,-334],[118,-601]],[[76560,8790],[213,-407],[250,-119],[705,468],[64,866],[210,118],[-15,478],[1372,2542],[-349,663],[89,247],[683,9],[324,578],[660,458]],[[80766,14691],[427,-635],[362,-137],[226,-543],[-123,-436],[437,-358],[-63,-553],[115,-665],[467,-525],[244,-929],[-86,-408],[-1305,-1662],[-270,-1037],[-747,-624],[-193,89],[-291,-208],[-242,180],[-525,37],[-308,306],[-810,-75],[-402,-266],[-555,-928],[-433,341],[-239,538],[-794,507],[527,706],[5,667],[370,717]],[[76560,8790],[-142,1125],[-189,929],[-591,375],[-243,374],[-587,490],[-1065,337],[-695,468],[-229,1267],[235,116],[258,714],[-241,399],[182,279],[19,377],[-298,85],[-501,763],[-290,264],[320,1240],[277,603],[275,286],[-87,477],[97,522],[-126,138],[-480,-87],[-47,208],[-1073,1150],[-466,1101],[150,520]],[[71023,23310],[508,-3],[142,129],[174,637],[419,280],[133,1108],[359,550],[1520,1305],[126,297],[136,1625],[546,-340],[310,161],[186,502],[-75,326],[43,605]],[[75550,30492],[788,-206],[98,-277],[-16,-697],[349,-700],[531,312],[330,-352],[26,-485],[624,176],[461,-159],[102,398],[338,365],[457,-226],[97,342],[647,230],[113,-232],[553,-85],[213,-579],[133,-1162],[281,281],[299,80],[362,-957],[-252,-500],[94,-1371],[-111,-355],[-337,-286],[-713,149],[-812,-908],[-90,-930],[190,-950],[-312,-176],[-555,-723],[-273,-179],[20,-758],[-164,-343],[-51,-923],[441,-1134],[194,-1030],[389,-233],[522,-668],[287,-150],[-37,-400]],[[32154,69566],[-540,165],[-547,-19],[-89,339],[-714,1255],[-117,109]],[[30147,71415],[-192,288],[-724,636],[-364,918],[66,816],[-205,1063],[-310,725],[-174,152],[-247,689],[69,984],[-131,799]],[[27935,78485],[1481,-2017],[905,-925],[-96,-173],[1240,-740],[33,-1066],[262,-731],[342,-257],[381,-457],[-246,-364],[159,-816],[-219,-332],[43,-462],[139,-108],[-205,-471]],[[34878,72116],[-730,-1085],[-788,-359],[-266,-280],[45,-296],[-557,-384],[-428,-146]],[[27935,78485],[-468,159]],[[27467,78644],[-209,659],[1322,-82],[595,-291],[175,255],[450,198],[238,289],[120,438],[359,554]],[[30517,80664],[72,-748],[390,-316],[575,-1170],[264,-350],[1,-885],[1014,-2528],[249,-305],[804,-1671],[601,-543],[391,-32]],[[35655,71217],[-355,-115],[-85,-440],[68,-585],[-154,-276],[-494,238],[-485,-44],[-184,-376],[-639,-474],[-320,-579]],[[33007,68566],[-460,-129],[-348,266]],[[32199,68703],[-111,690],[66,173]],[[34878,72116],[397,-186],[380,-713]],[[32199,68703],[-248,62],[-191,-430],[-682,-400],[-737,-112],[-268,397],[392,398],[82,848],[-343,909],[-57,1040]],[[31698,54398],[-107,-211],[165,-715],[204,-302],[135,-768],[-256,-1305],[-476,-416],[197,-399],[492,-498],[91,-555],[-299,-155],[-145,-439],[-110,-820],[196,-892],[8,-826],[-272,-634],[72,-188]],[[31593,45275],[-114,-802],[-1057,-509],[-483,-1053]],[[29939,42911],[-594,43],[-537,-331],[-95,-355],[-769,-293],[-583,-636],[-60,-781],[-223,-30],[-514,-399],[-482,-91],[-616,-547],[-307,-382],[-282,-728],[-363,-469],[-386,-109],[-337,164],[-487,-91],[-934,412],[-527,-180],[-216,-189],[-392,-934],[-106,-761]],[[21129,36224],[-406,936],[-233,140],[-264,504],[-84,494],[64,732],[-161,994],[-194,454],[276,213],[-134,1516],[293,872],[-76,324],[188,398],[0,465],[174,598],[299,432],[104,762],[349,152]],[[21324,46210],[299,-26],[2,-257],[273,-393],[453,124],[457,-115],[772,522],[220,603],[596,828],[-38,659],[282,417],[68,335],[383,412],[454,836],[12,402],[755,278],[383,316],[228,714],[-145,456],[42,417],[-108,371],[287,186],[350,475],[-60,630],[234,435],[127,502],[383,-155],[834,120],[-247,466],[77,1135],[479,-21],[68,-144],[580,69],[313,427],[363,-590],[310,1],[565,-558],[323,-1689]],[[22513,78740],[173,-813],[556,-1096],[154,-674],[828,-1337],[-389,-282],[530,-321],[664,-1335],[-127,-686],[200,-951],[195,-227],[245,-781],[136,-1310],[232,-576]],[[25910,68351],[-906,-257],[-316,-202],[-194,318],[-171,989],[-156,467],[-57,661],[203,229],[-549,2201],[88,697],[-232,712],[-327,494],[-18,316],[-345,744],[-837,2629]],[[22093,78349],[189,346],[231,45]],[[26764,63202],[-274,-259],[-302,-586],[-405,-366],[-278,-763],[39,-309],[-863,-817],[-154,-383],[-9,-501],[-795,-1609],[-403,-150],[-500,95],[-985,-692],[-1071,-444],[-583,305],[-268,-117]],[[19913,56606],[-414,713]],[[19499,57319],[381,1128],[18,423],[-260,2128],[-11,930],[182,345],[534,366],[314,382]],[[20657,63021],[256,697],[-247,65],[635,446],[305,451],[757,366],[264,-191],[469,23],[932,262]],[[24028,65140],[595,215],[653,365],[327,749],[458,46],[-42,377]],[[26019,66892],[747,203]],[[26766,67095],[172,-228],[-45,-563],[-277,-42],[-344,-270],[48,-1047],[444,-1743]],[[25910,68351],[502,13],[155,-158],[-235,-356],[-395,-260],[-65,-257],[147,-441]],[[24028,65140],[32,230],[-216,420],[191,123],[-110,882],[-271,640],[-441,1612],[-660,1493],[-239,329],[-110,487],[-358,958],[-680,608],[-184,978],[-165,441]],[[20817,74341],[-37,414],[325,916],[339,328],[-96,594],[107,1226],[402,69],[236,461]],[[28665,64288],[-811,-354],[-182,81],[-503,-495],[-75,-217],[-330,-101]],[[26766,67095],[447,216],[601,-235],[460,-282],[299,126],[140,-242],[593,-32],[-245,-153],[-667,154],[-1,-231],[-329,-890],[218,-780],[383,-458]],[[21324,46210],[-51,604],[-504,591],[31,662],[-327,-103],[-396,463],[-248,-4],[-263,527],[-284,341],[-575,80],[-643,-322],[-578,-687],[-383,123],[-209,-125],[-144,899],[185,833],[-302,1358]],[[16633,51450],[636,181]],[[17269,51631],[173,-234],[951,-245],[318,7],[95,-323],[263,-55],[237,680],[384,277],[633,821],[-248,604],[234,635],[-253,369],[-275,1324],[116,422],[16,693]],[[28665,64288],[541,-142],[515,9],[338,359],[708,-201],[18,-657],[-205,-524],[-820,-1574],[29,-397],[580,-637],[576,-421],[699,-1579],[663,-1258],[82,-676],[-261,-1419],[-430,-773]],[[33007,68566],[303,-1141],[39,-607],[384,-1592],[327,-219],[188,-310],[236,-1],[375,-949],[-6,-645],[187,-350],[-655,-793],[5,-597],[131,-1308],[-74,-411],[-384,-901],[-431,-2011],[-368,-775],[-791,-1201],[-377,-319],[-398,-38]],[[22513,78740],[461,48],[573,-327],[557,-121],[-13,-400],[485,-881],[64,-730],[355,-310],[135,225],[715,505],[88,252],[644,291],[331,1044],[559,308]],[[43467,60438],[-65,130]],[[43402,60568],[-236,445]],[[43166,61013],[-310,1198]],[[42856,62211],[254,152],[731,85]],[[43841,62448],[-260,-239],[-114,-1771]],[[41894,66078],[-128,964]],[[41766,67042],[-59,462],[-638,2015],[-17,286]],[[41052,69805],[410,76]],[[41462,69881],[79,-611],[155,-270],[456,-301],[-55,-824],[236,-595],[248,-128],[-150,-240],[-165,-738],[-372,-96]],[[45895,58460],[-59,153],[-586,28],[-273,470],[-372,20],[-19,503],[-450,-35],[-180,551],[-489,288]],[[43841,62448],[798,205],[-70,199],[500,214],[199,-79],[59,502],[1179,-60]],[[44803,55864],[-1361,329]],[[43442,56193],[141,700]],[[43583,56893],[-266,567],[-304,1125],[186,590],[203,1393]],[[41894,66078],[652,-2552],[310,-1315]],[[43166,61013],[-616,-415],[-169,-18],[376,-747],[-210,-141]],[[42547,59692],[-7,326],[-342,658],[-486,86],[-202,-785]],[[41510,59977],[-716,72],[-286,231],[-412,-233],[-514,323],[-320,-253],[-207,172],[-749,-418]],[[38306,59871],[159,224],[-175,1227],[310,964],[306,426],[694,1826],[-182,506],[105,150],[81,970]],[[39604,66164],[420,53],[722,614],[-187,275],[536,51],[79,-131],[592,16]],[[40786,54952],[-174,40],[-244,-436]],[[40368,54556],[-38,587],[-192,596],[119,825],[-125,325],[479,245]],[[40611,57134],[51,-768],[227,-742],[-103,-672]],[[41510,59977],[163,-280],[-106,-295],[-86,-804]],[[41481,58598],[-1429,641],[-4,219],[-496,65],[37,-493]],[[39589,59030],[-1067,495],[-216,346]],[[42547,59692],[50,-452],[-184,-597],[-345,-420],[200,-205],[-165,-570],[-676,-289],[-211,-344]],[[41216,56815],[-48,609],[428,792],[-115,382]],[[43583,56893],[-230,132],[-510,-25],[-604,-562],[-178,-314],[12,-443]],[[42073,55681],[-453,163],[-7,-267],[-348,-284]],[[41265,55293],[65,553],[-168,655],[54,314]],[[39589,59030],[567,-225],[248,-1106],[207,-565]],[[40368,54556],[-246,-121]],[[40122,54435],[-619,-95],[-179,-195],[-699,127],[-524,-718],[-83,-348],[-457,-788]],[[37561,52418],[-424,449],[258,502],[45,1003],[100,419],[-123,727],[-372,626],[-279,301],[-214,-23],[-363,334],[260,331],[352,707],[348,1037],[478,521],[679,519]],[[41265,55293],[-479,-341]],[[36909,70929],[279,-310],[215,48],[204,-318],[-158,-290],[261,-615],[355,-1215],[231,318],[404,155],[331,-167],[-27,-507]],[[39004,68028],[-22,-613],[274,-334],[129,106],[173,-546],[-123,-235],[169,-242]],[[37561,52418],[-304,-222]],[[37257,52196],[-274,-295],[-372,-15],[-706,-422],[-290,41],[-115,-374],[86,-658],[-236,-631],[212,-302],[386,-265],[-75,-707],[106,-563]],[[35979,48005],[-158,-75],[-70,-933],[-143,-368]],[[35608,46629],[-543,-148],[-183,-187],[-737,-139],[-602,-460],[-1399,-414]],[[32144,45281],[-137,204],[-414,-210]],[[35655,71217],[184,188],[259,-250],[250,32],[29,272]],[[36377,71459],[217,-481],[315,-49]],[[45965,70495],[-124,-394],[346,-1657],[-440,-334],[-110,-309],[335,-747],[28,-288],[515,-444],[380,-1195]],[[41462,69881],[38,239],[742,813],[173,37],[158,-306],[430,277],[464,633],[374,160],[354,-821],[548,-745],[495,7],[727,320]],[[51850,26882],[-445,212],[-236,-166],[-342,-875],[-291,225],[-423,-97],[-250,-203],[-37,-661],[-387,-944],[-510,-667],[-1002,798],[-357,671],[81,429],[-226,398],[-93,574],[31,1010],[-312,1250],[30,394],[-309,138],[-316,511],[-393,-146],[-714,-581],[-42,-288],[-181,403],[-538,-865],[-248,-187],[-60,-382],[-546,-324]],[[43734,27509],[-97,611],[178,1222],[-16,545],[175,568],[-92,469],[12,1875],[234,282],[112,410],[-92,1016],[-90,212]],[[44058,34719],[-66,481]],[[43992,35200],[88,1478],[-86,834],[125,261]],[[44119,37773],[727,-226],[425,-431],[73,-349],[239,-14],[193,-269],[460,28],[324,-333],[368,-106],[261,150]],[[29939,42911],[526,-559],[520,-753],[-115,-582],[184,-268],[-599,-394],[99,-146],[-474,-989],[-219,-148],[-81,-774],[249,-695]],[[30029,37603],[-2601,-87],[-4210,-3063]],[[23218,34453],[-274,245],[-707,-444],[-369,65],[-457,492],[137,262],[-152,504],[-262,157],[-5,490]],[[32144,45281],[1165,-1409],[132,-697],[278,-259],[-96,-829],[244,-678],[-155,-9],[66,-713],[245,-637],[-349,-493]],[[33674,39557],[-408,-436],[-775,-368],[-1035,-52],[-187,-492],[-906,-785],[-334,179]],[[38632,37962],[-400,-585],[-212,122],[-654,-176],[-112,243],[-1416,-213],[-315,-347],[-200,-27],[-551,-368],[-430,-45]],[[34342,36566],[-103,478],[53,818],[-536,340],[19,681],[101,143],[-202,531]],[[35608,46629],[462,-303],[47,-574],[198,-557],[558,-46],[353,243],[609,-530],[202,-574],[433,-675],[223,-939],[504,-603],[26,-300],[-267,-434],[-147,-671],[60,-597],[-238,-128],[-188,-514],[297,-751],[-108,-714]],[[37081,47494],[2276,-1010],[788,-663],[628,-718],[61,-328],[353,-229],[-24,-1515],[156,-269],[-115,-518],[-318,-692]],[[40886,41552],[64,-425],[-272,-917],[46,-299],[-144,-454],[-7,-493],[-234,-610],[-165,-39],[-397,-541],[-548,-433]],[[39229,37341],[-272,130],[-325,491]],[[35979,48005],[726,-237],[376,-274]],[[45834,46150],[-438,-647],[-389,-22],[-477,240],[-426,-24],[-323,-230],[-118,-293],[-362,43],[-121,464],[-480,-559],[32,-351],[-211,-107],[73,-462],[-483,-1372],[-305,-406],[-385,-176],[-535,-696]],[[37081,47494],[334,443],[1084,-266],[521,87],[189,172],[277,-72],[574,1048],[386,291],[209,355]],[[40655,49552],[705,343],[165,-185],[252,455],[453,464],[160,-216],[161,311]],[[42551,50724],[212,-210],[1442,-423],[340,59],[345,-363],[393,-893],[417,-164],[235,-282]],[[40950,51509],[326,-363],[407,315],[400,-204],[-103,-651],[-739,-74],[-584,-305],[-2,-675]],[[37257,52196],[1208,-1284],[991,-83],[317,555],[469,27],[558,282],[150,-184]],[[40950,51509],[403,-177],[327,259],[187,474],[-234,103],[-16,299],[285,146],[12,360]],[[41914,52973],[148,161],[-93,-612],[224,491],[203,-6],[190,471],[313,421],[169,-2]],[[43068,53897],[97,-822],[-405,-509],[-337,-823],[172,-26],[-44,-993]],[[43358,55399],[-166,-301],[-183,55],[227,-845],[-168,-411]],[[41914,52973],[-247,416],[-218,-222],[-1327,1268]],[[42073,55681],[973,225],[312,-507]],[[43442,56193],[-84,-794]],[[44058,34719],[-684,-56],[-24,492],[642,45]],[[44119,37773],[-263,59],[-191,-348],[-1131,-818],[-521,-1034],[87,-316],[-106,-418],[-9,-661],[-325,-403],[-253,-599],[-223,-21],[-638,298],[-111,242],[-315,139],[-91,655],[-151,369],[-407,161],[-191,545],[-164,101],[-149,684],[251,393],[11,540]],[[41084,73025],[-2,-646],[135,-427],[310,-140],[36,-304],[-212,-317]],[[41351,71191],[-2158,147],[-149,-370],[128,-278],[4,-1141],[89,83],[122,-562],[227,-223],[74,-354],[-210,-105],[-22,-311],[-452,-49]],[[36909,70929],[243,241],[343,88],[98,298],[453,658],[564,71],[410,649],[327,133]],[[39347,73067],[271,-114],[627,28],[619,300],[220,-256]],[[45959,72452],[-88,-396],[-245,-355],[293,-601],[46,-605]],[[41052,69805],[-49,293],[348,1093]],[[41084,73025],[296,257],[127,539],[690,347],[353,82],[323,521]],[[42873,74771],[966,-16],[739,475],[695,277]],[[45273,75507],[159,-296],[211,-852],[-172,-196],[71,-639],[-73,-593],[130,-302],[360,-177]],[[45805,76437],[-324,-737],[-208,-193]],[[42873,74771],[-329,771],[-159,-42],[-115,716],[257,48],[-17,269],[443,289],[298,-270],[446,213],[-738,1421],[372,346]],[[43331,78532],[200,193],[184,737],[-79,362]],[[43636,79824],[493,-378],[224,-323],[413,-1135],[338,-590],[321,356],[380,-1317]],[[33432,81972],[-21,-382],[-306,-548],[-122,-1313],[797,-170],[1146,-527],[380,26],[263,-441],[301,-1185],[328,-393],[220,-500],[415,97],[139,-608],[300,-372],[226,-820],[-143,-258],[-435,-51],[-389,-226],[-172,-631],[-51,-1311],[69,-900]],[[30517,80664],[271,312],[358,754],[110,455],[433,300],[283,-4],[186,577],[310,317],[297,-338],[110,-529],[557,-536]],[[39347,73067],[122,431],[398,-207],[-88,471],[208,154],[-208,664],[24,233],[-257,718],[-55,417],[-417,522],[-195,966],[16,917],[-532,798],[-182,507],[-678,220],[85,1490]],[[37588,81368],[211,154],[772,-260],[1112,33],[303,-114],[486,-383],[782,-158],[792,-455],[429,-341],[260,-557],[596,-755]],[[33432,81972],[473,376],[277,19],[328,-240],[371,223],[422,-179],[481,33],[418,-507],[232,-71],[910,161],[244,-419]],[[78984,74962],[-180,-379],[64,-826],[338,-159],[-78,-336],[247,-655],[-222,-522],[518,-379],[-42,-471],[-201,-384],[281,-1076],[1138,-302],[16,-1210],[123,-256],[-32,-1098],[-106,-433],[-229,-81],[789,-1609],[-33,-1021],[-368,-481],[20,-672],[254,-332],[-35,-300],[397,-115],[474,-694],[534,-354],[352,74],[260,-699],[229,-39],[407,-1111],[614,-262],[524,-17],[700,-589],[544,-52],[434,-363],[959,-292]],[[87674,57467],[-51,-694],[169,-886],[390,-583],[52,-475],[220,-176],[-227,-514],[-981,-1254],[-307,143],[-645,-167],[-77,-274],[283,-223],[368,-1347],[-22,-235],[-273,-250]],[[86573,50532],[-258,564],[-77,936],[-749,-624],[-302,-599],[-223,-850],[-480,423],[-709,265],[-34,312],[-521,-218],[-1065,-882],[-655,-163],[-434,-374],[-339,-61],[-155,-328],[-372,-308],[-765,232],[-375,390],[-229,14]],[[78831,49261],[-360,600],[22,447],[-124,465],[-267,-41],[-628,269],[-358,-222],[-558,2],[8,564],[163,393],[-1330,1357],[-477,557],[-617,254],[-750,600],[-489,670],[-580,568],[-1086,925],[-329,392],[147,726],[-351,521],[-18,204]],[[70849,58512],[90,588],[-252,738],[182,252],[203,862],[-314,653],[-358,57],[-255,411],[82,528],[-404,1470],[-145,702],[627,258],[409,-122],[709,678],[-119,427],[145,210]],[[71449,66224],[404,620],[725,506],[102,1135],[207,379],[-2,349],[391,540],[1113,95],[385,625],[190,1156],[681,-189],[301,318],[701,97],[211,964],[468,618],[-309,292],[195,555],[384,-35],[294,919],[240,358],[446,361]],[[78576,75887],[408,-925]],[[96775,87768],[-403,-268],[-611,105],[-405,-292],[-161,-262],[-595,-550],[-366,-797],[-261,-1148],[3,-571],[-133,-332],[-110,-753],[109,-300],[-30,-940],[-231,-356],[-341,225],[-134,272],[-617,7],[-562,149],[-128,734],[-233,132],[-190,731],[-506,567],[-453,310]],[[90417,84431],[79,588],[-626,1019],[204,1127],[725,174],[246,258],[128,1178],[273,956],[297,526],[-11,440],[226,147],[179,789],[423,240],[879,-125],[602,869],[373,196],[514,-437],[204,-788],[491,-772],[416,-326],[414,-523],[-7,-734],[-163,-532],[-49,-533],[541,-400]],[[89241,84028],[-361,-552],[19,-778],[307,-518],[424,-183],[387,-472],[131,-449],[311,-398],[620,-1097],[35,-555],[214,-554],[-82,-689],[173,-481],[20,-846],[331,-720],[76,-366],[214,-253],[960,-593],[399,-407],[-163,-828],[289,-246],[350,427],[193,-255],[-135,-317],[442,-42],[416,-473],[181,-613],[301,-283],[65,-293],[346,-644],[-106,-362],[476,-622],[157,-449]],[[96231,69117],[336,-312],[269,-432],[42,-375],[387,-743],[-1,-533],[132,-542],[-131,-1141],[-338,77],[-725,-832],[-579,-526],[-50,-207],[-568,-558],[447,-575],[106,-484],[418,-581],[-135,-1069],[-412,-426],[-288,24],[-538,-1783],[-489,-349],[408,-1624],[-56,-453],[137,-783],[-97,-258],[174,-475]],[[94680,54157],[-433,-509],[-213,75],[-1286,-119],[-413,180],[-1019,116],[-437,698],[-563,567],[-85,1154],[-303,79],[-461,314],[-460,484],[1,240],[-386,53],[-321,686],[-592,-561],[-35,-147]],[[78984,74962],[716,440],[82,275],[297,145],[268,-149],[572,37],[215,459],[512,-136],[174,-290],[275,363],[332,-63],[184,349],[284,58],[325,551],[384,346],[185,467],[295,17],[261,-184],[832,257],[732,-107],[-10,593]],[[85899,78390],[645,-48],[454,1176],[-169,361],[43,299],[488,116],[53,379],[-137,510],[26,441],[241,239],[-9,462],[-279,671],[9,1947]],[[87264,84943],[512,-138],[1465,-777]],[[85899,78390],[-58,442],[143,536],[25,550],[-382,553],[-100,746],[388,563],[165,1276],[236,474],[63,1585],[885,-172]],[[89241,84028],[155,-240],[198,534],[823,109]],[[96775,87768],[957,-418],[299,36],[158,-272],[588,-418],[444,-689],[550,-222],[-69,-962],[91,-441],[-106,-1082],[-400,-625],[-72,-832],[-107,-285],[-43,-749],[-533,-1033],[250,-440],[87,-795],[-42,-636],[-134,-576],[205,-1487],[-159,-113],[-271,-723],[141,-608],[-347,-136],[-189,-497],[207,-585],[-243,-329],[104,-609],[-553,-1719],[-471,-392],[-511,-84],[-180,-837],[-195,-93]],[[59919,43215],[184,-633],[211,-345],[372,-174],[63,-1498],[-288,-373],[-336,-919],[34,-743]],[[60159,38530],[-188,-285],[-59,-480],[-257,-342]],[[59655,37423],[-859,130],[-314,238]],[[69569,40275],[-691,621],[-444,182],[-569,429],[-221,321],[221,187],[-61,214],[-626,138],[-204,-597],[-112,156],[178,344],[-237,145],[-687,-337],[-784,286],[-452,-329],[-307,-478],[-849,-38],[-294,204],[-470,-2],[-109,563],[280,203],[770,1426],[208,1071]],[[64109,44984],[536,158],[519,-205],[458,99],[1117,-299],[386,365],[391,173],[665,-992],[321,-141],[-159,-469],[131,-179],[-126,-400],[514,-532],[44,-417],[203,-191],[205,-594],[363,-684],[-108,-401]],[[66851,37763],[216,-460],[583,-736],[164,-403],[-374,-438],[23,-298],[-285,-446],[-146,22],[-843,-1221]],[[66189,33783],[-350,-215]],[[65839,33568],[69,464],[-19,812],[-235,713],[187,571],[-218,748],[-666,462],[-346,62],[-388,868],[-387,-291],[-980,10],[-772,-362],[-344,-41],[-172,308]],[[61568,37892],[1,352],[172,365],[-140,243],[167,426],[-92,542],[239,48],[239,439],[420,99],[448,493],[287,-456],[198,-91],[411,225],[176,-165],[285,117],[729,-827],[751,-202],[558,-842],[262,-722],[172,-173]],[[73804,34633],[-523,-528],[-380,466],[-305,105],[-240,-254]],[[72356,34422],[238,590],[-91,659],[169,597],[-172,554],[156,872]],[[72656,37694],[343,219],[498,646],[-119,358],[907,671],[344,-946],[-944,-843],[85,-464],[-82,-471],[70,-866],[160,-309],[-159,-753],[45,-303]],[[68342,50571],[169,-660],[383,-498],[197,-1794],[170,-250],[571,99],[247,-308],[327,-171],[-119,-191],[310,-573],[256,249],[388,-573],[197,-688],[-74,-546]],[[71364,44667],[-352,-218],[-391,114],[-198,345],[-422,274],[190,478],[-158,272],[-582,57],[-286,578],[-252,146],[-651,83],[-490,845]],[[67772,47641],[412,-322],[428,555],[-148,967],[-632,1959],[64,366]],[[67896,51166],[446,-595]],[[70212,36396],[306,-525],[326,-157],[97,-454],[177,-117],[345,-772],[543,-156],[214,356],[136,-149]],[[73804,34633],[329,-144],[360,28],[317,-236],[428,-123],[462,143]],[[75700,34301],[365,-536],[42,-661],[118,-159],[-110,-468],[-315,-323],[-261,-581],[36,-369],[-179,-216],[154,-496]],[[71023,23310],[-317,115],[-1011,-465],[-213,-359],[34,-465],[-308,-207],[-129,513],[-319,-22],[-492,1155]],[[68268,23575],[-111,1189],[100,581],[-344,687],[47,693],[-77,546],[79,403],[-318,450],[-130,549],[158,687],[160,84],[-39,360],[243,194],[9,862],[109,612],[-142,452],[-16,495],[-177,881],[-739,485],[-891,-2]],[[66851,37763],[662,515],[12,-371],[402,122],[555,-199],[449,-596],[673,-329],[608,-509]],[[65821,48419],[666,-313],[499,36],[339,-123],[447,-378]],[[71364,44667],[554,-178],[611,-567],[-18,-552],[216,-129],[-25,-366],[205,-185],[-117,-396],[133,-101],[-5,-650],[-169,-885],[112,-615],[-362,-612],[248,-366],[-228,-1199],[137,-172]],[[70212,36396],[38,736],[201,243],[303,1085],[-412,1061],[-607,498],[-166,256]],[[68268,23575],[-1153,-826],[-155,18],[-193,-584],[-640,-611],[-173,217],[-633,-174],[-227,164],[-182,-300],[-332,62],[-439,-213]],[[64141,21328],[7,184],[-338,559],[-392,210],[-198,288],[233,332],[-200,1085],[-76,945],[183,438],[-41,542],[86,377],[-141,378],[224,478]],[[63488,27144],[34,547],[1045,1290],[136,1541],[212,354],[-167,800],[233,83],[39,419]],[[65020,32178],[275,166],[242,671],[190,45],[112,508]],[[61568,37892],[-417,-301],[-80,356],[-360,-30],[-552,613]],[[65020,32178],[-271,156],[-1234,1511],[-583,804],[-328,767],[-1601,-510],[-76,611],[-173,356],[-527,21],[35,415],[-226,270],[-381,844]],[[78831,49261],[-192,-588],[139,-500],[-202,-366],[-36,-466],[225,-485],[22,-538],[-324,-784],[-920,-247],[71,-448],[295,-434],[-417,-727],[-324,-188],[-211,-981],[-236,-173],[-103,-326],[-807,-192]],[[75811,41818],[4,198],[-310,389],[-316,-23],[-287,176],[-352,14],[-227,271],[-414,-50],[-262,451],[-362,-16],[-438,350],[406,584],[125,670],[211,243],[-41,1231],[133,154],[26,622],[-148,471],[-742,1170],[-428,-13],[-173,-283],[-325,101],[-409,775],[12,824],[-278,274],[-1117,644],[-308,-587],[-450,-131],[-679,432],[-320,-188]],[[67896,51166],[-277,202],[-171,-108],[-266,-665]],[[66785,57474],[221,-387],[553,91],[399,369],[387,74],[388,766],[512,180],[187,203],[425,20],[280,-291],[530,118],[182,-105]],[[64141,21328],[-25,-234],[-715,-979],[-483,-139],[-384,-501],[-492,-74],[-313,-298],[-165,43]],[[61564,19146],[-232,898],[-401,468],[-6,840],[-314,1161],[-66,1274],[-272,1301],[15,214],[-359,964],[-334,1681],[-1097,-60],[-543,-189],[-606,-36],[-307,-311],[-360,514],[-544,-182],[-123,315],[-453,306]],[[58538,31390],[216,-180],[120,211],[765,544],[208,563],[423,-265],[1217,-1203],[684,-371],[139,-851],[379,-669],[-283,-177],[74,-454],[344,-560],[-92,-283],[756,-551]],[[75811,41818],[-149,-416],[130,-571],[397,-376],[-175,-330],[190,-704],[-140,-1037],[-257,-312],[-228,-50],[78,-690],[276,-455],[-187,-398],[-19,-656],[176,-284],[-276,-628],[73,-610]],[[61564,19146],[-379,-692],[-419,110],[-411,399],[-375,687],[-439,251],[-204,452],[-356,-128],[-761,-1117],[252,-888],[-477,-663],[-43,-574],[444,-237],[-72,-957],[-368,-531],[-177,-954],[-20,-526],[-678,-244],[-448,334],[-243,-40],[-408,397],[-28,327],[-258,340],[-309,-354],[-117,-430],[-265,128],[-697,-461],[-58,-346],[-420,-327],[-348,-43],[-634,214],[-292,-114],[-455,798],[-606,140],[-352,-248],[-152,171],[-361,-86],[-318,176],[-564,615],[-158,-6],[-229,575],[-267,-53],[-294,-406],[-654,773],[-623,1095],[-84,324],[-328,566],[-41,396],[-235,288],[-102,380],[-177,1274],[14,382],[-434,516],[-118,692],[-217,295],[-613,257],[-199,434],[-867,354],[-122,177],[111,489],[-108,356],[225,130],[161,568],[-101,251],[-5,670],[-136,859],[-210,804],[-203,344]],[[26390,12981],[-196,-788],[-189,-229]],[[26005,11964],[-574,-376],[89,-482],[-303,-131],[-197,-335],[133,-492],[601,-569],[12,-495]],[[25766,9084],[-56,-195]],[[25710,8889],[-591,133],[-161,267],[97,330],[-668,819],[-195,-107],[-33,558],[-235,402],[-667,-16],[-227,524],[187,487],[-390,1307],[-105,846]],[[22722,14439],[427,-933],[584,167],[569,-788],[341,-86],[147,736],[562,-42],[33,-268],[558,-304],[447,60]],[[27189,9770],[-38,-324],[-301,-380],[-508,161],[-131,-272]],[[26211,8955],[-445,129]],[[26005,11964],[255,-768],[-631,-389],[233,-477],[337,43],[71,-347],[482,307],[437,-563]],[[28432,23980],[-251,-760],[61,-477],[-200,-258],[194,-1243],[-286,-383],[-67,-428],[-454,-553],[83,-821]],[[27512,19057],[-626,-36],[-372,99],[-583,-162],[-348,652],[-721,-556],[-334,-120],[-824,285],[-363,283],[-528,-66]],[[22813,19436],[584,541],[354,133],[15,366],[213,514],[99,733],[-81,755],[124,244],[-241,1180],[-192,585],[215,767],[271,466],[-313,743],[642,490],[-73,740],[-647,1631],[26,531]],[[23809,29855],[827,-12],[443,737],[350,1006],[278,-302],[634,-261],[306,-1201],[20,-489],[331,-509],[23,-1001],[385,-135],[-76,-460],[277,-343],[97,-446],[-43,-911],[307,-1169],[464,-379]],[[26390,12981],[110,387],[280,189],[37,767],[200,477],[66,543],[-56,663],[232,546]],[[27259,16553],[383,-971],[55,-1185],[224,-1133],[-23,-324],[-287,-406],[-16,-684],[-334,-696],[-135,-871],[63,-513]],[[34432,16181],[-190,-566],[107,-385],[30,-935],[-637,-874],[-242,-828],[-496,-430],[27,-603],[-122,-410],[-355,-327]],[[32554,10823],[-574,14],[-369,840],[-19,295],[-258,431],[-281,55],[-547,-220]],[[30506,12238],[-455,472],[-209,-23],[-456,649],[-665,329]],[[28721,13665],[-340,107],[-790,2841]],[[27591,16613],[81,388],[-46,1174],[132,588]],[[27758,18763],[417,-546],[1073,-245],[580,491],[403,657],[145,-365],[329,-167],[359,-532],[150,-30],[231,396],[289,-40],[371,-571],[267,123],[346,-260],[503,520],[502,-90],[438,-960],[39,-586],[232,-377]],[[34342,36566],[-247,-601],[-4,-454],[-248,-440],[171,-498],[-78,-878],[-109,-163],[36,-760],[191,-173],[-321,-714],[-363,-446],[-797,-246],[-208,-234],[97,-964],[-25,-578],[303,-528],[413,-433],[116,-432],[335,-266],[308,154],[79,-472],[165,-71],[140,-1068],[-198,-190],[162,-208],[-329,-729],[150,-624],[315,-355],[-250,-772],[-202,-1286]],[[33944,22137],[-379,-81],[-107,-318],[-373,-445],[-956,17],[-285,519],[-278,1347],[-350,20],[-195,-192],[-1019,681],[-957,432],[-613,-137]],[[23809,29855],[-135,758],[229,529],[210,1335],[-82,318],[-463,862],[17,491],[-367,305]],[[33944,22137],[87,-72],[273,-1020],[734,-258],[100,-266],[-70,-420],[168,-665],[-387,-623],[38,-684],[316,-484],[-183,-439],[-114,-784],[-474,-241]],[[27758,18763],[-246,294]],[[30506,12238],[-349,-166],[-230,-547],[-517,708],[-293,-432],[-107,-945],[1275,108],[449,-88],[-75,-359],[817,-1131],[131,71],[826,-762]],[[32433,8695],[93,-339],[-92,-1119],[-116,-266],[-608,167],[-548,-428],[-224,-51]],[[30938,6659],[-88,315]],[[30850,6974],[-67,1227],[71,115],[-303,453],[-197,504],[-343,251],[-434,40],[-214,430],[-1585,954]],[[27778,10948],[477,1102],[100,717],[95,-46],[271,944]],[[27275,9656],[997,-1099],[362,-627],[1041,104],[282,-333],[119,-360],[774,-367]],[[30938,6659],[120,-581],[-165,-380],[-63,-690],[-242,-400],[-412,-38],[-233,-218]],[[29943,4352],[-570,574],[-172,378],[-307,315],[164,835],[-672,107],[-668,278],[-576,-37],[-337,816],[-676,1152],[82,185]],[[27189,9770],[86,-114]],[[27275,9656],[152,187],[351,1105]],[[29943,4352],[-258,-1006],[3,-373],[-156,-280],[27,-467],[140,-272],[-175,-340],[-2,-519],[-389,-489],[-299,-606],[-503,159]],[[28331,159],[-319,1867],[-10,1054],[158,269],[-145,514],[-374,690],[-83,-469],[28,-1141],[-156,-315],[84,-859],[268,-1007],[309,-529]],[[28091,233],[-481,-228],[-354,92],[-1150,1501],[-38,511],[-656,1338],[-422,514],[-1193,827],[-84,113]],[[23713,4901],[461,-45],[72,160],[424,-97],[392,324],[-6,588],[-423,154],[-208,-94],[-35,827],[384,125],[294,573],[252,210],[-37,319],[427,944]],[[28331,159],[-240,74]],[[23713,4901],[-225,802],[-4,438],[-215,996],[-275,-209],[-186,479],[273,227],[91,2503],[-301,828],[-459,587],[-332,1035],[-204,1112],[39,310],[318,270],[204,647],[310,518]],[[22747,15444],[-25,-1005]],[[32554,10823],[140,-509],[-213,-608],[118,-624],[-166,-387]],[[27259,16553],[332,60]],[[22747,15444],[121,81],[160,675],[-508,1055],[-111,351],[320,591],[-172,433],[256,806]],[[94680,54157],[312,-945],[100,-624],[-101,-221],[497,-392],[606,363],[1261,122],[147,212],[897,-917],[1170,-1748],[430,-230],[-49,-470],[-359,-678],[152,-782],[-193,-658],[218,-301],[-238,-975],[70,-369],[-225,-298],[-319,-905],[-34,-436],[200,-620],[-366,-999],[67,-527],[-714,-246],[-28,-533],[-337,-614],[-847,697],[-164,432],[-875,1111],[-176,-21],[-787,-677],[-148,-49],[-513,339],[-242,277],[-1094,631],[-599,1],[-108,-691],[-650,-747],[-417,733],[-274,274],[-342,-369],[-418,-194],[-181,305],[-656,61],[-89,217],[82,721],[-347,686],[-113,650],[-583,247],[-392,570],[-320,-124],[-516,-601],[-431,411],[-115,340],[-142,1212],[17,421],[164,495],[754,1498],[-749,1310]],[[55288,62601],[452,297],[388,810],[439,-133],[476,119],[163,447],[239,28],[353,348],[1,440],[283,411],[29,667],[264,388],[378,264],[-456,725],[70,295],[303,140],[161,440],[456,279],[470,768],[-56,203],[163,455],[293,218],[544,148],[382,432],[20,457],[626,412],[340,69],[443,647],[265,788],[-129,842]],[[62648,74005],[109,115],[22,645],[115,79],[229,1397],[178,504],[718,304],[236,-204],[751,142],[365,-419],[699,-193],[516,-712],[66,-634],[365,-1102],[62,-595],[193,-444],[436,-325],[365,-120],[372,-481],[1161,-566],[800,445],[74,-651],[-224,-295],[21,-301],[404,-615],[348,-116],[-152,-479],[-39,-624],[207,-664],[-94,-562],[165,-634],[333,-676]],[[60717,82495],[-220,-965],[39,-679],[-313,-334],[248,-804],[24,-485],[191,-270],[35,-1140]],[[60721,77818],[-209,-7],[-369,-639],[-411,-175],[-567,-504],[-398,-241],[-524,-124],[-496,741],[-588,182],[-69,227]],[[57090,77278],[390,651],[24,346],[233,762],[14,420],[787,221],[236,318],[8,697],[-120,490],[-1038,1204],[218,898],[424,518],[325,617]],[[58591,84420],[537,-325],[641,-57],[335,-593],[165,-493],[-142,-170],[590,-287]],[[55931,87579],[-350,-314],[-261,-447],[755,32],[-15,-620],[159,-288],[351,-245],[212,31],[-334,-459],[-37,-400],[-392,-336],[128,-698],[-48,-280],[212,-410],[-82,-218],[44,-625],[172,-650],[-126,-929],[-442,-1067],[-175,-194],[267,-558],[-216,-411],[-106,-669]],[[55647,77824],[-1717,-218],[-331,138],[-306,867]],[[53293,78611],[189,452],[587,445],[87,429],[255,230],[138,485],[-157,420],[-47,934],[-293,1268],[-171,350],[-395,464]],[[53486,84088],[-269,444],[129,134],[159,793],[-446,472],[9,1076],[829,780],[871,-186],[162,439],[357,-9]],[[55287,88031],[644,-452]],[[57293,87184],[417,-1594],[205,64],[218,-684],[458,-550]],[[57090,77278],[-522,62],[-577,650],[-344,-166]],[[55931,87579],[527,61],[835,-456]],[[62648,74005],[-391,543],[-240,57],[240,478],[179,29],[290,778],[-176,262],[-262,29],[-128,340]],[[62160,76521],[217,806],[386,423],[26,645],[229,566],[183,824]],[[63201,79785],[268,656],[-67,428],[230,707],[-60,172],[396,-158],[69,317],[554,118],[377,-348],[812,-497],[516,110],[593,-157],[637,1131],[209,838],[293,547],[682,390]],[[68710,84039],[451,-476],[692,-445],[512,-126],[141,192],[531,215],[238,-481],[452,187],[101,203],[316,-78],[114,-946],[292,-104],[179,-317],[400,-72],[452,-319],[254,205],[387,69],[187,-431],[328,-271],[293,-771],[320,-151],[232,-720],[593,-514],[-162,-579],[83,-814],[409,-314],[763,145],[558,-203],[190,117],[280,-272],[-52,-787],[332,-294]],[[62047,82777],[242,-20],[605,-699],[256,-51],[74,-556],[-376,-1210],[353,-456]],[[62160,76521],[-448,-97],[-39,471],[-524,697],[-428,226]],[[60717,82495],[262,-83],[478,346],[590,19]],[[64322,85199],[-779,-791],[-622,-121],[-182,-210],[-713,-162],[-35,-738],[-154,-305],[210,-95]],[[60717,82495],[6,770],[300,1042],[266,80],[244,733],[450,383],[320,619]],[[62303,86122],[271,80],[701,-427],[284,119],[80,-261],[442,-139],[241,-295]],[[66541,85426],[214,49],[788,-378],[511,-655],[439,45],[217,-448]],[[64322,85199],[183,-232],[353,-93],[153,185],[120,576],[262,-365],[540,-44],[394,-198],[214,398]],[[60937,90710],[364,-386],[102,-547],[497,-141],[468,-305],[224,42],[309,-352],[-251,-391],[-160,-818],[1,-592],[-138,-437],[-50,-661]],[[57293,87184],[308,-324],[470,-29],[218,172],[-54,227],[487,945],[184,-120],[289,409],[312,-6],[170,419],[376,36],[143,913],[389,1131],[352,-247]],[[60937,90710],[396,457],[447,212],[477,69],[370,-117],[677,152],[212,459],[-271,1102],[569,464],[269,877]],[[64083,94385],[455,-210],[62,244],[607,136],[307,310],[104,394],[954,-160],[225,-392],[-580,-573],[167,-700],[844,-627],[20,-582],[169,-577],[-401,-548],[-19,-508],[-485,-821],[-2,-673],[-263,-481],[451,-653],[-140,-1067],[6,-791],[221,-55],[-244,-625]],[[50479,76842],[-562,-247],[-350,-486],[-244,-29],[-111,-759],[-326,-196],[-376,-424],[110,-397]],[[48620,74304],[-87,-279],[92,-389],[-383,-83],[-1302,139],[-256,-371],[-361,-872],[-364,3]],[[45805,76437],[122,288],[590,802],[1109,971],[204,958],[271,819]],[[48101,80275],[1726,-1587],[652,-1846]],[[49592,73914],[287,-1322],[-51,-585],[109,-482],[-97,-248],[628,-2071],[174,-161],[-52,-449],[393,-1180],[278,20],[24,-284]],[[48620,74304],[530,-433],[442,43]],[[51679,65841],[368,-42],[242,274],[292,73],[37,698],[235,750],[-10,236],[355,342],[562,1470],[-206,801],[-478,151],[-292,721],[-290,352],[116,787],[-160,816],[-121,-88],[-479,374],[-242,371],[-488,180],[-478,-62]],[[50642,74045],[128,1080],[475,976],[-44,849],[-290,592]],[[50911,77542],[118,-43],[241,452],[383,26],[483,402],[479,-373],[584,416],[94,189]],[[50642,74045],[-239,170],[-811,-301]],[[50479,76842],[53,289],[379,411]],[[48230,81250],[-129,-975]],[[43636,79824],[79,217],[591,-35],[159,601],[-109,605]],[[44356,81212],[878,-301],[810,183],[639,425],[261,514],[402,-191],[106,-590],[338,106],[440,-108]],[[48230,81250],[380,1302],[440,636],[63,514]],[[49113,83702],[506,-50],[1677,306]],[[51296,83958],[458,-794],[363,157],[407,577],[-287,655],[108,417],[245,-271],[61,-639],[835,28]],[[44356,81212],[-24,329],[202,177],[240,558],[372,200],[311,456],[-512,378],[-44,541],[145,609],[287,491],[44,575],[391,245],[256,799]],[[46024,86570],[681,-38],[263,179],[461,85],[307,-164],[690,287]],[[48426,86919],[83,-666],[224,-462],[380,-511],[93,-435],[-93,-1143]],[[51407,86252],[374,-407],[130,-446],[-312,-474],[75,-477],[-378,-490]],[[48426,86919],[42,585],[287,1438],[20,391]],[[48775,89333],[178,-521],[115,23],[63,-848],[737,-1605],[230,-270],[605,-455],[704,595]],[[49197,98233],[159,-85],[512,442],[492,166],[156,-134],[357,264]],[[50873,98886],[274,-737],[389,-411],[48,-652],[369,-506],[237,-560],[-521,-171],[-380,227],[-417,502],[-398,258],[-208,-67],[-397,471],[-646,35],[70,240],[-96,718]],[[46663,93926],[-182,844],[-1351,2836],[-323,902],[14,358],[326,164],[119,-754],[428,843],[280,-303],[152,346],[208,-113],[536,132],[177,321],[721,262]],[[47768,99764],[-173,-355],[-57,-1021],[-420,-612],[138,-490],[711,-480],[446,469],[149,358],[228,-703],[-82,-553],[-888,-554],[-81,-392],[-481,-584],[-184,-471],[-411,-450]],[[47693,95931],[0,0]],[[52395,95685],[717,-221],[-144,-230],[-457,-193],[-802,-911]],[[51709,94130],[-244,128],[-189,352],[-1005,-1220],[-175,-33],[-339,-876],[54,-703],[-682,-377],[-64,-235]],[[49065,91166],[-67,495],[-604,1066],[26,344],[550,582],[-171,53],[125,553],[279,451],[184,711],[-88,228],[267,27],[389,340],[335,-96],[-48,-1075],[-188,-511],[595,669],[909,352],[191,339],[646,-9]],[[50873,98886],[451,438],[204,-13],[166,325],[230,-125],[551,-798],[484,-264],[566,50]],[[53525,98499],[-37,-1765],[-555,70],[-110,-403],[-463,-320],[35,-396]],[[49065,91166],[431,-691],[-6,-414],[-470,-188],[65,-413],[360,-154]],[[49445,89306],[-670,27]],[[48775,89333],[-182,794]],[[48593,90127],[-1570,2853],[-360,946]],[[47768,99764],[500,235],[222,-104],[512,-807],[61,-722],[134,-133]],[[51709,94130],[-313,-390],[102,-164],[-97,-735],[-245,-614],[198,-292],[-172,-255],[-118,-684],[153,-78],[21,-417],[387,-322],[448,-159],[-19,-256]],[[52054,89764],[-112,115],[-861,-228],[-641,-246],[-995,-99]],[[52054,89764],[119,-266],[-428,-415],[76,-239],[-259,-662],[-98,-978],[-267,-588],[210,-364]],[[46024,86570],[98,525],[158,-12],[77,455],[755,249],[-58,1409],[155,339],[791,357],[350,-34],[243,269]],[[59326,95677],[-270,-482],[-40,-345],[-505,-562],[-49,-757],[-348,-341],[-351,73],[-419,-163],[-207,-613],[-519,-458],[-184,-478],[-634,-579],[-474,-603],[-263,160],[-130,-178],[-51,-628],[306,-33],[35,-807],[327,-3],[-263,-849]],[[52054,89764],[691,224],[524,-137],[739,881],[-49,374],[125,605],[204,85],[-54,907],[177,244],[25,914],[258,302],[51,489],[450,357],[838,804],[418,35],[485,-259],[753,144],[637,-57],[182,160],[818,-159]],[[59326,95677],[333,482],[804,-63],[649,258],[384,655]],[[61496,97009],[353,-408],[118,-333],[523,-252],[273,-498],[289,-299],[296,-27],[340,-242],[395,-565]],[[53525,98499],[258,252],[196,644],[692,-147],[364,123],[412,-41],[382,352],[507,-790],[724,-338],[321,178],[-41,-609],[677,-509],[303,23],[1085,-297],[282,-504],[677,83],[358,154],[774,-64]],[[20657,63021],[-204,244],[-105,476],[457,711],[-463,644],[-202,650],[6,461],[-166,597],[-164,-17],[-277,576],[-789,648],[-283,732],[-216,140],[-294,-189],[-446,-11],[-303,154],[-5,229],[-363,364],[-222,1181],[36,278]],[[16654,70889],[428,233],[904,130],[824,288],[627,103],[595,686],[83,487],[216,432],[245,874],[241,219]],[[14323,71639],[-1349,-1246],[-17,-835],[-383,-975],[131,-867],[-132,-871],[-263,-555],[764,-1346],[270,-1092],[67,-876],[-163,-1080],[384,-1110],[79,-1043],[156,-114],[-147,-374],[77,-1095]],[[13797,58160],[-312,161],[-1368,-262],[-465,-512],[-532,188],[-293,-448],[-1063,-1112],[-165,-81],[-1158,11]],[[8441,56105],[-320,2041],[-830,1159],[-352,262],[-403,1012],[42,661],[280,262],[98,710],[149,178]],[[7105,62390],[629,375],[323,-24],[220,283],[511,372],[-169,727],[252,767],[169,1279],[457,379],[297,-87],[133,244],[-180,483],[-148,884],[2,1400],[354,389],[316,-127],[424,30],[-23,447],[265,149],[399,671],[763,328],[176,501],[620,198],[179,-140],[354,65],[454,-462],[441,118]],[[13797,58160],[186,-958],[-180,-356],[126,-455],[-80,-279],[328,-548],[-177,-940],[113,-304],[334,-161],[788,166],[162,243],[279,55],[237,-172],[491,240],[436,-492],[143,-564],[74,-1009],[212,-995]],[[16633,51450],[-269,219],[-96,-886],[-539,-646],[-414,264],[-332,35],[-214,201],[-242,-360],[-376,-115],[-240,-343],[-102,-414],[98,-648],[536,-1067],[-62,-486],[-410,-623],[-785,-530],[-313,-328],[-537,-264],[-104,-173],[-1188,-551],[-615,-761],[-618,57],[-117,835],[-1578,-904],[-2099,1228],[-153,-89],[-456,308]],[[5408,45409],[38,716],[457,1528],[295,160],[217,458],[86,466],[314,314],[209,478],[260,-76],[104,262],[-12,688],[160,514],[-233,681],[31,605],[301,676],[-114,266],[300,674],[154,619],[380,431],[86,1236]],[[15052,70000],[284,-1524],[2,-404],[168,-237],[288,-47],[283,-540],[57,-452],[691,-1428],[-151,-745],[283,-1499],[311,-191],[-149,-419],[290,-1947],[-282,-299],[-77,-603],[-3,-1095],[53,-136],[609,-126],[190,-393],[370,-81],[580,139],[650,-654]],[[14323,71639],[-19,-1124],[194,-309],[400,-30],[154,-176]],[[5408,45409],[-284,-385],[-352,-65],[-604,548],[-566,-668],[-663,299],[-125,601],[-250,211],[-317,-156],[-376,88],[-375,-141],[173,1042],[-56,730],[-179,354],[13,645],[121,245],[-136,409],[64,684],[-95,371],[-496,97],[-538,667],[-74,577],[-288,311],[66,521],[279,321],[43,615],[-194,314],[346,680],[276,-11],[667,926],[-265,754],[79,1507],[-66,856],[236,309],[434,-86],[260,713],[222,258],[412,14],[317,-421],[450,412],[72,389],[584,281],[344,527],[415,245],[334,548],[-257,919],[187,807],[966,1005],[222,-87],[-3,-422],[176,-103],[246,-837],[252,-437]],[[15052,70000],[646,330],[177,246],[266,33],[339,365],[174,-85]]],"transform":{"scale":[0.000018408564474638487,0.000008956496338131579],"translate":[8.65119792854951,46.16951271342006]}}