{"type":"Topology","objects":{"municipalities":{"type":"GeometryCollection","geometries":[{"type":"Polygon","id":6702,"properties":{"id":6702,"name":"Boécourt"},"arcs":[[0,1,2,3,4]]},{"type":"Polygon","id":6703,"properties":{"id":6703,"name":"Bourrignon"},"arcs":[[5,6,-1,7,8]]},{"type":"Polygon","id":6704,"properties":{"id":6704,"name":"Châtillon (JU)"},"arcs":[[9,10,11,12,13,14]]},{"type":"Polygon","id":6705,"properties":{"id":6705,"name":"Corban"},"arcs":[[15,16,17,18,19]]},{"type":"Polygon","id":6706,"properties":{"id":6706,"name":"Courchapoix"},"arcs":[[-19,20,21]]},{"type":"Polygon","id":6708,"properties":{"id":6708,"name":"Courrendlin"},"arcs":[[22,23,24,-10,25,26,27]]},{"type":"Polygon","id":6709,"properties":{"id":6709,"name":"Courroux"},"arcs":[[28,29,30,-28,31,32]]},{"type":"Polygon","id":6710,"properties":{"id":6710,"name":"Courtételle"},"arcs":[[33,-14,34,35,36]]},{"type":"Polygon","id":6711,"properties":{"id":6711,"name":"Delémont"},"arcs":[[37,-32,-27,38,-37,39,-6,40]]},{"type":"Polygon","id":6712,"properties":{"id":6712,"name":"Develier"},"arcs":[[-40,-36,41,-2,-7]]},{"type":"Polygon","id":6713,"properties":{"id":6713,"name":"Ederswiler"},"arcs":[[42,43,44]]},{"type":"Polygon","id":6715,"properties":{"id":6715,"name":"Mervelier"},"arcs":[[45,46,-17,47]]},{"type":"Polygon","id":6716,"properties":{"id":6716,"name":"Mettembert"},"arcs":[[48,-41,49,50]]},{"type":"Polygon","id":6718,"properties":{"id":6718,"name":"Movelier"},"arcs":[[-44,51,52,-51,53]]},{"type":"Polygon","id":6719,"properties":{"id":6719,"name":"Pleigne"},"arcs":[[-45,-54,-50,-9,54,55]]},{"type":"Polygon","id":6720,"properties":{"id":6720,"name":"Rebeuvelier"},"arcs":[[56,57,-23,-31]]},{"type":"Polygon","id":6721,"properties":{"id":6721,"name":"Rossemaison"},"arcs":[[-26,-15,-34,-39]]},{"type":"Polygon","id":6722,"properties":{"id":6722,"name":"Saulcy"},"arcs":[[58,59,60,61]]},{"type":"Polygon","id":6724,"properties":{"id":6724,"name":"Soyhières"},"arcs":[[-33,-38,-49,-53,62]]},{"type":"Polygon","id":6728,"properties":{"id":6728,"name":"Vellerat"},"arcs":[[63,-11,-25]]},{"type":"Polygon","id":6729,"properties":{"id":6729,"name":"Haute-Sorne"},"arcs":[[-35,-13,64,-62,65,66,-3,-42]]},{"type":"MultiPolygon","id":6730,"properties":{"id":6730,"name":"Val Terbi"},"arcs":[[[-48,-16,67]],[[-21,-18,-47,68,-57,-30,69]]]},{"type":"Polygon","id":6741,"properties":{"id":6741,"name":"Le Bémont (JU)"},"arcs":[[70,71,72,73]]},{"type":"Polygon","id":6742,"properties":{"id":6742,"name":"Les Bois"},"arcs":[[74,75]]},{"type":"Polygon","id":6743,"properties":{"id":6743,"name":"Les Breuleux"},"arcs":[[76,77,78,79,80]]},{"type":"Polygon","id":6744,"properties":{"id":6744,"name":"La Chaux-des-Breuleux"},"arcs":[[81,-81,82,83]]},{"type":"Polygon","id":6745,"properties":{"id":6745,"name":"Les Enfers"},"arcs":[[84,85,86,87,-74,88]]},{"type":"Polygon","id":6748,"properties":{"id":6748,"name":"Les Genevez (JU)"},"arcs":[[89,90,91]]},{"type":"Polygon","id":6750,"properties":{"id":6750,"name":"Lajoux (JU)"},"arcs":[[92,-90,93,94,-60]]},{"type":"Polygon","id":6751,"properties":{"id":6751,"name":"Montfaucon"},"arcs":[[95,-94,-92,96,-71,-88,97,-86,98,99]]},{"type":"MultiPolygon","id":6753,"properties":{"id":6753,"name":"Muriaux"},"arcs":[[[100,101,-78]],[[-83,-80,102,103]]]},{"type":"Polygon","id":6754,"properties":{"id":6754,"name":"Le Noirmont"},"arcs":[[-79,-102,104,-76,105,106,-103]]},{"type":"Polygon","id":6757,"properties":{"id":6757,"name":"Saignelégier"},"arcs":[[-89,-73,107,-84,-104,-107,108,109]]},{"type":"MultiPolygon","id":6758,"properties":{"id":6758,"name":"Saint-Brais"},"arcs":[[[-87,-98]],[[-66,-61,-95,-96,110]]]},{"type":"Polygon","id":6759,"properties":{"id":6759,"name":"Soubey"},"arcs":[[-99,-85,-110,111,112]]},{"type":"Polygon","id":6771,"properties":{"id":6771,"name":"Alle"},"arcs":[[113,114,115,116,117,118]]},{"type":"Polygon","id":6773,"properties":{"id":6773,"name":"Beurnevésin"},"arcs":[[119,120,121,122]]},{"type":"Polygon","id":6774,"properties":{"id":6774,"name":"Boncourt"},"arcs":[[123,124]]},{"type":"Polygon","id":6775,"properties":{"id":6775,"name":"Bonfol"},"arcs":[[125,126,-120,127]]},{"type":"Polygon","id":6778,"properties":{"id":6778,"name":"Bure"},"arcs":[[128,129,130,131,132,133,134]]},{"type":"Polygon","id":6781,"properties":{"id":6781,"name":"Coeuve"},"arcs":[[135,-118,136,137,138,139]]},{"type":"Polygon","id":6782,"properties":{"id":6782,"name":"Cornol"},"arcs":[[140,141,-115,142]]},{"type":"Polygon","id":6783,"properties":{"id":6783,"name":"Courchavon"},"arcs":[[143,-129,144,-138]]},{"type":"Polygon","id":6784,"properties":{"id":6784,"name":"Courgenay"},"arcs":[[-142,145,146,147,-116]]},{"type":"Polygon","id":6785,"properties":{"id":6785,"name":"Courtedoux"},"arcs":[[148,149,-131,150]]},{"type":"Polygon","id":6787,"properties":{"id":6787,"name":"Damphreux"},"arcs":[[-127,151,-140,152,153,-121]]},{"type":"Polygon","id":6789,"properties":{"id":6789,"name":"Fahy"},"arcs":[[154,155,156,157,-133]]},{"type":"Polygon","id":6790,"properties":{"id":6790,"name":"Fontenais"},"arcs":[[158,159,160,-149,161,-147]]},{"type":"Polygon","id":6792,"properties":{"id":6792,"name":"Grandfontaine"},"arcs":[[-157,162,163,164]]},{"type":"Polygon","id":6793,"properties":{"id":6793,"name":"Lugnez"},"arcs":[[-122,-154,165,166]]},{"type":"Polygon","id":6800,"properties":{"id":6800,"name":"Porrentruy"},"arcs":[[-117,-148,-162,-151,-130,-144,-137]]},{"type":"Polygon","id":6803,"properties":{"id":6803,"name":"Rocourt"},"arcs":[[-163,-156,167]]},{"type":"Polygon","id":6806,"properties":{"id":6806,"name":"Vendlincourt"},"arcs":[[168,169,-119,-136,-152,-126]]},{"type":"Polygon","id":6807,"properties":{"id":6807,"name":"Basse-Allaine"},"arcs":[[-166,-153,-139,-145,-135,170,-124,171]]},{"type":"Polygon","id":6808,"properties":{"id":6808,"name":"Clos du Doubs"},"arcs":[[-4,-67,-111,-100,-113,172,-159,-146,-141,173]]},{"type":"Polygon","id":6809,"properties":{"id":6809,"name":"Haute-Ajoie"},"arcs":[[-161,174,-164,-168,-155,-132,-150]]},{"type":"Polygon","id":6810,"properties":{"id":6810,"name":"La Baroche"},"arcs":[[-55,-8,-5,-174,-143,-114,-170,175]]}]}},"arcs":[[[53803,65531],[2386,-617],[1092,-597],[51,-391]],[[57332,63926],[-835,127],[234,-846],[-319,-1173],[646,-1366]],[[57058,60668],[-459,-1280],[-1364,-1225],[-477,-1405],[-470,-480],[-674,-2293],[-751,-413],[-1961,779],[-2327,1762]],[[48575,56113],[915,1666],[527,2011],[287,-235],[1252,1642],[284,914],[-183,856]],[[51657,62967],[1105,1746],[100,814],[941,4]],[[63731,68480],[-376,-1521],[-701,-943],[55,-1286]],[[62709,64730],[-2652,194],[-2106,-485],[-619,-513]],[[53803,65531],[441,1128],[-981,4000],[-49,1314],[1217,1490],[594,190]],[[55025,73653],[519,-578],[813,102],[590,551],[833,-981],[1040,21],[759,-740],[131,-889],[984,-1317],[487,-1463],[2550,121]],[[71441,52517],[456,-6122]],[[71897,46395],[-137,-1081],[-996,-476],[112,-1038]],[[70876,43800],[-1726,18]],[[69150,43818],[-270,228]],[[68880,44046],[-453,2046],[806,1275],[-413,2196],[89,3674]],[[68909,53237],[1697,-61],[835,-659]],[[90046,61988],[263,-5372]],[[90309,56616],[-351,-694],[106,-3521]],[[90064,52401],[-3165,-728]],[[86899,51673],[-304,692],[142,1665],[-45,2197],[-225,1281],[-407,4788]],[[86060,62296],[1525,-174],[1360,271],[1101,-405]],[[86899,51673],[-1559,-777],[-572,-872],[-891,1210],[-663,3979],[857,2728],[425,3559],[899,1531]],[[85395,63031],[665,-735]],[[77416,50914],[-558,-2370],[460,-1739],[-588,-821]],[[76730,45984],[-1821,517]],[[74909,46501],[-931,2185],[127,1063],[-913,-619],[-819,-2371],[-476,-364]],[[71441,52517],[89,1538],[-206,1614]],[[71324,55669],[688,665],[85,1642],[714,255]],[[72811,58231],[152,-711],[680,-455],[518,761],[1012,-1300],[838,-114],[647,-1998],[758,-3500]],[[79814,67568],[366,-1322],[-637,-1187],[3027,-383],[375,-316]],[[82945,64360],[-1010,-1258],[-517,-2080],[-1087,-1874],[-376,-1233],[-641,129],[-832,-524],[-711,516],[258,-4053],[822,-1987]],[[78851,51996],[-1090,-431],[-345,-651]],[[72811,58231],[503,1832],[-587,469],[-258,1680],[311,1524],[-315,965],[885,2511]],[[73350,67212],[1680,543],[1882,310],[446,-956],[517,-185],[-324,999],[597,529],[390,-567],[1276,-317]],[[68612,55935],[297,-2698]],[[68880,44046],[-1222,28],[-3774,955],[322,6174],[-319,2783],[-470,935],[109,1200]],[[63526,56121],[1617,800],[467,1015]],[[65610,57936],[699,143],[16,631],[808,-287],[128,-1089],[1351,-1399]],[[72277,68987],[1146,-143],[-89,-725],[-825,-677],[841,-230]],[[71324,55669],[-764,1377],[-935,-409],[8,-513],[-1021,-189]],[[65610,57936],[271,679],[-35,1867],[-1422,963],[-149,914],[-1566,2371]],[[63731,68480],[1157,910],[1257,-531],[3214,414],[2918,-286]],[[63526,56121],[-854,-533],[-1004,-143],[-1585,1366],[-210,1100],[-2063,2549],[-752,208]],[[67574,79614],[879,-527],[1109,-202],[121,-767],[1857,-2128],[544,-339],[-138,-870]],[[71946,74781],[-1163,481],[-4289,221],[-667,1092]],[[65827,76575],[896,569],[92,818],[750,909],[9,743]],[[96990,56460],[374,-776],[616,42],[1155,-648],[-324,-1245],[-2152,-1844],[-936,-3307]],[[95723,48682],[-1183,922],[-1845,621],[-1026,2337],[-1605,-161]],[[90309,56616],[1926,964],[1153,-510],[756,-1068],[1037,-294],[1809,752]],[[70665,70457],[1323,-201],[289,-1269]],[[63731,68480],[482,1527],[-75,861]],[[64138,70868],[1192,-338],[5335,-73]],[[71946,74781],[822,-80]],[[72768,74701],[-433,-1463],[-673,-1183],[-827,-802],[-170,-796]],[[64138,70868],[71,2365],[-448,1006],[1056,236],[-250,999],[340,1030],[920,71]],[[55025,73653],[-237,1390],[600,205],[987,1028]],[[56375,76276],[1194,1044],[2275,861],[1689,2146],[1344,-426],[1051,816],[450,771],[1242,-228],[1769,291],[391,-200],[-206,-1737]],[[78851,51996],[585,-928],[387,531],[1043,-734],[895,59],[1771,-875],[282,-5311]],[[83814,44738],[-1769,-468],[-1156,-79],[-253,554],[-913,336],[-184,953],[-826,-196],[-1983,146]],[[46444,40612],[-813,121],[-720,-415]],[[44911,40318],[-797,367],[-617,-1137],[160,-1080],[-863,886],[-715,288],[191,1107],[-783,-276],[-375,-1136],[-1526,63],[-52,653]],[[39534,40053],[-228,571],[712,1084],[1280,536]],[[41298,42244],[1100,354],[859,1441],[-260,566],[1039,526],[-110,396],[843,1181],[878,661],[244,-609],[559,447],[1581,-671],[891,-963],[-753,-735],[-58,-877],[-1268,-1816],[-399,-1533]],[[72768,74701],[1750,-181],[1163,-495],[659,-2651],[1003,103],[433,-1879],[2171,-766],[-133,-1264]],[[74909,46501],[-1882,-1571],[-2151,-1130]],[[69150,43818],[-771,-1649],[-1253,-1152],[-800,-1458],[-1338,-672],[-2095,-620],[-2503,-383],[-1669,762],[-584,-426],[-2151,-89],[-1461,804],[-1217,-18],[-1260,532],[-602,-343],[-564,882],[404,790],[-2112,314],[-2730,-480]],[[41298,42244],[1062,2650],[-605,752],[204,1031],[777,443],[720,1687]],[[43456,48807],[461,257],[1017,1734],[825,906],[1865,3705],[951,704]],[[90046,61988],[1802,599],[2631,67],[753,-138],[-333,-1832],[688,-604],[745,-98],[241,-826],[804,113],[261,-1236],[-648,-1573]],[[95723,48682],[562,-453],[2210,136],[886,468],[618,-235],[-1270,-796],[-2670,-918],[-1103,-697],[-1702,-1834],[-1417,-1129],[-1899,-347],[-1158,815],[-221,562],[-2331,-101],[-2414,585]],[[82945,64360],[568,603],[1882,-1932]],[[27680,37329],[45,-1151],[-1178,-1234],[75,-848],[568,723],[782,-495],[1071,-1587],[813,-846],[742,-117],[786,-2042],[-1054,-515],[1076,-46],[-493,-782],[84,-1164],[-780,-1401]],[[30217,25824],[-139,-364]],[[30078,25460],[-596,459],[295,823],[-1457,618],[-501,945],[-1033,-740],[-1229,2160],[-711,224],[-839,-655],[-1133,2208],[-736,859],[981,1223],[-600,593],[334,1248],[2970,1820]],[[25823,37245],[1635,457],[222,-373]],[[14506,9881],[-560,-241],[-438,-2648],[-773,-1085],[-2324,-2223],[-1369,-1767],[-1906,-939],[-1217,-978],[-582,1080],[-1012,5566],[-1256,-1559],[-262,-796],[-1050,262],[-694,-214],[-914,649],[-149,932],[3234,2446],[462,1358],[940,9],[122,2166],[489,858],[220,1189],[1311,1407]],[[6778,15353],[542,226],[1462,-711],[521,216],[393,-807],[737,805],[997,-1715],[1870,-1196],[834,-1246],[372,-1044]],[[26809,16188],[-469,-1560],[-954,-1840],[-3751,-682],[-196,-1143]],[[21439,10963],[-982,252],[-667,-316],[-45,661],[-653,78],[-548,1885],[476,276],[-624,2021]],[[18396,15820],[1189,999],[-106,1512]],[[19479,18331],[2028,227],[273,1134],[1007,51],[675,-707],[247,345]],[[23709,19381],[933,1222],[360,-798],[-917,-1357],[856,-563],[437,708],[991,-603],[440,-1802]],[[28743,21726],[-434,-1511],[-1055,-2445],[-445,-1582]],[[23709,19381],[-298,875],[606,475],[-219,926],[1220,1090],[-132,718]],[[24886,23465],[674,468],[-88,-921],[1284,276],[61,-515],[1050,-972],[876,-75]],[[23441,41994],[-78,-476],[1527,63],[326,-883],[904,-291],[1536,1122],[1556,527],[789,-516],[1142,217]],[[31143,41757],[1328,34],[80,-905]],[[32551,40886],[-561,-192]],[[31990,40694],[-1390,-1130],[-2384,-2544],[-536,309]],[[25823,37245],[-616,2024],[-3044,-1759],[152,1107],[-511,182],[-491,1000],[-80,958],[789,469],[717,1094],[702,-326]],[[36121,33207],[843,-1355],[715,-332],[2322,1493],[2869,529]],[[42870,33542],[-447,-1073],[471,-877],[-816,-724],[-45,-1098],[1225,-63],[-330,-479],[929,-1775],[-2107,-845],[-100,-425],[-1497,551],[-2215,-915],[-1550,314],[-838,-1668],[-1085,-7],[-386,824],[432,466],[-501,1098],[-781,-565],[-28,1249]],[[33201,27530],[130,1116],[-219,2285],[741,1545],[875,1290],[626,-1161],[767,602]],[[44911,40318],[804,-617],[-622,-679],[651,-691],[-227,-1323],[141,-1886],[-2788,-1580]],[[36121,33207],[987,2548],[-530,437],[-36,920],[787,717],[-1039,917]],[[36290,38746],[1856,1404],[395,-814],[993,717]],[[35695,46031],[461,-1034],[226,-1649],[-711,-126],[-105,-652],[-1987,-1304],[391,-1335],[-314,-790],[481,-587],[-1265,-956],[200,-347],[1606,595],[256,-469],[735,709],[-83,1151],[395,282],[309,-773]],[[33201,27530],[-2984,-1706]],[[31990,40694],[234,-570],[907,89],[-580,673]],[[31143,41757],[174,573],[1120,1248],[967,2014],[-99,450]],[[33305,46042],[2390,-11]],[[21439,10963],[-1160,-3307],[-957,-963],[-402,230],[-913,1800],[-1255,211],[-729,-380],[-577,1887]],[[15446,10441],[721,459],[-48,1263],[-770,1506],[3047,2151]],[[19479,18331],[-198,2345],[-708,704],[45,1503],[275,401],[-420,1357],[-853,-780],[-1906,599]],[[15714,24460],[307,707],[1404,1049],[278,1813],[433,766],[1194,-21],[449,492],[1512,-2012],[1296,-231],[312,-1177],[514,-116],[1473,-2265]],[[15446,10441],[-940,-560]],[[6778,15353],[505,761],[1903,1915],[487,1000],[1835,1235],[598,1717],[708,630],[917,49],[411,1107]],[[14142,23767],[1572,693]],[[30078,25460],[-103,-995],[328,-1760],[-1560,-979]],[[14142,23767],[119,978],[649,391],[1054,1305],[-1066,1745],[-158,1146],[346,572],[326,1730],[-188,961],[263,930],[-1570,4897],[873,1210],[822,411],[1248,-225],[873,327],[669,-377],[507,1390],[1007,-233],[678,362],[1078,-191],[946,1493],[542,52]],[[23160,42641],[281,-647]],[[35695,46031],[214,556],[1816,346],[-1106,883],[164,815],[2909,1669],[1070,286],[105,1780],[1405,-705],[737,106],[269,-1664],[411,-608],[-805,-373],[572,-315]],[[23160,42641],[529,1898],[700,1686],[-363,1672],[-545,263],[5,999],[2335,557],[1109,587]],[[26930,50303],[290,-704],[932,-197],[237,-1631],[876,-57],[528,-653],[891,1171],[1273,-279],[438,-1134],[733,-135],[177,-642]],[[43413,81657],[-374,-1065],[405,-2916]],[[43444,77676],[-336,-25],[-1093,-2510],[-967,-1629]],[[41048,73512],[-796,-83],[-629,1222],[-1444,-67],[-1224,219]],[[36955,74803],[-199,2081],[-606,1637],[-98,1949]],[[36052,80470],[1145,1425],[1333,1203],[732,223]],[[39262,83321],[717,-553],[273,-1161],[2243,490],[918,-440]],[[44352,96196],[-1315,-535],[-1324,-139],[-687,-1873],[-1055,-628]],[[39971,93021],[-1194,1684]],[[38777,94705],[-347,306],[-703,2411]],[[37727,97422],[631,456],[1621,1941],[1403,-422],[2029,-1693],[941,-1508]],[[27283,98100],[-1382,-2685],[-799,12],[-328,-1850],[-574,-716],[198,-1008],[-1670,-254],[-549,-2155]],[[22179,89444],[-1199,-129],[161,1364],[-616,509],[-276,892],[290,1406],[-22,1718],[-361,1388],[465,888],[1625,1312],[2220,1075],[1064,132],[396,-818],[1255,-655],[102,-426]],[[47066,88681],[-2198,-498],[-1478,-656],[-1313,-19],[-598,314],[-1063,-316],[-366,677],[-1384,992]],[[38666,89175],[643,3097],[767,-84],[-105,833]],[[44352,96196],[1392,-403],[2342,525],[2083,759],[172,-615],[-1597,-991],[-849,-2993],[-1000,-2679],[171,-1118]],[[25313,83317],[561,-3893]],[[25874,79424],[-391,-308]],[[25483,79116],[-2981,-1413],[-298,-1324]],[[22204,76379],[-1299,-837],[-1762,-1]],[[19143,75541],[-303,1714],[-915,2326],[-234,-162],[-632,1210]],[[17059,80629],[359,570],[568,2641],[1552,547],[1054,-376],[849,472],[902,1248],[-560,816],[498,1448]],[[22281,87995],[2048,-1235],[996,-1709],[348,-1375],[-360,-359]],[[38499,88632],[-72,-692],[708,-39],[165,-2012],[-252,-1581],[214,-987]],[[36052,80470],[-1513,131],[-803,1273],[-975,-293],[-991,510]],[[31770,82091],[126,1234],[-209,1371]],[[31687,84696],[-1,432],[893,1048],[-811,2047],[25,605]],[[31793,88828],[1679,707],[1352,126],[3174,-691],[501,-338]],[[46789,66424],[-1521,-808]],[[45268,65616],[-1589,2947],[-409,1670],[-633,374],[-978,1515],[364,119],[-975,1271]],[[43444,77676],[1160,-300],[1435,-1411],[660,-1309],[1104,-3595],[-327,-853],[755,-2628],[-1442,-1156]],[[31770,82091],[-556,-576],[426,-745],[-516,-656],[-12,-761],[-1035,-350],[-768,305],[-1779,-1385],[-1348,532],[-308,969]],[[25313,83317],[1034,-424],[1457,1027],[2429,-50],[1454,826]],[[45268,65616],[-1195,-1010],[-1153,-242],[-952,389],[-322,-459],[-1176,-96],[-580,-402],[-701,848],[-231,-1006],[-2465,-148],[223,-469],[-1304,-941],[-1250,-181]],[[34162,61899],[835,1576],[102,975],[511,725],[-497,933],[-146,1666],[411,814],[-560,157],[440,1556],[343,266],[-395,2838]],[[35206,73405],[349,650],[1400,748]],[[30008,70821],[-2375,-695],[-1415,-1039]],[[26218,69087],[-41,1123],[-754,485],[-828,2359],[-858,1282],[-1156,1118],[-377,925]],[[25483,79116],[476,-1631],[710,-1549],[1332,-61],[630,-728],[-152,-566],[1529,-3760]],[[38666,89175],[-167,-543]],[[31793,88828],[-412,1523],[1066,1087]],[[32447,91438],[3225,854],[1460,1653],[1645,760]],[[19143,75541],[-1571,-1869],[-409,-1587]],[[17163,72085],[-964,-59]],[[16199,72026],[-774,-609],[-275,524],[-1099,-155],[-487,583]],[[13564,72369],[431,2699],[-161,4028],[-187,970],[2152,387],[438,-380],[822,556]],[[34162,61899],[-1098,-83],[-1293,292],[-464,531],[-1314,-678],[-737,69],[-2437,-571]],[[26819,61459],[-42,465],[-1805,223],[-348,727],[-775,-26]],[[23849,62848],[841,2668],[119,2536],[404,646],[1005,389]],[[30008,70821],[1155,-48],[716,1078],[757,322],[-34,585],[1035,-32],[1569,679]],[[16199,72026],[-22,-1454],[-391,-436],[19,-2135],[-866,-453],[-223,-2219],[1008,-1956],[232,-1135]],[[15956,62238],[-304,796],[-1256,-710],[-309,768],[-194,2019],[-1721,-213],[-1161,548],[-1235,-550],[-872,821]],[[8904,65717],[943,916],[-335,2827],[822,333],[332,1660],[-586,402],[813,521],[727,-182],[1944,175]],[[32447,91438],[123,4023]],[[32570,95461],[697,271],[1645,1615],[1213,-146],[1602,221]],[[17163,72085],[147,-2890],[1138,-1579],[-830,-4438],[-1662,-940]],[[47066,88681],[-79,-1706],[-747,-3303],[-347,-849]],[[45893,82823],[-982,-665],[-1093,73],[-405,-574]],[[22281,87995],[-102,1449]],[[27283,98100],[1091,188],[910,-840],[1268,3],[1524,-832],[494,-1158]],[[26930,50303],[1573,-477],[1522,2169],[-459,259],[169,896],[640,396],[347,1088],[-746,732],[-887,253],[372,1256],[-419,2664],[-873,833],[-1234,-125],[-116,1212]],[[46789,66424],[354,-1407],[775,345],[125,-1370],[1211,450],[1059,-743],[788,270],[556,-1002]],[[23849,62848],[-868,-1479],[-1411,-1162],[-1800,16],[-1208,-1029],[-505,265],[-748,-482],[-1742,-78],[-215,268],[-1347,-625],[-1223,239],[-1120,-793],[-894,4],[-381,528],[-1948,544],[-850,-224],[-178,-627],[-1355,-1013],[-690,-106],[-116,1413],[568,1261],[251,1447],[-164,1737],[1661,1916],[-86,489],[1424,360]],[[45893,82823],[1366,-423],[1680,-905],[546,-941],[1405,-152],[2695,1381],[889,-208],[927,-1471],[109,-1586],[849,-622],[16,-1620]]],"transform":{"scale":[0.000007170801690614081,0.0000035377550233968987],"translate":[6.84132930569611,47.15044358668143]}}