{"type":"Topology","objects":{"municipalities":{"type":"GeometryCollection","geometries":[{"type":"Polygon","id":1001,"properties":{"id":1001,"name":"Doppleschwand"},"arcs":[[0,1,2,3]]},{"type":"MultiPolygon","id":1002,"properties":{"id":1002,"name":"Entlebuch"},"arcs":[[[4,5,6]],[[7,8,9,-4,10,11]]]},{"type":"Polygon","id":1004,"properties":{"id":1004,"name":"Flühli"},"arcs":[[12,13,14,15]]},{"type":"Polygon","id":1005,"properties":{"id":1005,"name":"Hasle (LU)"},"arcs":[[-10,16,-13,17,-7,18,-1]]},{"type":"Polygon","id":1007,"properties":{"id":1007,"name":"Romoos"},"arcs":[[-2,-19,-6,19,20,21,22,23,24]]},{"type":"Polygon","id":1008,"properties":{"id":1008,"name":"Schüpfheim"},"arcs":[[-18,-16,25,-20,-5]]},{"type":"Polygon","id":1009,"properties":{"id":1009,"name":"Werthenstein"},"arcs":[[26,27,-12,28]]},{"type":"Polygon","id":1010,"properties":{"id":1010,"name":"Escholzmatt-Marbach"},"arcs":[[-26,-15,29,-21]]},{"type":"Polygon","id":1021,"properties":{"id":1021,"name":"Aesch (LU)"},"arcs":[[30,31,32,33,34,35]]},{"type":"Polygon","id":1022,"properties":{"id":1022,"name":"Altwis"},"arcs":[[36,37,38,-33]]},{"type":"Polygon","id":1023,"properties":{"id":1023,"name":"Ballwil"},"arcs":[[39,40,41,42,43]]},{"type":"Polygon","id":1024,"properties":{"id":1024,"name":"Emmen"},"arcs":[[44,45,46,47,48,49]]},{"type":"Polygon","id":1025,"properties":{"id":1025,"name":"Ermensee"},"arcs":[[50,51,52,53,-38]]},{"type":"Polygon","id":1026,"properties":{"id":1026,"name":"Eschenbach (LU)"},"arcs":[[54,55,-50,56,57,58,-42]]},{"type":"MultiPolygon","id":1030,"properties":{"id":1030,"name":"Hitzkirch"},"arcs":[[[-34,-39,-54,59,60]],[[61,62,63,-51,-37,-32,64,65]]]},{"type":"Polygon","id":1031,"properties":{"id":1031,"name":"Hochdorf"},"arcs":[[-43,-59,66,67,68,69]]},{"type":"Polygon","id":1032,"properties":{"id":1032,"name":"Hohenrain"},"arcs":[[-44,-70,70,-62,71]]},{"type":"Polygon","id":1033,"properties":{"id":1033,"name":"Inwil"},"arcs":[[72,73,74,75,-55,-41,76]]},{"type":"Polygon","id":1037,"properties":{"id":1037,"name":"Rain"},"arcs":[[-67,-58,77,78,79,80]]},{"type":"Polygon","id":1039,"properties":{"id":1039,"name":"Römerswil"},"arcs":[[-64,81,-68,-81,82,83,-52]]},{"type":"Polygon","id":1040,"properties":{"id":1040,"name":"Rothenburg"},"arcs":[[-57,-49,84,-78]]},{"type":"Polygon","id":1041,"properties":{"id":1041,"name":"Schongau"},"arcs":[[-65,-31,85]]},{"type":"Polygon","id":1051,"properties":{"id":1051,"name":"Adligenswil"},"arcs":[[86,87,88,89,90,91]]},{"type":"Polygon","id":1052,"properties":{"id":1052,"name":"Buchrain"},"arcs":[[92,93,94,-45,-56,-76]]},{"type":"Polygon","id":1053,"properties":{"id":1053,"name":"Dierikon"},"arcs":[[95,-92,96,-94,97]]},{"type":"Polygon","id":1054,"properties":{"id":1054,"name":"Ebikon"},"arcs":[[-91,98,-46,-95,-97]]},{"type":"Polygon","id":1055,"properties":{"id":1055,"name":"Gisikon"},"arcs":[[99,-74,100]]},{"type":"Polygon","id":1056,"properties":{"id":1056,"name":"Greppen"},"arcs":[[101,102,103]]},{"type":"Polygon","id":1057,"properties":{"id":1057,"name":"Honau"},"arcs":[[104,-101,-73,105]]},{"type":"Polygon","id":1058,"properties":{"id":1058,"name":"Horw"},"arcs":[[106,107,108,109]]},{"type":"Polygon","id":1059,"properties":{"id":1059,"name":"Kriens"},"arcs":[[-108,110,111,112,113]]},{"type":"MultiPolygon","id":1061,"properties":{"id":1061,"name":"Luzern"},"arcs":[[[114,115]],[[-99,-90,116,117,-109,-114,118,119,-47]]]},{"type":"Polygon","id":1062,"properties":{"id":1062,"name":"Malters"},"arcs":[[-113,120,-28,121,122,-119]]},{"type":"Polygon","id":1063,"properties":{"id":1063,"name":"Meggen"},"arcs":[[123,124,-117,-89]]},{"type":"Polygon","id":1064,"properties":{"id":1064,"name":"Meierskappel"},"arcs":[[125,126,127,128,129]]},{"type":"Polygon","id":1065,"properties":{"id":1065,"name":"Root"},"arcs":[[130,-129,131,-98,-93,-75,-100,-105]]},{"type":"Polygon","id":1066,"properties":{"id":1066,"name":"Schwarzenberg"},"arcs":[[132,-8,-121,-112]]},{"type":"Polygon","id":1067,"properties":{"id":1067,"name":"Udligenswil"},"arcs":[[133,-87,-96,-132,-128]]},{"type":"Polygon","id":1068,"properties":{"id":1068,"name":"Vitznau"},"arcs":[[134,135,136]]},{"type":"Polygon","id":1069,"properties":{"id":1069,"name":"Weggis"},"arcs":[[-136,137,-102,138]]},{"type":"Polygon","id":1081,"properties":{"id":1081,"name":"Beromünster"},"arcs":[[-60,-53,-84,139,140,141,142,143,144,145,146]]},{"type":"Polygon","id":1082,"properties":{"id":1082,"name":"Büron"},"arcs":[[147,148,149,150]]},{"type":"Polygon","id":1083,"properties":{"id":1083,"name":"Buttisholz"},"arcs":[[151,152,153,154,155]]},{"type":"Polygon","id":1084,"properties":{"id":1084,"name":"Eich"},"arcs":[[156,157,158,-142]]},{"type":"Polygon","id":1085,"properties":{"id":1085,"name":"Geuensee"},"arcs":[[159,-144,160,161,162,-148,163]]},{"type":"Polygon","id":1086,"properties":{"id":1086,"name":"Grosswangen"},"arcs":[[164,-155,165,166,167,168]]},{"type":"Polygon","id":1088,"properties":{"id":1088,"name":"Hildisrieden"},"arcs":[[-80,169,170,-140,-83]]},{"type":"Polygon","id":1089,"properties":{"id":1089,"name":"Knutwil"},"arcs":[[-163,171,172,173,174,-149]]},{"type":"Polygon","id":1091,"properties":{"id":1091,"name":"Mauensee"},"arcs":[[175,176,-169,177,178,179,-173]]},{"type":"Polygon","id":1093,"properties":{"id":1093,"name":"Neuenkirch"},"arcs":[[-79,-85,-48,-120,-123,180,181,182,183,-170]]},{"type":"Polygon","id":1094,"properties":{"id":1094,"name":"Nottwil"},"arcs":[[-182,184,-152,185,186]]},{"type":"Polygon","id":1095,"properties":{"id":1095,"name":"Oberkirch"},"arcs":[[187,-186,-156,-165,-177,188]]},{"type":"Polygon","id":1097,"properties":{"id":1097,"name":"Rickenbach (LU)"},"arcs":[[-145,-160,189,190]]},{"type":"Polygon","id":1098,"properties":{"id":1098,"name":"Ruswil"},"arcs":[[-181,-122,-27,191,192,-153,-185]]},{"type":"Polygon","id":1099,"properties":{"id":1099,"name":"Schenkon"},"arcs":[[-143,-159,193,194,-161]]},{"type":"Polygon","id":1100,"properties":{"id":1100,"name":"Schlierbach"},"arcs":[[-190,-164,-151,195,196]]},{"type":"Polygon","id":1102,"properties":{"id":1102,"name":"Sempach"},"arcs":[[-171,-184,197,-157,-141]]},{"type":"Polygon","id":1103,"properties":{"id":1103,"name":"Sursee"},"arcs":[[-195,198,-189,-176,-172,-162]]},{"type":"Polygon","id":1104,"properties":{"id":1104,"name":"Triengen"},"arcs":[[-196,-150,-175,199,200,201]]},{"type":"Polygon","id":1107,"properties":{"id":1107,"name":"Wolhusen"},"arcs":[[-192,-29,-11,-3,-25,202]]},{"type":"Polygon","id":1121,"properties":{"id":1121,"name":"Alberswil"},"arcs":[[203,204,205,206]]},{"type":"Polygon","id":1122,"properties":{"id":1122,"name":"Altbüron"},"arcs":[[207,208,209,210,211,212]]},{"type":"Polygon","id":1123,"properties":{"id":1123,"name":"Altishofen"},"arcs":[[213,214,215,216]]},{"type":"Polygon","id":1125,"properties":{"id":1125,"name":"Dagmersellen"},"arcs":[[-200,-174,-180,217,218,219,-217,220]]},{"type":"MultiPolygon","id":1126,"properties":{"id":1126,"name":"Ebersecken"},"arcs":[[[221,222,223,224]],[[-215,225,226,227,228,229,-210,230,231]]]},{"type":"Polygon","id":1127,"properties":{"id":1127,"name":"Egolzwil"},"arcs":[[232,233,234,-219]]},{"type":"Polygon","id":1128,"properties":{"id":1128,"name":"Ettiswil"},"arcs":[[-168,235,-204,236,237,-178]]},{"type":"Polygon","id":1129,"properties":{"id":1129,"name":"Fischbach"},"arcs":[[238,-223,239,240,241,242,-229]]},{"type":"Polygon","id":1130,"properties":{"id":1130,"name":"Gettnau"},"arcs":[[-206,243,244,245]]},{"type":"MultiPolygon","id":1131,"properties":{"id":1131,"name":"Grossdietwil"},"arcs":[[[-224,-239,-228,246]],[[-243,247,-211,-230]],[[-231,-209,248,249,250]]]},{"type":"Polygon","id":1132,"properties":{"id":1132,"name":"Hergiswil bei Willisau"},"arcs":[[251,-23,252,253,254]]},{"type":"Polygon","id":1135,"properties":{"id":1135,"name":"Luthern"},"arcs":[[255,-254,256,257]]},{"type":"Polygon","id":1136,"properties":{"id":1136,"name":"Menznau"},"arcs":[[-154,-193,-203,-24,-252,258,-166]]},{"type":"Polygon","id":1137,"properties":{"id":1137,"name":"Nebikon"},"arcs":[[-235,259,-226,-214,-220]]},{"type":"Polygon","id":1139,"properties":{"id":1139,"name":"Pfaffnau"},"arcs":[[260,-250,261,-213,262]]},{"type":"Polygon","id":1140,"properties":{"id":1140,"name":"Reiden"},"arcs":[[263,-201,-221,-216,-232,-251,-261,264,265]]},{"type":"Polygon","id":1142,"properties":{"id":1142,"name":"Roggliswil"},"arcs":[[-249,-208,-262]]},{"type":"Polygon","id":1143,"properties":{"id":1143,"name":"Schötz"},"arcs":[[-234,266,-237,-207,-246,267,-225,-247,-227,-260]]},{"type":"Polygon","id":1145,"properties":{"id":1145,"name":"Ufhusen"},"arcs":[[268,-258,269,-241,270]]},{"type":"Polygon","id":1146,"properties":{"id":1146,"name":"Wauwil"},"arcs":[[-179,-238,-267,-233,-218]]},{"type":"Polygon","id":1147,"properties":{"id":1147,"name":"Wikon"},"arcs":[[-266,271]]},{"type":"Polygon","id":1150,"properties":{"id":1150,"name":"Zell (LU)"},"arcs":[[-245,272,-271,-240,-222,-268]]},{"type":"Polygon","id":1151,"properties":{"id":1151,"name":"Willisau"},"arcs":[[-236,-167,-259,-255,-256,-269,-273,-244,-205]]},{"type":"Polygon","id":9157,"properties":{"id":9157,"name":"Baldeggersee"},"arcs":[[-71,-69,-82,-63]]},{"type":"Polygon","id":9163,"properties":{"id":9163,"name":"Sempachersee"},"arcs":[[-194,-158,-198,-183,-187,-188,-199]]},{"type":"Polygon","id":9173,"properties":{"id":9173,"name":"Hallwilersee (LU)"},"arcs":[[-61,-147,273,-35]]},{"type":"Polygon","id":9176,"properties":{"id":9176,"name":"Zugersee (LU)"},"arcs":[[-126,274]]},{"type":"Polygon","id":9180,"properties":{"id":9180,"name":"Vierwaldstättersee (LU)"},"arcs":[[-138,-135,275,-116,276,-110,-118,-125,277,-103]]}]}},"arcs":[[[32933,43043],[-578,266],[-1602,-76],[-1448,589]],[[29305,43822],[-455,2444],[549,576],[574,1260],[1441,447],[1159,1020]],[[32573,49569],[1362,744]],[[33935,50313],[33,-2906],[-1089,-2346],[68,-1106],[562,-110],[-576,-802]],[[27507,39364],[-1199,-696],[-735,1527]],[[25573,40195],[990,453]],[[26563,40648],[568,-341],[376,-943]],[[43152,46464],[-222,-319],[615,-1066],[1159,-213],[747,-499],[-615,-1855],[86,-1124],[361,-811],[-88,-1000],[511,-1343],[1327,-204],[284,-696],[772,-532]],[[48089,36802],[-1038,-840],[-728,-256],[134,-977],[2037,-2620],[-1154,-1174],[-472,-113],[-1555,-1127],[-724,-793],[-532,-124],[-1814,-2514],[-1657,-3254],[-549,409],[-160,682],[315,1922],[-1071,138],[-962,598],[-1321,-1142]],[[36838,25617],[-1052,626],[625,1461],[1443,885],[738,135],[879,625],[1596,620],[816,45],[2266,2640],[-490,1093],[-650,509],[-251,1179],[-1106,983],[-1994,463],[-2029,929],[-1747,-40],[-1413,697],[-1383,2465],[-216,881],[63,1230]],[[33935,50313],[64,166]],[[33999,50479],[1552,-680],[252,808],[1296,-28],[494,225],[1640,-817],[691,-876],[1455,361],[311,-1957],[-582,-763],[46,-1512],[1076,840],[922,384]],[[33342,26283],[570,-645],[-240,-384],[492,-1502],[307,-164]],[[34471,23588],[-22,-941],[-387,-606],[568,-1225],[94,-1495],[-314,-1044],[-527,-309],[221,-774],[-232,-667],[-1252,-327],[209,-879],[-392,-749],[-898,-843],[-664,-205],[-486,-1482],[810,-954],[-143,-440],[700,-825],[1907,-3350],[-86,-1000],[-1322,-826],[183,-1134],[-1354,-1136],[-1171,91],[-1143,516],[-1566,-227],[-2378,-1018],[-1031,-301],[-1949,-1438],[-1596,653],[-743,1247],[-1250,939],[-656,214],[-687,1829]],[[16914,4882],[685,647],[-424,697],[308,621],[-1029,796],[101,593],[1379,3399],[726,738],[554,142],[958,1714],[-448,417],[64,863],[-601,1119],[-392,1451],[-1140,-383],[755,1049],[-543,952],[29,500],[-1189,931],[586,658],[562,-307],[491,959],[551,347],[92,693],[769,188],[1125,1661],[2191,1356],[-57,591],[2097,211],[1262,422]],[[26376,27907],[-106,-395],[673,-276],[771,676],[849,249],[757,-664],[1005,-332],[322,209],[1647,-504],[-17,-356],[1065,-231]],[[36838,25617],[-453,-1265],[-708,-455],[-1206,-309]],[[33342,26283],[192,503],[1035,832],[-820,966],[-30,2541],[-1009,-733],[-366,37],[256,894],[-1848,31],[-226,751],[622,1292],[-769,848],[125,1017],[615,1524],[-835,1100],[-1352,790],[-797,964],[-628,-276]],[[26563,40648],[479,714],[1422,587],[607,558],[234,1315]],[[25573,40195],[-1323,-940],[-1088,-45],[-1204,-641],[-1268,-123],[-556,-410],[-1384,302],[-559,435]],[[18191,38773],[66,376],[-1136,1139]],[[17121,40288],[-421,1149],[-179,1273],[551,563],[608,1331],[-662,517]],[[17018,45121],[-501,1083],[282,1508],[1035,661],[1233,1240],[522,167]],[[19589,49780],[838,-141],[1595,201],[1626,-651],[817,126],[2018,-382],[780,434],[943,1205],[782,348]],[[28988,50920],[1301,130],[2284,-1481]],[[26376,27907],[32,1320],[-541,-33],[-676,-586],[-1337,-701],[92,674],[-870,1091],[-325,1559],[-564,285],[-145,823],[-953,-395],[-1144,121],[-1405,1484],[-1317,1815],[478,727],[1173,383],[-676,608],[-764,98],[-715,469],[-388,805],[271,712],[753,-500],[836,107]],[[36967,54401],[1124,-89],[587,399],[700,-40],[767,-1112],[513,387],[571,-835],[748,-451],[1849,-249]],[[43826,52411],[1409,-617],[989,-176],[-1070,-2453],[-1223,-1887],[-779,-814]],[[33999,50479],[183,1316],[-550,1584],[697,1821],[544,-39],[732,-655],[1362,-105]],[[16914,4882],[-627,1033],[-3593,2888],[-3963,2146],[-2728,1184],[-989,1323],[-446,1451],[-15,1454],[336,1059],[-745,422],[-18,609],[-1053,388],[123,776],[-279,1060],[354,867],[1335,341],[798,506],[-5,539],[1419,2198],[87,693],[-491,702],[-680,75],[-1220,673],[915,2080],[390,344],[3236,1523],[1498,-410],[1079,381],[828,1377],[107,951],[1104,300],[395,478],[81,2170],[1151,594],[885,789],[-311,1629],[1249,813]],[[59948,97092],[204,-59],[1020,-2933],[706,-513],[1324,-102]],[[63202,93485],[-750,-360],[19,-553]],[[62471,92572],[-952,14],[-2232,-743]],[[59287,91843],[-615,-198],[-780,483]],[[57892,92128],[222,665],[-348,337],[326,1261],[516,698],[-241,1196],[-516,953]],[[57851,97238],[2097,-146]],[[62471,92572],[340,-468],[72,-1005],[678,-1262],[-1055,-531],[-840,-84]],[[61666,89222],[-231,278],[-1076,16],[-910,1105]],[[59449,90621],[-162,1222]],[[77062,73856],[453,-207],[107,-1216]],[[77622,72433],[-301,-531],[161,-1403],[-3670,-1233]],[[73812,69266],[-1032,738],[-285,1464],[-810,145],[-54,685],[-1033,-362]],[[70598,71936],[-730,1527],[-106,1098],[317,276]],[[70079,74837],[2047,482],[267,-495],[1549,55],[1076,-666],[813,383],[429,-748],[802,8]],[[74105,65625],[-548,-822],[443,-666],[-588,-1118],[513,-181],[-1463,-1123]],[[72462,61715],[-565,-823],[-892,-784],[-629,-187],[-3336,-2684]],[[67040,57237],[-1159,-127],[-1000,940],[-702,-35],[-1282,-1412],[-303,693],[-578,185],[-554,-508],[-1397,241],[516,886],[-569,470],[-401,-219],[-1292,911],[-618,968]],[[57701,60230],[-29,650],[-473,557],[1485,552]],[[58684,61989],[672,-763],[532,67],[1124,-707],[1375,194],[1572,1058],[962,423],[501,-84],[449,589],[1540,493],[94,524],[1072,-57],[361,878],[411,-223],[748,358]],[[70097,64739],[668,63],[526,713],[1361,214],[419,-438],[1034,334]],[[61666,89222],[284,-545],[-782,-373],[233,-594],[-1280,-683],[-327,-871],[-428,-74],[-2,-903],[-1657,-289]],[[57707,84890],[-398,478]],[[57309,85368],[-908,2489],[256,1081],[-194,678]],[[56463,89616],[2986,1005]],[[73812,69266],[535,-780],[-1063,-537],[1075,-797],[34,-557],[939,69],[369,-664]],[[75701,66000],[-1041,-427],[-555,52]],[[70097,64739],[-336,707],[238,389],[-843,551],[-991,3],[-1395,-794],[-1027,335],[838,1735]],[[66581,67665],[-1103,986],[530,753],[1062,543],[387,967],[-762,-203],[34,851]],[[66729,71562],[723,195],[948,-134],[599,400],[169,-517],[1430,430]],[[56463,89616],[233,981],[-463,615],[-51,712],[844,628]],[[57026,92552],[368,-576],[498,152]],[[71197,87539],[-906,-323],[-789,105],[230,-781],[-1311,71],[-398,-682],[-1054,-390],[197,-457],[-821,-522],[464,-646],[-480,-885],[-947,-132],[-1408,-530]],[[63974,82367],[-720,2934],[-672,849],[-2163,108],[126,-950],[-398,-681],[1267,-1697],[744,-1563]],[[62158,81367],[-901,-267],[-451,-523],[-1150,-568],[66,666],[-769,1779],[498,822],[-479,1432],[-963,-728],[-302,910]],[[63202,93485],[1744,-492],[1384,-739],[1999,1552]],[[68329,93806],[785,-631],[1522,-2442],[-119,-643],[680,-2551]],[[66729,71562],[-532,-400],[-235,-755],[-412,224],[148,980]],[[65698,71611],[858,2118],[-1106,278],[-418,1596],[1046,491],[-479,1658],[-654,544],[-554,901]],[[64391,79197],[547,100],[107,859],[-553,1473]],[[64492,81629],[853,256],[173,-1017],[523,100],[49,-669],[1102,-220],[189,-823],[818,-491],[354,-2153],[379,114],[609,-1509],[538,-380]],[[64492,81629],[-518,738]],[[71197,87539],[348,-432],[-220,-1071],[898,-223],[691,-2378],[53,-1038],[1141,-1643],[24,-1967],[1179,-1643],[5,-492],[1745,-2103],[1,-693]],[[83975,70797],[-834,-860]],[[83141,69937],[-550,-1802]],[[82591,68135],[-880,-131],[-731,-527],[-1106,62],[-105,-452],[-1179,133],[-1523,-451],[-463,-449]],[[76604,66320],[-903,-320]],[[77622,72433],[1885,-577],[154,-708],[2063,73],[1153,-376],[1098,-48]],[[66581,67665],[-972,-268],[-414,-435],[-1030,-158],[-672,614],[-1097,-178],[-1589,103],[-733,609],[-685,152]],[[59389,68104],[-633,350],[-607,836],[179,552]],[[58328,69842],[339,-149],[1375,256],[109,494],[721,380],[-238,651],[541,515]],[[61175,71989],[940,-98],[452,408],[39,843],[734,-46],[1522,-1372],[836,-113]],[[62158,81367],[876,-1559],[620,-323],[516,-831],[221,543]],[[61175,71989],[342,399],[-566,1591],[40,609],[-725,-20],[-777,648],[-701,77]],[[58788,75293],[-462,1616],[243,516],[-141,1647],[-433,522],[381,590],[-730,422],[-338,1677],[-2,1375],[-590,1461],[593,249]],[[58684,61989],[-627,661],[195,1055],[898,2231],[-765,307],[940,833],[64,1028]],[[59948,97092],[-199,712],[512,947],[602,71],[306,991],[1172,186],[448,-908],[1333,155],[287,-531],[903,283],[1252,-574],[1052,-1138],[907,-358],[-813,-1065],[199,-1336],[420,-721]],[[79895,60768],[684,44],[893,-1387],[953,-326],[-776,-575],[-19,-797]],[[81630,57727],[38,-510]],[[81668,57217],[-250,58],[-2800,-1176],[-1720,-1059]],[[76898,55040],[-845,1095],[-590,-35],[-320,1089],[-721,-86]],[[74422,57103],[872,818],[727,165],[481,1213],[1614,756],[18,333]],[[78134,60388],[1761,380]],[[76604,66320],[1076,-6],[-14,-1281],[-498,-894],[1036,-508]],[[78204,63631],[-1172,-1101]],[[77032,62530],[-1752,-1423],[-592,506],[-571,-187],[-1655,289]],[[81470,62916],[-714,-607],[-29,-693],[-832,-848]],[[78134,60388],[-323,548],[141,1161],[-920,433]],[[78204,63631],[517,553],[459,-432],[962,-54],[1328,-782]],[[74422,57103],[-1722,-143],[-938,413],[-822,-427],[-437,496],[-2518,-1274],[-945,1069]],[[85278,68298],[-791,-864],[-1904,332],[8,369]],[[83141,69937],[419,-601],[1718,-1038]],[[92359,53753],[-882,-482],[-1071,-128],[-2060,135],[-1670,417]],[[86676,53695],[513,523],[-23,1122],[555,784],[-41,552]],[[87680,56676],[1649,-414],[452,-748],[1088,-625],[1490,-1136]],[[85491,68231],[-213,67]],[[83975,70797],[1040,612],[675,-1976],[-199,-1202]],[[70589,43697],[-1335,-172],[-1531,100],[-904,-751],[-998,157],[-616,517],[-1854,34],[-802,-379]],[[62549,43203],[-212,806],[1917,734],[721,-162],[575,1031],[1642,897],[1246,181],[495,776],[215,969],[-297,647]],[[68851,49082],[434,180],[307,1311],[807,348],[714,-386],[938,118],[281,-543],[834,17],[201,868]],[[73367,50995],[939,-1029],[-477,-873],[202,-915],[729,-710],[-473,-364],[365,-2040],[-1946,-1041],[-1142,761],[-548,1372],[-728,-33],[-690,-472],[-8,-487],[623,-559],[376,-908]],[[62549,43203],[-702,-403],[-1013,-1326],[-647,-256],[-929,1118]],[[59258,42336],[-1061,1699],[12,689],[-1231,1087],[-635,893],[203,1900],[-1148,1018]],[[55398,49622],[92,429],[1331,380],[839,1],[1891,1035]],[[59551,51467],[1846,344],[2189,1054],[1689,209],[2259,-800],[775,-968],[-190,-452],[732,-1772]],[[87111,44454],[-49,-862],[-1829,7],[-472,212],[-2090,287],[-1593,-485],[-382,452],[273,527]],[[80969,44592],[1059,199],[2368,-96],[1821,-338],[894,97]],[[76898,55040],[107,-703],[-828,-135],[-363,-760],[501,-1117],[496,30],[170,-655],[-616,-315]],[[76365,51385],[-1899,1986],[-793,307],[-375,761],[-1382,135],[-1652,-97],[-570,-390],[638,-57],[460,-744],[1006,-310],[342,-687],[817,44],[410,-1338]],[[59551,51467],[166,416],[-408,1384],[787,175],[719,973],[-805,714],[-1619,691],[-774,692],[-764,-6],[-1101,625],[-622,49],[-459,693]],[[54671,57873],[549,760],[1061,-55],[223,969],[1197,683]],[[55398,49622],[-717,-327],[-2205,-29],[-1493,-633],[-753,122],[-1725,-805],[-1150,-191],[-2192,-1293],[-1460,-292],[-551,290]],[[43826,52411],[401,1183],[952,-531],[576,258],[1081,-223],[1597,329],[1022,540],[329,-138],[856,2512],[693,-90],[961,396],[701,663]],[[52995,57310],[1676,563]],[[81668,57217],[157,-1320],[1466,-318],[441,239]],[[83732,55818],[-1184,-1286],[-2179,-1574],[-535,-767],[-822,-430],[-1280,-1286],[-1163,-5],[-204,915]],[[93163,67101],[1046,-694],[1248,128],[620,-166],[-94,-1087],[-1267,-575]],[[94716,64707],[-349,935],[-699,315],[-928,-351],[-727,334],[-1442,254],[-179,-574],[-981,38],[-687,-449],[-26,-491],[-741,-80],[-1669,-810]],[[86288,63828],[-856,1120],[443,372],[-449,321]],[[85426,65641],[465,1260],[-433,652],[754,322]],[[86212,67875],[1504,141],[1154,652],[504,541],[973,113],[520,-3081],[635,-120],[1212,534],[449,446]],[[85491,68231],[721,-356]],[[85426,65641],[-1425,-1497],[-1164,-154],[-134,-829],[-448,207],[-785,-452]],[[59258,42336],[-1333,127],[-1506,-2271],[647,-967],[878,-531],[16,-609],[-1807,-168],[-2044,-447],[-2305,950],[-785,-622],[-1116,-272],[-1814,-724]],[[86288,63828],[-1675,-1839],[344,-1289],[-788,-1162],[-1483,-1266],[-1056,-545]],[[94102,43092],[536,817],[1056,514],[-569,2237],[-1099,540],[-709,917]],[[93317,48117],[610,1864],[806,-656],[369,1067],[-777,1973]],[[94325,52365],[337,-475],[1677,-1330],[513,-731],[701,-304],[655,-886],[849,104],[942,-526],[-28,-1862],[-661,-1553],[-1224,-704],[-850,-62],[-1710,-738],[-1424,-206]],[[93317,48117],[-913,592],[-1175,-166],[-252,360],[-1478,1002],[-1007,187],[-1401,-124],[-803,-465],[-1708,160],[-1212,-602],[-790,501],[1209,1742],[2116,1276],[773,1115]],[[92359,53753],[381,-391],[984,-191],[601,-806]],[[58788,75293],[-203,-739],[-3567,44]],[[55018,74598],[-254,459],[-1281,412]],[[53483,75469],[-848,304],[-14,456],[-761,439],[-1500,53],[-886,-175],[-1111,122],[-705,522]],[[47658,77190],[23,751],[-1001,412],[-480,1459],[-969,955],[-864,367],[-551,1009]],[[43816,82143],[247,577],[929,502],[200,455]],[[45192,83677],[894,305],[70,662],[468,-74],[85,689],[1706,1215],[1090,144],[669,635]],[[50174,87253],[1444,132],[1259,727],[1544,-83],[-324,791],[96,1188],[352,412],[-227,864],[554,1008],[1779,952]],[[56651,93244],[375,-692]],[[41092,85702],[-1052,-1567],[-1623,-633],[-1226,-1047]],[[37191,82455],[-193,1101],[-520,619],[-938,2210]],[[35540,86385],[-304,573],[1240,-150],[341,762],[1355,613],[129,485]],[[38301,88668],[1065,-1003],[1726,-1963]],[[39189,70911],[448,-1053],[2026,-1447],[315,-670],[1317,-1023],[-36,-277]],[[43259,66441],[33,-1028],[-1902,-90],[-17,-785],[-1915,-1293],[-678,295],[-1296,-704],[66,-797],[-446,-908],[-602,103],[-193,-468]],[[36309,60766],[-1001,1091],[520,130],[-167,807],[-916,252],[-776,889],[-1791,592]],[[32178,64527],[36,511],[585,368],[133,568],[883,403],[-54,474],[1135,742],[-17,711],[1189,869],[837,1434],[1181,752]],[[38086,71359],[830,-82],[273,-366]],[[53483,75469],[-494,-628],[-580,-155],[-188,-646],[-862,-177],[-423,-724],[-333,154],[-857,-777]],[[49746,72516],[-923,353],[-3467,3035]],[[45356,75904],[1195,547],[358,715],[749,24]],[[44980,84588],[212,-911]],[[43816,82143],[-507,343],[-923,-748],[-2030,-753]],[[40356,80985],[-36,316],[-1452,-1],[-1385,344]],[[37483,81644],[-292,811]],[[41092,85702],[2324,216],[309,-324],[188,-1099],[1067,93]],[[35338,74552],[1253,-1470],[626,-282],[200,-1092],[669,-349]],[[32178,64527],[-533,-444],[-1966,811]],[[29679,64894],[-550,726],[327,1193],[-1591,606],[-1300,1703]],[[26565,69122],[1566,1003],[-190,625],[796,1341],[1846,918],[861,1386],[1585,421]],[[33029,74816],[844,270],[1465,-534]],[[58328,69842],[-894,956],[-943,482],[-503,878]],[[55988,72158],[61,593],[-942,157],[17,676],[-961,240],[118,842],[737,-68]],[[37483,81644],[589,-1655],[-937,-177],[-864,-781]],[[36271,79031],[-413,-892],[-739,146],[-673,-698],[-1022,777],[625,526],[-352,1714],[-1116,-159],[-1097,347],[-250,435]],[[31234,81227],[319,1719],[707,580],[-779,181],[631,999],[141,728]],[[32253,85434],[428,-349],[1524,-7],[630,464],[-45,669],[750,174]],[[36271,79031],[480,-333],[312,-874],[902,-581]],[[37965,77243],[-1363,-841],[-420,-48],[-123,-722],[-721,-1080]],[[33029,74816],[138,1358],[-1039,303],[322,693],[-580,127],[349,624],[-802,520],[-1111,171],[-929,-331]],[[29377,78281],[174,2772]],[[29551,81053],[1369,-64],[314,238]],[[52995,57310],[-500,701],[326,840],[-525,926],[-1120,426],[-343,-129],[-671,828],[-79,1757],[-639,281],[-596,984],[-645,282],[-804,1362]],[[47399,65568],[496,940],[312,3],[1120,1297]],[[49327,67808],[1300,-796],[1040,650]],[[51667,67662],[1386,-499],[759,189],[-38,615],[735,-607],[806,165],[821,1265],[-250,1291],[99,883],[-325,573],[328,621]],[[47399,65568],[-374,-450],[-1196,856],[-1156,339],[-548,-280],[-866,408]],[[39189,70911],[1881,600],[327,621],[1149,53],[717,375]],[[43263,72560],[1910,-1973],[1912,-1508],[1839,-911],[403,-360]],[[42204,76412],[23,-2378],[1036,-1474]],[[37965,77243],[433,-589],[425,267],[943,-1173],[1014,749],[422,-281],[1002,196]],[[44980,84588],[-140,2150],[-831,165],[-683,1682],[277,671],[-616,768],[132,407],[-505,611]],[[42614,91042],[986,876],[3945,777],[244,-142],[2161,854],[712,-557],[183,-734],[-819,-1289],[-1058,102],[-1778,-254],[909,-789],[-321,-503],[834,-841],[1299,-168],[-218,-469],[481,-652]],[[36967,54401],[424,1274],[-377,747],[256,1152],[-340,1114],[-898,433]],[[36032,59121],[521,1304],[-244,341]],[[45356,75904],[-719,812],[-484,74],[-1446,1086]],[[42707,77876],[-1537,1106],[-590,810],[-447,1133],[223,60]],[[38301,88668],[714,-140],[308,352],[-191,827],[394,20],[-181,1530],[911,422]],[[40256,91679],[1559,-141],[799,-496]],[[51667,67662],[-57,518],[815,671],[-237,1298],[-759,1123],[-1683,1244]],[[42707,77876],[-586,-157],[597,-502],[-442,-144],[-72,-661]],[[32253,85434],[-1159,997],[-1230,251],[-163,1276],[-898,383],[-265,885],[-720,-44],[-1644,487]],[[26174,89669],[460,544],[-431,899],[172,494]],[[26375,91606],[2073,-702],[155,315],[3006,490],[61,-181],[1772,544],[-882,1121],[-96,629],[943,215],[498,-397],[986,89],[826,972],[1476,560],[1561,-519],[1054,-1573],[448,-1490]],[[28988,50920],[-194,281],[-2182,962],[-62,686],[552,967],[654,-39],[933,1603],[1495,-231],[3000,757],[185,1194],[800,969],[-855,1103],[707,824],[779,65],[1232,-940]],[[24493,75060],[750,-1395],[-72,-1211],[-348,9],[49,-920],[-274,-676]],[[24598,70867],[-748,-275],[-590,180],[-804,-1212],[-479,289]],[[21977,69849],[395,217],[474,1103],[-1700,1728]],[[21146,72897],[278,481],[998,547],[19,486],[1004,166],[252,564],[796,-81]],[[4747,83982],[977,-219],[577,-807],[750,103]],[[7051,83059],[483,-41],[47,-890],[1896,-911],[-131,-552],[951,196],[1168,-76],[537,-767]],[[12002,80018],[-640,-434]],[[11362,79584],[-1022,-99],[-767,-760],[-1021,-102],[-1600,179],[-471,-439]],[[6481,78363],[-811,1400],[-2155,1667],[-86,1331]],[[3429,82761],[1131,686],[187,535]],[[20508,83472],[-549,-1388],[53,-767],[-1067,-414],[-910,331],[-622,-629]],[[17413,80605],[-1006,380],[-441,-301],[-507,1097],[-39,794]],[[15420,82575],[834,732],[120,1805],[818,446]],[[17192,85558],[1313,-148],[617,-355],[134,459],[1081,118],[-111,-552],[570,-818],[-288,-790]],[[29551,81053],[-2031,1092],[-577,-634]],[[26943,81511],[-1057,622],[-1263,-250]],[[24623,81883],[-1388,662],[-1382,175],[-1345,752]],[[17192,85558],[193,306],[1473,441],[165,589],[1377,1377],[-215,491],[410,1042],[796,46],[1153,-716],[1646,218],[1247,592],[737,-275]],[[14376,75413],[-889,-363]],[[13487,75050],[-365,699]],[[13122,75749],[972,597]],[[14094,76346],[282,-933]],[[17413,80605],[865,-570],[1293,-101],[-188,-429]],[[19383,79505],[-949,-481],[-241,-1057],[620,-873],[-211,-282],[-1740,106],[-569,-327],[-2280,693]],[[14013,77284],[-849,-248]],[[13164,77036],[-1268,261]],[[11896,77297],[13,1898],[-547,389]],[[12002,80018],[1512,-323],[439,409],[286,1099],[-493,275],[-646,-430],[-611,437],[-392,1065]],[[12097,82550],[1538,-272],[168,390],[934,-260],[683,167]],[[26943,81511],[57,-917],[-565,-49],[-341,-679],[804,-68],[-440,-1167]],[[26458,78631],[-430,-896],[-1404,69],[-1029,493],[301,333],[-462,498],[-365,-331],[-521,548],[-1836,505]],[[20712,79850],[310,470],[363,-443],[659,644],[1173,405],[935,-15],[471,972]],[[26565,69122],[-1147,1337],[-820,408]],[[24493,75060],[1880,-121],[620,2138],[719,22],[-274,604]],[[27438,77703],[1939,578]],[[13164,77036],[-67,-748],[541,-15],[-516,-524]],[[13487,75050],[-800,-812],[217,-1104],[-693,-1006],[-610,-102],[-1988,-1271],[-13,-495],[-1089,-451],[-548,-782]],[[7963,69027],[-625,-23]],[[7338,69004],[43,639],[483,90],[26,1640],[-1244,1304]],[[6646,72677],[1840,833],[-136,714],[1364,2195],[1471,368],[711,510]],[[21977,69849],[-1138,21],[-1244,-786],[-332,352],[-997,-233],[-323,-585],[-1748,248]],[[16195,68866],[-353,186],[314,636],[713,294],[-73,1273],[-662,824],[1257,183],[-308,382],[902,329]],[[17985,72973],[803,-61],[1483,337],[875,-352]],[[14013,77284],[81,-938]],[[6646,72677],[-641,1118],[-314,1840],[224,947],[824,888],[-258,893]],[[7051,83059],[814,242]],[[7865,83301],[1358,-625],[882,121],[763,734]],[[10868,83531],[362,-585],[867,-396]],[[22461,52415],[-858,-669],[-382,101],[-2081,-1538],[449,-529]],[[17018,45121],[-1557,-214]],[[15461,44907],[-281,3763],[454,419],[194,1324],[-1346,1181],[235,571],[-1306,2824],[-110,882],[345,737],[-441,1473],[366,405],[-624,1027]],[[12947,59513],[610,216],[0,838],[723,522],[-363,143],[-243,870],[513,226],[-277,691],[1662,321],[69,-596],[648,-247],[2735,1051],[1792,-784],[-67,-1329],[969,-495],[-989,-437],[-81,-347],[1211,-81],[-585,-1257],[-66,-1018],[367,-371],[-29,-1177],[493,-1583],[-536,-789],[958,-1465]],[[13154,63317],[620,-929],[-880,-1407],[293,-433],[-240,-1035]],[[15461,44907],[-1219,-188],[-708,392],[-451,854],[-714,47],[-2688,-920],[-746,1475],[516,893],[-857,807],[-351,1561],[-1130,519],[-460,1530],[-987,54],[-388,752],[-569,361],[-272,675],[153,1213],[977,1082],[-451,383],[890,1480],[267,1438]],[[6273,59315],[3004,2645],[1060,1381],[434,876],[999,263],[545,-386],[26,-683],[813,-94]],[[22461,52415],[624,1020],[891,812],[-249,1286],[557,804],[2603,945],[-169,531],[989,1058],[-295,741],[-1087,1031],[-18,583],[751,62],[869,617],[-361,644],[936,1595],[922,292],[255,458]],[[20712,79850],[-347,-544],[-982,199]],[[12671,90342],[463,-1749],[-374,-535],[25,-1014],[-1227,-1150],[-56,-558],[548,-291],[-985,-825],[-197,-689]],[[7865,83301],[68,370],[1053,360],[528,529],[826,236],[-38,926],[-2184,1158],[-834,-136],[-1704,830],[158,408],[-1105,497],[156,-691],[-921,-95],[-785,-1215],[607,-259],[-70,-930],[337,-699],[790,-608]],[[3429,82761],[-905,861],[-659,1231],[-333,1410],[-906,1092],[-479,224],[-147,1212],[478,1151],[2054,-626],[2077,949],[3991,1030],[2200,264],[1871,-1217]],[[26189,95083],[453,-1068],[-267,-2409]],[[12671,90342],[1655,-360],[1005,955],[858,492],[903,1057],[1372,1098]],[[18464,93584],[787,381],[1670,236],[1626,850],[318,-446],[1292,506],[811,-432],[1221,404]],[[26458,78631],[1153,-13],[-173,-915]],[[17985,72973],[-340,637],[-671,-345],[-555,716],[325,318],[-832,170],[490,444],[-535,158],[-583,-379],[-908,721]],[[13073,66610],[451,-301],[-346,-815],[176,-408],[-452,-656],[252,-1113]],[[6273,59315],[-62,652],[504,1254],[-645,782],[251,662],[-834,412],[388,709],[-484,673],[315,890],[-955,451],[360,961],[-471,14],[167,856],[607,675],[1924,698]],[[7963,69027],[134,-366],[1955,-695],[49,-562],[599,-10],[-162,-1255],[1716,-559],[-136,676],[955,354]],[[18464,93584],[-389,383],[-1044,1855],[-338,1391],[972,768],[2208,-145],[361,-329],[1974,315],[1247,1077],[1265,-1304],[223,-1102],[1246,-1410]],[[16195,68866],[-493,-384],[506,-261],[-738,-522],[-2251,-546],[-146,-543]],[[56651,93244],[1200,3994]],[[93163,67101],[1932,1488],[1965,-2451],[-105,-2642],[-2239,1211]],[[94102,43092],[-813,166],[133,2492],[-6067,1546],[-244,-2842]],[[80969,44592],[-140,2803],[-2261,432],[-4919,-6046],[-2333,2077],[-727,-161]],[[83732,55818],[3948,858]]],"transform":{"scale":[0.000006771405927910242,0.000005122794413426924],"translate":[7.8364599515905,46.77492226522715]}}