{"type":"Topology","objects":{"municipalities":{"type":"GeometryCollection","geometries":[{"type":"Polygon","id":1001,"properties":{"id":1001,"name":"Doppleschwand"},"arcs":[[0,1,2,3]]},{"type":"MultiPolygon","id":1002,"properties":{"id":1002,"name":"Entlebuch"},"arcs":[[[4,5,6]],[[7,8,9,-4,10,11]]]},{"type":"Polygon","id":1004,"properties":{"id":1004,"name":"Flühli"},"arcs":[[12,13,14,15]]},{"type":"Polygon","id":1005,"properties":{"id":1005,"name":"Hasle (LU)"},"arcs":[[-10,16,-13,17,-7,18,-1]]},{"type":"Polygon","id":1007,"properties":{"id":1007,"name":"Romoos"},"arcs":[[-2,-19,-6,19,20,21,22,23,24]]},{"type":"Polygon","id":1008,"properties":{"id":1008,"name":"Schüpfheim"},"arcs":[[-18,-16,25,-20,-5]]},{"type":"Polygon","id":1009,"properties":{"id":1009,"name":"Werthenstein"},"arcs":[[26,27,-12,28]]},{"type":"Polygon","id":1010,"properties":{"id":1010,"name":"Escholzmatt-Marbach"},"arcs":[[-26,-15,29,-21]]},{"type":"Polygon","id":1021,"properties":{"id":1021,"name":"Aesch (LU)"},"arcs":[[30,31,32,33,34,35]]},{"type":"Polygon","id":1022,"properties":{"id":1022,"name":"Altwis"},"arcs":[[36,37,38,-33]]},{"type":"Polygon","id":1023,"properties":{"id":1023,"name":"Ballwil"},"arcs":[[39,40,41,42,43]]},{"type":"Polygon","id":1024,"properties":{"id":1024,"name":"Emmen"},"arcs":[[44,45,46,47,48,49]]},{"type":"Polygon","id":1025,"properties":{"id":1025,"name":"Ermensee"},"arcs":[[50,51,52,53,-38]]},{"type":"Polygon","id":1026,"properties":{"id":1026,"name":"Eschenbach (LU)"},"arcs":[[54,55,-50,56,57,58,-42]]},{"type":"MultiPolygon","id":1030,"properties":{"id":1030,"name":"Hitzkirch"},"arcs":[[[-34,-39,-54,59,60]],[[61,62,63,-51,-37,-32,64,65]]]},{"type":"Polygon","id":1031,"properties":{"id":1031,"name":"Hochdorf"},"arcs":[[-43,-59,66,67,68,69]]},{"type":"Polygon","id":1032,"properties":{"id":1032,"name":"Hohenrain"},"arcs":[[-44,-70,70,-62,71]]},{"type":"Polygon","id":1033,"properties":{"id":1033,"name":"Inwil"},"arcs":[[72,73,74,75,-55,-41,76]]},{"type":"Polygon","id":1037,"properties":{"id":1037,"name":"Rain"},"arcs":[[-67,-58,77,78,79,80]]},{"type":"Polygon","id":1039,"properties":{"id":1039,"name":"Römerswil"},"arcs":[[-64,81,-68,-81,82,83,-52]]},{"type":"Polygon","id":1040,"properties":{"id":1040,"name":"Rothenburg"},"arcs":[[-57,-49,84,-78]]},{"type":"Polygon","id":1041,"properties":{"id":1041,"name":"Schongau"},"arcs":[[-65,-31,85]]},{"type":"Polygon","id":1051,"properties":{"id":1051,"name":"Adligenswil"},"arcs":[[86,87,88,89,90,91]]},{"type":"Polygon","id":1052,"properties":{"id":1052,"name":"Buchrain"},"arcs":[[92,93,94,-45,-56,-76]]},{"type":"Polygon","id":1053,"properties":{"id":1053,"name":"Dierikon"},"arcs":[[95,-92,96,-94,97]]},{"type":"Polygon","id":1054,"properties":{"id":1054,"name":"Ebikon"},"arcs":[[-91,98,-46,-95,-97]]},{"type":"Polygon","id":1055,"properties":{"id":1055,"name":"Gisikon"},"arcs":[[99,-74,100]]},{"type":"Polygon","id":1056,"properties":{"id":1056,"name":"Greppen"},"arcs":[[101,102,103]]},{"type":"Polygon","id":1057,"properties":{"id":1057,"name":"Honau"},"arcs":[[104,-101,-73,105]]},{"type":"Polygon","id":1058,"properties":{"id":1058,"name":"Horw"},"arcs":[[106,107,108,109]]},{"type":"Polygon","id":1059,"properties":{"id":1059,"name":"Kriens"},"arcs":[[-108,110,111,112,113]]},{"type":"MultiPolygon","id":1061,"properties":{"id":1061,"name":"Luzern"},"arcs":[[[114,115]],[[-99,-90,116,117,-109,-114,118,119,-47]]]},{"type":"Polygon","id":1062,"properties":{"id":1062,"name":"Malters"},"arcs":[[-113,120,-28,121,122,-119]]},{"type":"Polygon","id":1063,"properties":{"id":1063,"name":"Meggen"},"arcs":[[123,124,-117,-89]]},{"type":"Polygon","id":1064,"properties":{"id":1064,"name":"Meierskappel"},"arcs":[[125,126,127,128,129]]},{"type":"Polygon","id":1065,"properties":{"id":1065,"name":"Root"},"arcs":[[130,-129,131,-98,-93,-75,-100,-105]]},{"type":"Polygon","id":1066,"properties":{"id":1066,"name":"Schwarzenberg"},"arcs":[[132,-8,-121,-112]]},{"type":"Polygon","id":1067,"properties":{"id":1067,"name":"Udligenswil"},"arcs":[[133,-87,-96,-132,-128]]},{"type":"Polygon","id":1068,"properties":{"id":1068,"name":"Vitznau"},"arcs":[[134,135,136]]},{"type":"Polygon","id":1069,"properties":{"id":1069,"name":"Weggis"},"arcs":[[-136,137,-102,138]]},{"type":"Polygon","id":1081,"properties":{"id":1081,"name":"Beromünster"},"arcs":[[-60,-53,-84,139,140,141,142,143,144,145,146]]},{"type":"Polygon","id":1082,"properties":{"id":1082,"name":"Büron"},"arcs":[[147,148,149,150]]},{"type":"Polygon","id":1083,"properties":{"id":1083,"name":"Buttisholz"},"arcs":[[151,152,153,154,155]]},{"type":"Polygon","id":1084,"properties":{"id":1084,"name":"Eich"},"arcs":[[156,157,158,-142]]},{"type":"Polygon","id":1085,"properties":{"id":1085,"name":"Geuensee"},"arcs":[[159,-144,160,161,162,-148,163]]},{"type":"Polygon","id":1086,"properties":{"id":1086,"name":"Grosswangen"},"arcs":[[164,-155,165,166,167,168]]},{"type":"Polygon","id":1088,"properties":{"id":1088,"name":"Hildisrieden"},"arcs":[[-80,169,170,-140,-83]]},{"type":"Polygon","id":1089,"properties":{"id":1089,"name":"Knutwil"},"arcs":[[-163,171,172,173,174,-149]]},{"type":"Polygon","id":1091,"properties":{"id":1091,"name":"Mauensee"},"arcs":[[175,176,-169,177,178,179,-173]]},{"type":"Polygon","id":1093,"properties":{"id":1093,"name":"Neuenkirch"},"arcs":[[-79,-85,-48,-120,-123,180,181,182,183,-170]]},{"type":"Polygon","id":1094,"properties":{"id":1094,"name":"Nottwil"},"arcs":[[-182,184,-152,185,186]]},{"type":"Polygon","id":1095,"properties":{"id":1095,"name":"Oberkirch"},"arcs":[[187,-186,-156,-165,-177,188]]},{"type":"Polygon","id":1097,"properties":{"id":1097,"name":"Rickenbach (LU)"},"arcs":[[-145,-160,189,190]]},{"type":"Polygon","id":1098,"properties":{"id":1098,"name":"Ruswil"},"arcs":[[-181,-122,-27,191,192,-153,-185]]},{"type":"Polygon","id":1099,"properties":{"id":1099,"name":"Schenkon"},"arcs":[[-143,-159,193,194,-161]]},{"type":"Polygon","id":1100,"properties":{"id":1100,"name":"Schlierbach"},"arcs":[[-190,-164,-151,195,196]]},{"type":"Polygon","id":1102,"properties":{"id":1102,"name":"Sempach"},"arcs":[[-171,-184,197,-157,-141]]},{"type":"Polygon","id":1103,"properties":{"id":1103,"name":"Sursee"},"arcs":[[-195,198,-189,-176,-172,-162]]},{"type":"Polygon","id":1104,"properties":{"id":1104,"name":"Triengen"},"arcs":[[-196,-150,-175,199,200,201]]},{"type":"Polygon","id":1107,"properties":{"id":1107,"name":"Wolhusen"},"arcs":[[-192,-29,-11,-3,-25,202]]},{"type":"Polygon","id":1121,"properties":{"id":1121,"name":"Alberswil"},"arcs":[[203,204,205,206]]},{"type":"Polygon","id":1122,"properties":{"id":1122,"name":"Altbüron"},"arcs":[[207,208,209,210,211,212]]},{"type":"Polygon","id":1123,"properties":{"id":1123,"name":"Altishofen"},"arcs":[[213,214,215,216]]},{"type":"Polygon","id":1125,"properties":{"id":1125,"name":"Dagmersellen"},"arcs":[[-200,-174,-180,217,218,219,-217,220]]},{"type":"MultiPolygon","id":1126,"properties":{"id":1126,"name":"Ebersecken"},"arcs":[[[221,222,223,224]],[[-215,225,226,227,228,229,-210,230,231]]]},{"type":"Polygon","id":1127,"properties":{"id":1127,"name":"Egolzwil"},"arcs":[[232,233,234,-219]]},{"type":"Polygon","id":1128,"properties":{"id":1128,"name":"Ettiswil"},"arcs":[[-168,235,-204,236,237,-178]]},{"type":"Polygon","id":1129,"properties":{"id":1129,"name":"Fischbach"},"arcs":[[238,-223,239,240,241,242,-229]]},{"type":"Polygon","id":1130,"properties":{"id":1130,"name":"Gettnau"},"arcs":[[-206,243,244,245]]},{"type":"MultiPolygon","id":1131,"properties":{"id":1131,"name":"Grossdietwil"},"arcs":[[[-224,-239,-228,246]],[[-243,247,-211,-230]],[[-231,-209,248,249,250]]]},{"type":"Polygon","id":1132,"properties":{"id":1132,"name":"Hergiswil bei Willisau"},"arcs":[[251,-23,252,253,254]]},{"type":"Polygon","id":1135,"properties":{"id":1135,"name":"Luthern"},"arcs":[[255,-254,256,257]]},{"type":"Polygon","id":1136,"properties":{"id":1136,"name":"Menznau"},"arcs":[[-154,-193,-203,-24,-252,258,-166]]},{"type":"Polygon","id":1137,"properties":{"id":1137,"name":"Nebikon"},"arcs":[[-235,259,-226,-214,-220]]},{"type":"Polygon","id":1139,"properties":{"id":1139,"name":"Pfaffnau"},"arcs":[[260,-250,261,-213,262]]},{"type":"Polygon","id":1140,"properties":{"id":1140,"name":"Reiden"},"arcs":[[263,-201,-221,-216,-232,-251,-261,264,265]]},{"type":"Polygon","id":1142,"properties":{"id":1142,"name":"Roggliswil"},"arcs":[[-249,-208,-262]]},{"type":"Polygon","id":1143,"properties":{"id":1143,"name":"Schötz"},"arcs":[[-234,266,-237,-207,-246,267,-225,-247,-227,-260]]},{"type":"Polygon","id":1145,"properties":{"id":1145,"name":"Ufhusen"},"arcs":[[268,-258,269,-241,270]]},{"type":"Polygon","id":1146,"properties":{"id":1146,"name":"Wauwil"},"arcs":[[-179,-238,-267,-233,-218]]},{"type":"Polygon","id":1147,"properties":{"id":1147,"name":"Wikon"},"arcs":[[-266,271]]},{"type":"Polygon","id":1150,"properties":{"id":1150,"name":"Zell (LU)"},"arcs":[[-245,272,-271,-240,-222,-268]]},{"type":"Polygon","id":1151,"properties":{"id":1151,"name":"Willisau"},"arcs":[[-236,-167,-259,-255,-256,-269,-273,-244,-205]]},{"type":"Polygon","id":9157,"properties":{"id":9157,"name":"Baldeggersee"},"arcs":[[-71,-69,-82,-63]]},{"type":"Polygon","id":9163,"properties":{"id":9163,"name":"Sempachersee"},"arcs":[[-194,-158,-198,-183,-187,-188,-199]]},{"type":"Polygon","id":9173,"properties":{"id":9173,"name":"Hallwilersee (LU)"},"arcs":[[-61,-147,273,-35]]},{"type":"Polygon","id":9176,"properties":{"id":9176,"name":"Zugersee (LU)"},"arcs":[[-126,274]]},{"type":"Polygon","id":9180,"properties":{"id":9180,"name":"Vierwaldstättersee (LU)"},"arcs":[[-138,-135,275,-116,276,-110,-118,-125,277,-103]]}]},"lakes":{"type":"GeometryCollection","geometries":[{"type":"Polygon","id":9157,"properties":{"id":9157,"name":"Baldeggersee"},"arcs":[[-71,-69,-82,-63]]},{"type":"Polygon","id":9163,"properties":{"id":9163,"name":"Sempachersee"},"arcs":[[-194,-158,-198,-183,-187,-188,-199]]},{"type":"Polygon","id":9172,"properties":{"id":9172,"name":"Hallwilersee"},"arcs":[[278,-35,-61,-147]]},{"type":"Polygon","id":9175,"properties":{"id":9175,"name":"Zugersee"},"arcs":[[-126,279]]},{"type":"Polygon","id":9179,"properties":{"id":9179,"name":"Vierwaldstättersee"},"arcs":[[-116,280,-110,-118,-125,281,-103,-138,-135,282]]}]}},"arcs":[[[28308,40500],[-497,250],[-1377,-72],[-1244,555]],[[25190,41233],[-392,2299],[472,542],[493,1186],[1239,420],[997,961]],[[27999,46641],[1171,699]],[[29170,47340],[28,-2734],[-936,-2207],[58,-1041],[484,-103],[-496,-755]],[[23645,37038],[-1031,-655],[-632,1437]],[[21982,37820],[851,427]],[[22833,38247],[488,-321],[324,-888]],[[37092,43719],[-191,-301],[529,-1002],[996,-201],[642,-470],[-528,-1745],[74,-1058],[310,-763],[-76,-941],[439,-1263],[1141,-192],[245,-654],[662,-502]],[[41335,34627],[-891,-790],[-626,-241],[115,-919],[1751,-2465],[-992,-1104],[-406,-107],[-1337,-1061],[-621,-746],[-458,-117],[-1559,-2365],[-1425,-3061],[-471,384],[-138,642],[270,1809],[-920,130],[-827,562],[-1135,-1075]],[[31665,24103],[-905,589],[538,1375],[1240,833],[1204,419],[186,296],[1238,585],[836,40],[1947,2485],[-421,1028],[-559,479],[-216,1109],[-950,925],[-1715,436],[-1744,874],[-1501,-38],[-1214,656],[-1190,2319],[-185,829],[54,1158]],[[29170,47340],[55,157]],[[29225,47497],[1334,-640],[216,759],[1114,-25],[424,211],[1410,-768],[594,-825],[1251,340],[268,-1841],[-501,-718],[39,-1423],[926,790],[792,362]],[[28659,24730],[490,-607],[-206,-361],[424,-1413],[263,-154]],[[29630,22195],[-19,-886],[-332,-570],[488,-1153],[80,-1406],[-269,-983],[-454,-290],[191,-729],[-200,-628],[-1076,-307],[180,-827],[-337,-705],[-772,-794],[-570,-192],[-419,-1394],[697,-898],[-123,-414],[601,-776],[1640,-3152],[-74,-941],[-1137,-778],[158,-1067],[-1164,-1068],[-1007,85],[-982,485],[-1347,-213],[-2043,-958],[-887,-283],[-1675,-1353],[-1372,614],[-638,1174],[-1075,883],[-564,202],[-590,1721]],[[14539,4594],[589,609],[-365,655],[265,585],[-885,749],[87,558],[1186,3197],[623,695],[477,134],[823,1612],[-385,393],[56,812],[-518,1053],[-337,1365],[-979,-360],[649,987],[-467,895],[25,471],[-1022,875],[504,620],[482,-289],[423,903],[473,325],[80,652],[661,178],[967,1563],[1883,1276],[-49,555],[1803,199],[1084,397]],[[22672,26258],[-91,-371],[578,-261],[663,637],[730,234],[650,-625],[864,-312],[277,196],[1416,-473],[-14,-336],[914,-217]],[[31665,24103],[-390,-1190],[-608,-428],[-1037,-290]],[[28659,24730],[166,473],[889,783],[-704,909],[-26,2391],[-867,-690],[-315,35],[220,841],[-1588,29],[-195,707],[536,1314],[-662,699],[107,958],[529,1433],[-718,1035],[-1162,744],[-685,907],[-539,-260]],[[22833,38247],[412,671],[1222,552],[521,525],[202,1238]],[[21982,37820],[-1138,-884],[-800,105],[-1170,-751],[-1090,-116],[-478,-385],[-1189,284],[-481,409]],[[15636,36482],[57,354],[-977,1072]],[[14716,37908],[-361,1081],[-154,1197],[474,531],[522,1252],[-569,486]],[[14628,42455],[-431,1019],[243,1419],[889,622],[1060,1166],[449,158]],[[16838,46839],[720,-132],[1371,188],[1398,-612],[703,119],[1734,-360],[671,408],[810,1134],[672,327]],[[24917,47911],[1118,123],[1964,-1393]],[[22672,26258],[28,1242],[-466,-31],[-580,-551],[-1150,-660],[79,634],[-747,1027],[-280,1467],[-485,268],[-124,774],[-820,-371],[-983,114],[-1207,1396],[-1133,1707],[412,685],[1008,360],[-582,572],[-656,92],[-615,442],[-333,757],[233,669],[647,-470],[718,101]],[[31776,51187],[966,-84],[505,376],[601,-38],[659,-1047],[441,365],[491,-786],[643,-425],[1590,-233]],[[37672,49315],[1210,-581],[851,-166],[-920,-2308],[-1051,-1775],[-670,-766]],[[29225,47497],[157,1238],[-473,1490],[599,1714],[467,-37],[630,-616],[1171,-99]],[[14539,4594],[-540,971],[-3088,2718],[-3406,2019],[-2345,1114],[-850,1245],[-384,1365],[-12,1369],[288,996],[-640,397],[-15,573],[-906,365],[106,730],[-240,997],[305,816],[1147,321],[686,476],[-4,507],[1219,2069],[76,652],[-423,660],[-585,71],[-1048,633],[786,1957],[335,324],[2782,1433],[1288,-386],[928,358],[711,1296],[92,895],[949,282],[340,450],[70,2042],[989,559],[760,742],[-267,1533],[1073,765]],[[51529,91356],[176,-57],[877,-2759],[607,-482],[1137,-96]],[[54326,87962],[-644,-339],[16,-520]],[[53698,87103],[-818,13],[-1919,-699]],[[50961,86417],[-528,-187],[-671,455]],[[49762,86685],[191,626],[-299,316],[280,1187],[443,657],[-206,1125],[-444,897]],[[49727,91493],[1802,-137]],[[53698,87103],[292,-441],[62,-946],[583,-1187],[-907,-500],[-722,-78]],[[53006,83951],[-198,261],[-926,15],[-782,1040]],[[51100,85267],[-139,1150]],[[66240,69492],[390,-195],[91,-1144]],[[66721,68153],[-258,-499],[138,-1320],[-3154,-1160]],[[63447,65174],[-888,694],[-245,1377],[-696,137],[-46,645],[-888,-341]],[[60684,67686],[-628,1436],[-91,1034],[273,259]],[[60238,70415],[1759,454],[230,-466],[1331,52],[925,-627],[699,360],[368,-703],[690,7]],[[63698,61747],[-471,-772],[381,-628],[-505,-1051],[441,-171],[-1258,-1056]],[[62286,58069],[-485,-774],[-768,-739],[-540,-176],[-1454,-1358],[-1414,-1166]],[[57625,53856],[-996,-120],[-859,885],[-604,-34],[-1102,-1328],[-261,652],[-496,173],[-476,-477],[-1201,227],[443,833],[-488,443],[-345,-206],[-1111,857],[-531,910]],[[49598,56671],[-25,612],[-406,524],[1276,520]],[[50443,58327],[578,-718],[457,63],[966,-666],[1182,183],[1351,995],[827,398],[431,-79],[385,555],[1325,463],[80,493],[921,-53],[311,826],[353,-210],[643,336]],[[60253,60913],[574,60],[453,671],[1170,202],[360,-412],[888,313]],[[53006,83951],[244,-514],[-672,-351],[200,-559],[-1100,-642],[-281,-820],[-368,-69],[-2,-850],[-1424,-272]],[[49603,79874],[-342,450]],[[49261,80324],[-781,2342],[220,1017],[-166,638]],[[48534,84321],[2566,946]],[[63447,65174],[460,-734],[-915,-505],[925,-751],[29,-524],[807,65],[317,-625]],[[65070,62100],[-894,-401],[-478,48]],[[60253,60913],[-288,666],[204,366],[-725,519],[-851,2],[-1199,-747],[-883,315],[720,1633]],[[57231,63667],[-949,927],[457,709],[912,511],[333,910],[-655,-191],[29,801]],[[57358,67334],[621,183],[816,-126],[514,376],[146,-485],[1229,404]],[[48534,84321],[200,923],[-398,579],[-43,670],[725,591]],[[49018,87084],[316,-542],[428,143]],[[61199,82367],[-780,-304],[-677,98],[198,-734],[-1127,67],[-343,-642],[-905,-367],[169,-430],[-706,-491],[399,-608],[-413,-833],[-814,-124],[-1210,-499]],[[54990,77500],[-619,2761],[-578,799],[-1825,167],[74,-959],[-342,-641],[1090,-1597],[639,-1470]],[[53429,76560],[-775,-252],[-387,-492],[-989,-535],[57,627],[-661,1674],[429,774],[-412,1347],[-828,-685],[-260,856]],[[54326,87962],[1500,-464],[1189,-695],[1719,1461]],[[58734,88264],[674,-594],[1309,-2298],[-103,-605],[585,-2400]],[[57358,67334],[-457,-377],[-202,-710],[-354,210],[127,923]],[[56472,67380],[738,1993],[-952,261],[-358,1502],[899,462],[-412,1560],[-562,512],[-476,847]],[[55349,74517],[470,95],[92,808],[-476,1386]],[[55435,76806],[733,241],[149,-957],[450,94],[42,-630],[947,-206],[162,-775],[704,-462],[304,-2026],[326,107],[523,-1420],[463,-357]],[[55435,76806],[-445,694]],[[61199,82367],[299,-407],[-189,-1007],[771,-210],[595,-2237],[45,-977],[981,-1546],[20,-1851],[1014,-1546],[4,-463],[1501,-1978],[0,-653]],[[72182,66614],[-716,-809]],[[71466,65805],[-473,-1696]],[[70993,64109],[-756,-123],[-629,-496],[-951,59],[-90,-426],[-1014,125],[-1308,-424],[-398,-422]],[[65847,62402],[-777,-302]],[[66721,68153],[1621,-543],[132,-665],[1773,68],[992,-354],[943,-45]],[[57231,63667],[-836,-252],[-356,-409],[-1346,-14],[-116,442],[-944,-167],[-1365,97],[-630,573],[-589,143]],[[51049,64080],[-544,329],[-522,787],[154,519]],[[50137,65715],[291,-140],[1183,241],[93,465],[620,357],[-205,613],[465,485]],[[52584,67736],[808,-93],[389,384],[33,793],[631,-43],[1308,-1291],[719,-106]],[[53429,76560],[753,-1467],[533,-305],[444,-781],[190,510]],[[52584,67736],[294,375],[-487,1497],[35,573],[-623,-19],[-668,610],[-602,72]],[[50533,70844],[-398,1521],[209,485],[-121,1550],[-372,491],[327,555],[-627,398],[-291,1577],[-2,1294],[-507,1374],[510,235]],[[50443,58327],[-539,621],[167,993],[773,2099],[-658,289],[808,783],[55,968]],[[51529,91356],[-171,669],[441,891],[517,67],[263,933],[1007,175],[386,-855],[1145,146],[247,-499],[776,266],[1077,-540],[904,-1071],[780,-337],[-699,-1002],[170,-1257],[362,-678]],[[68676,57178],[587,41],[768,-1305],[819,-307],[-667,-541],[-16,-750]],[[70167,54316],[32,-479]],[[70199,53837],[-215,54],[-2406,-1107],[-1479,-996]],[[66099,51788],[-1233,998],[-276,1024],[-619,-81]],[[63971,53729],[749,770],[626,155],[413,1142],[1387,711],[16,313]],[[67162,56820],[1514,358]],[[65847,62402],[925,-6],[-13,-1206],[-428,-841],[890,-478]],[[67221,59871],[-1007,-1036]],[[66214,58835],[-1505,-1339],[-510,477],[-490,-176],[-1423,272]],[[70029,59199],[-614,-571],[-24,-653],[-715,-797]],[[67162,56820],[-278,516],[121,1092],[-791,407]],[[67221,59871],[445,520],[395,-406],[827,-51],[1141,-735]],[[63971,53729],[-1481,-135],[-806,389],[-706,-402],[-376,467],[-2164,-1199],[-813,1007]],[[73302,64263],[-679,-813],[-1638,312],[8,347]],[[71466,65805],[359,-566],[1477,-976]],[[79389,50577],[-758,-453],[-921,-121],[-1771,127],[-1435,393]],[[74504,50523],[441,492],[-20,1056],[477,737],[-35,519]],[[75367,53327],[1417,-389],[389,-704],[935,-588],[1281,-1069]],[[73485,64199],[-183,64]],[[72182,66614],[894,576],[581,-1859],[-172,-1132]],[[60676,41116],[-1147,-162],[-1317,94],[-777,-707],[-858,148],[-529,486],[-1593,32],[-690,-357]],[[53765,40650],[-182,759],[1648,690],[619,-152],[495,970],[1411,844],[1071,170],[425,731],[186,911],[-256,609]],[[59182,46182],[373,170],[264,1233],[694,328],[614,-364],[806,112],[241,-512],[717,17],[173,816]],[[63064,47982],[807,-968],[-410,-821],[174,-861],[626,-668],[-406,-343],[296,-1953],[-1655,-946],[-982,716],[-471,1291],[-626,-31],[-593,-445],[-6,-457],[534,-526],[324,-854]],[[53765,40650],[-603,-378],[-871,-1249],[-556,-240],[-799,1052]],[[50936,39835],[-912,1599],[10,647],[-1058,1023],[-545,840],[174,1788],[-987,958]],[[47618,46690],[79,404],[1145,357],[721,1],[1625,974]],[[51188,48426],[1587,324],[1881,992],[1453,196],[1941,-753],[666,-911],[-163,-424],[629,-1668]],[[74878,41827],[-42,-811],[-1572,7],[-406,200],[-1797,269],[-1369,-456],[-328,425],[234,497]],[[69598,41958],[911,187],[2035,-91],[1565,-318],[769,91]],[[66099,51788],[92,-662],[-711,-127],[-313,-715],[431,-1051],[426,28],[146,-616],[-529,-296]],[[65641,48349],[-1632,1869],[-682,289],[-322,715],[-1189,128],[-1419,-92],[-491,-366],[550,-54],[394,-700],[866,-292],[293,-646],[702,41],[-56,-495],[409,-764]],[[51188,48426],[143,391],[-351,1303],[677,165],[617,915],[-691,672],[-1392,650],[-665,651],[-657,-5],[-947,587],[-534,47],[-395,651]],[[46993,54453],[472,716],[912,-52],[192,912],[1029,642]],[[47618,46690],[-616,-308],[-1895,-26],[-1284,-596],[-647,115],[-1483,-758],[-988,-180],[-1885,-1217],[-1254,-275],[-474,274]],[[37672,49315],[344,1112],[819,-500],[495,244],[928,-210],[1373,310],[879,507],[282,-130],[736,2364],[596,-85],[826,373],[603,623]],[[45553,53923],[1440,530]],[[70199,53837],[136,-1243],[1259,-299],[379,225]],[[71973,52520],[-1018,-1210],[-1872,-1481],[-460,-722],[-706,-405],[-1101,-1210],[-1000,-4],[-175,861]],[[80080,63136],[899,-652],[1072,119],[534,-155],[-81,-1024],[-1089,-540]],[[81415,60884],[-300,879],[-601,297],[-798,-330],[-624,314],[-1240,239],[-154,-540],[-843,35],[-591,-422],[-22,-462],[-637,-75],[-1434,-762]],[[74171,60057],[-736,1053],[380,351],[-386,302]],[[73429,61763],[400,1185],[-372,614],[648,303]],[[74105,63865],[1293,132],[992,614],[433,508],[836,107],[448,-2899],[545,-112],[1042,502],[386,419]],[[73485,64199],[620,-334]],[[73429,61763],[-1225,-1409],[-1000,-145],[-115,-780],[-386,195],[-674,-425]],[[50936,39835],[-1145,119],[-1295,-2137],[556,-909],[754,-500],[15,-573],[-1553,-159],[-1758,-420],[-1981,894],[-675,-585],[-959,-256],[-1560,-682]],[[74171,60057],[-1440,-1730],[296,-1213],[-678,-1094],[-1275,-1191],[-907,-513]],[[80887,40546],[461,769],[908,484],[-489,2104],[-945,509],[-610,862]],[[80212,45274],[524,1754],[694,-617],[317,1004],[-668,1856]],[[81079,49271],[289,-447],[1442,-1251],[441,-689],[603,-285],[563,-834],[729,98],[810,-495],[-24,-1751],[-568,-1462],[-1052,-663],[-731,-58],[-1470,-694],[-1224,-194]],[[80212,45274],[-784,557],[-1011,-156],[-216,338],[-1270,943],[-866,177],[-1204,-117],[-691,-438],[-1467,150],[-1043,-565],[-679,470],[1039,1640],[1820,1201],[664,1049]],[[79389,50577],[327,-368],[847,-180],[516,-758]],[[50533,70844],[-175,-695],[-3066,42]],[[47292,70191],[-219,431],[-1101,388]],[[45972,71010],[-728,286],[-13,429],[-654,413],[-1289,50],[-762,-165],[-954,115],[-607,491]],[[40965,72629],[20,707],[-861,388],[-412,1372],[-833,899],[-742,345],[-474,949]],[[37663,77289],[213,544],[798,472],[171,428]],[[38845,78733],[769,287],[61,622],[401,-69],[73,648],[1467,1144],[937,135],[575,598]],[[43128,82098],[1242,123],[1081,685],[1328,-78],[-279,744],[83,1118],[302,387],[-195,813],[476,949],[1530,895]],[[48696,87734],[322,-650]],[[35322,80639],[-905,-1475],[-1395,-596],[-1054,-984]],[[31968,77584],[-166,1035],[-447,582],[-806,2080]],[[30549,81281],[-262,539],[1067,-141],[292,717],[1165,577],[111,456]],[[32922,83429],[916,-944],[1484,-1846]],[[33686,66721],[385,-991],[1741,-1361],[271,-630],[1132,-963],[-31,-261]],[[37184,62515],[29,-967],[-1635,-85],[-15,-738],[-1646,-1217],[-583,277],[-1114,-661],[57,-751],[-383,-854],[-518,97],[-166,-440]],[[31210,57176],[-861,1026],[448,122],[-144,760],[-788,237],[-667,837],[-1539,557]],[[27659,60715],[31,480],[503,347],[114,534],[759,379],[-46,447],[976,697],[-15,669],[1022,818],[719,1349],[1015,707]],[[32737,67142],[714,-77],[235,-344]],[[45972,71010],[-424,-591],[-499,-146],[-161,-608],[-742,-166],[-363,-681],[-286,145],[-737,-732]],[[42760,68231],[-793,333],[-2981,2855]],[[38986,71419],[1028,515],[308,673],[643,22]],[[38664,79590],[181,-857]],[[37663,77289],[-436,323],[-794,-704],[-1102,-577],[-643,-131]],[[34688,76200],[-31,297],[-1248,-1],[-1189,324]],[[32220,76820],[-252,764]],[[35322,80639],[1997,202],[266,-304],[161,-1034],[918,87]],[[30376,70147],[1076,-1383],[539,-266],[172,-1027],[574,-329]],[[27659,60715],[-458,-418],[-1690,763]],[[25511,61060],[-473,683],[281,1123],[-1367,570],[-1117,1602]],[[22835,65038],[1345,944],[-162,587],[684,1263],[1586,863],[740,1305],[1363,396]],[[28391,70396],[725,253],[1260,-502]],[[50137,65715],[-769,900],[-810,454],[-432,825]],[[48126,67894],[52,558],[-810,149],[15,635],[-827,227],[102,792],[634,-64]],[[32220,76820],[506,-1557],[-806,-167],[-743,-734]],[[31177,74362],[-355,-840],[-635,137],[-578,-656],[-878,731],[536,494],[-302,1614],[-959,-150],[-944,326],[-214,410]],[[26848,76428],[274,1617],[607,545],[-669,171],[542,941],[121,684]],[[27723,80386],[368,-328],[1310,-7],[542,437],[-38,630],[644,163]],[[31177,74362],[413,-314],[268,-822],[775,-546]],[[32633,72680],[-1171,-792],[-361,-45],[-106,-680],[-619,-1016]],[[28391,70396],[119,1277],[-894,285],[277,652],[-498,120],[299,587],[-689,489],[-955,161],[-798,-311]],[[25252,73656],[149,2608]],[[25401,76264],[1177,-60],[270,224]],[[45553,53923],[-430,660],[280,791],[-451,871],[-963,401],[-295,-121],[-576,779],[-68,1652],[-549,265],[-513,926],[-555,265],[-690,1282]],[[40743,61694],[426,885],[268,2],[963,1221]],[[42400,63802],[949,-698],[688,55],[374,505]],[[44411,63664],[1192,-469],[652,177],[-32,579],[631,-571],[693,155],[706,1191],[-215,1215],[85,830],[-279,539],[282,584]],[[40743,61694],[-322,-424],[-1028,806],[-994,319],[-470,-263],[-745,383]],[[33686,66721],[1616,565],[282,584],[987,50],[616,353]],[[37187,68273],[1642,-1857],[1643,-1419],[501,-186],[1427,-1009]],[[36277,71897],[20,-2237],[890,-1387]],[[32633,72680],[373,-555],[365,251],[811,-1104],[872,705],[362,-264],[861,184]],[[38664,79590],[-121,2024],[-714,155],[-588,1582],[239,631],[-530,723],[114,383],[-434,575]],[[36630,85663],[847,824],[3391,731],[210,-134],[1857,804],[612,-524],[158,-690],[-704,-1213],[-910,96],[-1528,-239],[781,-742],[-276,-474],[717,-791],[1117,-159],[-187,-441],[413,-613]],[[31776,51187],[364,1198],[-324,703],[220,1084],[-292,1048],[-772,408]],[[30972,55628],[448,1227],[-210,321]],[[38986,71419],[-617,764],[-416,70],[-1244,1022]],[[36709,73275],[-1320,1040],[-508,763],[-384,1065],[191,57]],[[32922,83429],[614,-132],[265,332],[-165,777],[339,19],[-155,1440],[783,397]],[[34603,86262],[1340,-132],[687,-467]],[[44411,63664],[-48,488],[700,631],[-204,1221],[-652,1057],[-1447,1170]],[[36709,73275],[-503,-148],[513,-472],[-380,-135],[-62,-623]],[[27723,80386],[-996,938],[-1057,236],[-140,1201],[-772,361],[-228,832],[-619,-41],[-1413,458]],[[22498,84371],[396,512],[-371,846],[148,464]],[[22671,86193],[1782,-660],[133,296],[2584,461],[53,-170],[1523,512],[-758,1055],[-83,592],[810,202],[428,-374],[848,84],[710,915],[1269,527],[1341,-489],[907,-1480],[385,-1402]],[[24917,47911],[-167,264],[-1875,906],[-54,645],[475,910],[562,-37],[802,1509],[1285,-218],[2579,712],[159,1124],[688,912],[-736,1038],[609,775],[669,61],[1059,-884]],[[21053,70625],[645,-1313],[-62,-1139],[-299,9],[42,-866],[-235,-637]],[[21144,66679],[-643,-258],[-508,169],[-691,-1140],[-411,272]],[[18891,65722],[340,204],[407,1038],[-1461,1626]],[[18177,68590],[239,453],[857,514],[17,458],[863,156],[216,530],[684,-76]],[[4080,79020],[840,-206],[497,-760],[643,98]],[[6060,78152],[416,-39],[40,-838],[1630,-857],[-112,-519],[817,185],[1004,-72],[461,-722]],[[10316,75290],[-550,-408]],[[9766,74882],[-878,-94],[-659,-715],[-878,-95],[-1376,168],[-404,-413]],[[5571,73733],[-697,1318],[-1853,1568],[-73,1252]],[[2948,77871],[972,646],[160,503]],[[17628,78540],[-472,-1306],[46,-722],[-917,-389],[-782,311],[-535,-591]],[[14968,75843],[-865,357],[-379,-283],[-436,1032],[-33,747]],[[13255,77696],[716,689],[103,1698],[704,420]],[[14778,80503],[1128,-140],[531,-333],[115,432],[929,111],[-96,-520],[491,-770],[-248,-743]],[[25401,76264],[-1746,1027],[-495,-596]],[[23160,76695],[-909,585],[-1086,-235]],[[21165,77045],[-1193,623],[-1188,165],[-1156,707]],[[14778,80503],[166,288],[1266,415],[141,554],[1184,1295],[-184,463],[352,980],[684,44],[991,-675],[1415,205],[1072,558],[633,-259]],[[12357,70958],[-764,-343]],[[11593,70615],[-314,658]],[[11279,71273],[836,562]],[[12115,71835],[242,-877]],[[14968,75843],[743,-537],[1112,-95],[-162,-404]],[[16661,74807],[-816,-452],[-207,-995],[533,-821],[-181,-265],[-1496,99],[-489,-307],[-1960,651]],[[12045,72717],[-730,-233]],[[11315,72484],[-1090,246]],[[10225,72730],[11,1786],[-470,366]],[[10316,75290],[1300,-303],[377,384],[247,1034],[-424,259],[-556,-405],[-525,412],[-337,1001]],[[10398,77672],[1322,-256],[145,368],[802,-245],[588,157]],[[23160,76695],[48,-863],[-486,-46],[-292,-639],[691,-64],[-379,-1098]],[[22742,73985],[-369,-843],[-1207,65],[-884,464],[258,314],[-397,468],[-313,-312],[-449,516],[-1577,475]],[[17804,75132],[266,442],[312,-416],[567,605],[1007,382],[804,-14],[405,914]],[[22835,65038],[-986,1258],[-705,383]],[[21053,70625],[1617,-114],[532,2012],[618,20],[-235,569]],[[23585,73112],[1667,544]],[[11315,72484],[-58,-704],[466,-14],[-444,-493]],[[11593,70615],[-687,-764],[186,-1038],[-595,-947],[-525,-96],[-1709,-1196],[-11,-466],[-936,-424],[-471,-736]],[[6845,64948],[-538,-21]],[[6307,64927],[37,601],[416,85],[22,1543],[-1069,1227]],[[5713,68383],[1581,784],[-116,672],[1172,2065],[1265,346],[610,480]],[[18891,65722],[-979,20],[-1069,-740],[-285,331],[-857,-219],[-278,-550],[-1502,233]],[[13921,64797],[-304,175],[270,598],[613,277],[-63,1198],[-569,776],[1081,171],[-265,360],[775,309]],[[15459,68661],[691,-57],[1274,317],[753,-331]],[[12045,72717],[70,-882]],[[5713,68383],[-551,1052],[-270,1731],[192,892],[708,835],[-221,840]],[[6060,78152],[700,227]],[[6760,78379],[1168,-588],[758,114],[656,690]],[[9342,78595],[311,-550],[745,-373]],[[19307,49318],[-738,-629],[-328,95],[-1789,-1447],[386,-498]],[[14628,42455],[-1339,-201]],[[13289,42254],[-241,3540],[390,394],[167,1247],[-1157,1111],[202,537],[-742,2050],[-380,607],[-95,830],[297,694],[-379,1385],[315,381],[-538,967]],[[11128,55997],[525,203],[0,788],[622,492],[-312,134],[-209,819],[441,212],[-238,651],[1428,302],[60,-561],[557,-233],[2351,989],[1540,-737],[-57,-1250],[832,-467],[-850,-411],[-69,-326],[1041,-77],[-503,-1183],[-57,-957],[315,-350],[-25,-1106],[424,-1490],[-461,-742],[824,-1379]],[[11306,59576],[533,-874],[-755,-1324],[251,-408],[-207,-973]],[[13289,42254],[-1047,-177],[-609,369],[-387,804],[-614,43],[-2311,-865],[-641,1388],[444,840],[-737,759],[-302,1469],[-971,488],[-396,1440],[-848,51],[-333,707],[-489,340],[-234,635],[131,1141],[840,1018],[-387,361],[764,1392],[230,1353]],[[5392,55810],[2583,2489],[910,1300],[373,824],[860,247],[467,-363],[23,-643],[698,-88]],[[19307,49318],[536,960],[766,764],[-214,1210],[479,756],[2237,889],[-145,500],[850,995],[-254,698],[-934,970],[-16,549],[646,58],[747,581],[-310,605],[804,1501],[793,275],[219,431]],[[17804,75132],[-299,-512],[-844,187]],[[10891,85005],[399,-1647],[-322,-503],[21,-954],[-1054,-1082],[-48,-525],[470,-274],[-845,-776],[-170,-649]],[[6760,78379],[59,348],[905,339],[454,498],[710,222],[-33,871],[-1877,1089],[-717,-128],[-1465,782],[136,384],[-949,468],[134,-650],[-792,-90],[-675,-1143],[522,-244],[-60,-876],[289,-657],[679,-572]],[[2948,77871],[-778,811],[-567,1157],[-286,1327],[-779,1028],[-411,210],[-127,1141],[411,1083],[1766,-589],[1785,893],[3431,969],[1891,248],[1607,-1144]],[[22512,89465],[389,-1005],[-230,-2267]],[[10891,85005],[1423,-340],[864,899],[738,463],[776,994],[1179,1033]],[[15871,88054],[677,359],[1435,222],[1398,800],[273,-420],[1111,476],[696,-406],[1051,380]],[[22742,73985],[992,-12],[-149,-861]],[[15459,68661],[-292,600],[-577,-325],[-477,674],[280,299],[-716,160],[422,418],[-460,149],[-501,-357],[-781,679]],[[11237,62674],[388,-283],[-297,-767],[151,-384],[-388,-617],[215,-1047]],[[5392,55810],[-53,614],[433,1180],[-554,735],[216,623],[-717,388],[333,667],[-416,633],[270,838],[-820,424],[309,904],[-404,14],[143,805],[522,635],[1653,657]],[[6845,64948],[115,-344],[1680,-654],[42,-529],[516,-9],[-140,-1181],[1475,-525],[-116,635],[820,333]],[[15871,88054],[-335,361],[-897,1745],[-290,1309],[835,723],[1898,-136],[310,-310],[1697,296],[1073,1014],[1086,-1227],[192,-1037],[1072,-1327]],[[13921,64797],[-424,-361],[435,-246],[-634,-491],[-1936,-514],[-125,-511]],[[48696,87734],[1031,3759]],[[80080,63136],[1661,1400],[1689,-2306],[-91,-2485],[-1924,1139]],[[80887,40546],[-699,156],[115,2345],[-5215,1454],[-210,-2674]],[[69598,41958],[-120,2636],[-1943,407],[-4229,-5688],[-2005,1953],[-625,-150]],[[71973,52520],[3394,807]],[[48696,87734],[-1338,3435],[-808,3048],[-281,2216],[-320,1523],[181,1353],[426,690],[736,-321],[893,-1330],[153,-1324],[973,-3545],[489,-1425],[-73,-561]],[[80080,63136],[-322,588],[-83,1323],[510,737],[589,1345],[-808,-351],[-980,607],[-104,993],[529,720],[179,890],[-745,1910],[-511,634],[400,1151],[878,518],[465,-270],[343,606],[1108,168],[289,-946],[573,257],[903,-45],[1132,-544],[329,-434],[1165,-511],[95,-365],[-773,-2633],[-523,-1178],[-81,-1507],[195,-298],[-853,-1147],[-472,-1514],[190,-763],[396,-401],[465,-1593],[594,-487],[489,-932],[872,-1003],[571,-1032],[-82,-990],[582,-1528],[90,-729],[-992,-1473],[-473,-14],[-1338,1886],[-4178,3039],[-781,1028],[23,444],[606,440],[874,1152]],[[69598,41958],[-1926,105],[-507,-374],[-579,-1208],[-618,-333],[-494,-724],[-36,-636],[-2362,-1206],[117,-1017],[428,-387],[-214,-427],[-1330,-1042],[-1646,-858],[-1512,-1140],[-670,-257],[-27,529],[-497,319],[-448,-373],[-558,143],[214,678],[938,800],[1422,880],[1259,214],[2142,796],[384,1605],[-707,52],[-1165,-372],[-448,133],[-26,907],[351,824],[-407,1527]],[[71973,52520],[827,684],[668,-91],[1866,2224],[682,1016],[495,-535],[-438,-259],[-447,-936],[-259,-1296]],[[80887,40546],[896,-410],[402,125],[1069,-564],[3270,491],[1003,-602],[1165,-402],[1957,55],[839,335],[1168,1091],[1058,579],[1291,263],[564,-223],[307,-666],[1778,-521],[410,-535],[237,-863],[-189,-1484],[35,-951],[492,-2013],[615,-1027],[207,-1664],[-999,-2067],[-264,-956],[272,-862],[986,-793],[370,-797],[-285,-1218],[443,-552],[-80,-858],[-777,-732],[-717,-22],[-833,-1011],[-327,-672],[-734,1235],[-534,1746],[17,1536],[545,982],[-1076,802],[-1055,1174],[-110,464],[763,1988],[45,826],[1133,3473],[-336,1550],[711,1449],[-218,537],[-812,436],[-536,-75],[-2790,-1397],[-408,-523],[-1312,-742],[-2880,-720],[-1899,-1048],[-2072,-253],[-1930,405],[-1037,1055],[-629,306],[-2299,18],[-815,468],[-1467,68],[-745,232],[24,550],[-931,544],[111,824],[1076,631],[1409,594],[2543,348],[556,521],[-745,489],[-1466,182],[-236,-160],[-1498,316],[-735,-24]]],"transform":{"scale":[0.000007877682932110246,0.000005444479706092994],"translate":[7.8364599515905,46.77492226522715]}}