{"type":"Topology","objects":{"municipalities":{"type":"GeometryCollection","geometries":[{"type":"Polygon","id":6402,"properties":{"id":6402,"name":"Bevaix"},"arcs":[[0,1,2,3]]},{"type":"Polygon","id":6404,"properties":{"id":6404,"name":"Boudry"},"arcs":[[4,5,-4,6,7,8,9,10]]},{"type":"Polygon","id":6405,"properties":{"id":6405,"name":"Brot-Dessous"},"arcs":[[-9,11,12,13]]},{"type":"Polygon","id":6407,"properties":{"id":6407,"name":"Corcelles-Cormondrèche"},"arcs":[[14,15,16,17]]},{"type":"Polygon","id":6408,"properties":{"id":6408,"name":"Cortaillod"},"arcs":[[18,-1,-6]]},{"type":"Polygon","id":6409,"properties":{"id":6409,"name":"Fresens"},"arcs":[[19,20,21,22]]},{"type":"Polygon","id":6410,"properties":{"id":6410,"name":"Gorgier"},"arcs":[[23,24,25,26,27,-7,-3]]},{"type":"Polygon","id":6411,"properties":{"id":6411,"name":"Montalchez"},"arcs":[[28,-22,29,-26]]},{"type":"Polygon","id":6412,"properties":{"id":6412,"name":"Peseux"},"arcs":[[30,31,-18,32,33]]},{"type":"Polygon","id":6413,"properties":{"id":6413,"name":"Rochefort"},"arcs":[[-16,34,-10,-14,35,36]]},{"type":"Polygon","id":6414,"properties":{"id":6414,"name":"Saint-Aubin-Sauges"},"arcs":[[37,38,-23,-29,-25]]},{"type":"Polygon","id":6415,"properties":{"id":6415,"name":"Vaumarcus"},"arcs":[[-39,39,40,-20]]},{"type":"Polygon","id":6416,"properties":{"id":6416,"name":"Milvignes"},"arcs":[[41,-11,-35,-15,-32,42]]},{"type":"Polygon","id":6421,"properties":{"id":6421,"name":"La Chaux-de-Fonds"},"arcs":[[43,44,45,46,47]]},{"type":"Polygon","id":6422,"properties":{"id":6422,"name":"Les Planchettes"},"arcs":[[48,49,50,-47]]},{"type":"Polygon","id":6423,"properties":{"id":6423,"name":"La Sagne"},"arcs":[[51,52,53,54,-45]]},{"type":"Polygon","id":6431,"properties":{"id":6431,"name":"Les Brenets"},"arcs":[[-50,55,56]]},{"type":"Polygon","id":6432,"properties":{"id":6432,"name":"La Brévine"},"arcs":[[57,58,59,60,61]]},{"type":"Polygon","id":6433,"properties":{"id":6433,"name":"Brot-Plamboz"},"arcs":[[-36,-13,62,63,-53]]},{"type":"Polygon","id":6434,"properties":{"id":6434,"name":"Le Cerneux-Péquignot"},"arcs":[[64,-61,65,66]]},{"type":"Polygon","id":6435,"properties":{"id":6435,"name":"La Chaux-du-Milieu"},"arcs":[[67,-62,-65,68]]},{"type":"Polygon","id":6436,"properties":{"id":6436,"name":"Le Locle"},"arcs":[[-55,69,-69,-67,70,-56,-49,-46]]},{"type":"Polygon","id":6437,"properties":{"id":6437,"name":"Les Ponts-de-Martel"},"arcs":[[-64,71,-58,-68,-70,-54]]},{"type":"Polygon","id":6451,"properties":{"id":6451,"name":"Cornaux"},"arcs":[[72,73,74,75]]},{"type":"Polygon","id":6452,"properties":{"id":6452,"name":"Cressier (NE)"},"arcs":[[76,-76,77,78,79,80]]},{"type":"Polygon","id":6453,"properties":{"id":6453,"name":"Enges"},"arcs":[[81,-80,82,83,84]]},{"type":"Polygon","id":6454,"properties":{"id":6454,"name":"Hauterive (NE)"},"arcs":[[85,86,87]]},{"type":"Polygon","id":6455,"properties":{"id":6455,"name":"Le Landeron"},"arcs":[[88,89,90,-81,-82,91]]},{"type":"Polygon","id":6456,"properties":{"id":6456,"name":"Lignières"},"arcs":[[-92,-85,92,93]]},{"type":"Polygon","id":6458,"properties":{"id":6458,"name":"Neuchâtel"},"arcs":[[-79,94,-87,95,-43,-31,96,97,-83]]},{"type":"Polygon","id":6459,"properties":{"id":6459,"name":"Saint-Blaise"},"arcs":[[-75,98,99,-88,-95,-78]]},{"type":"Polygon","id":6461,"properties":{"id":6461,"name":"La Tène"},"arcs":[[100,101,-99,-74]]},{"type":"Polygon","id":6485,"properties":{"id":6485,"name":"Valangin"},"arcs":[[-97,-34,102]]},{"type":"Polygon","id":6487,"properties":{"id":6487,"name":"Val-de-Ruz"},"arcs":[[-93,-84,-98,-103,-33,-17,-37,-52,-44,103]]},{"type":"Polygon","id":6504,"properties":{"id":6504,"name":"La Côte-aux-Fées"},"arcs":[[104,105,106]]},{"type":"Polygon","id":6511,"properties":{"id":6511,"name":"Les Verrières"},"arcs":[[-106,107,108]]},{"type":"Polygon","id":6512,"properties":{"id":6512,"name":"Val-de-Travers"},"arcs":[[-63,-12,-8,-28,109,-107,-109,110,-59,-72]]},{"type":"Polygon","id":9150,"properties":{"id":9150,"name":"Bielersee/Lac de Bienne (NE)"},"arcs":[[-90,111]]},{"type":"Polygon","id":9155,"properties":{"id":9155,"name":"Lac de Neuchâtel (NE)"},"arcs":[[-102,112,113,-40,-38,-24,-2,-19,-5,-42,-96,-86,-100]]}]},"lakes":{"type":"GeometryCollection","geometries":[{"type":"Polygon","id":9148,"properties":{"id":9148,"name":"Bielersee"},"arcs":[[114,-90],[115]]},{"type":"Polygon","id":9151,"properties":{"id":9151,"name":"Lac de Neuchâtel"},"arcs":[[-40,-38,-24,-2,-19,-5,-42,-96,-86,-100,-102,116,117]]}]}},"arcs":[[[49421,41346],[394,-1596],[540,-844],[408,-47]],[[50763,38859],[-319,-1836],[-779,310],[-649,-1003],[-710,-303],[-923,-1136],[-970,-658]],[[46413,34233],[-1123,761],[-690,-391],[-1398,856],[-560,678],[1656,2135],[-1302,1670],[-689,2198]],[[42307,42140],[1110,1269],[282,-43],[118,-1196],[1645,-1628],[1551,332],[489,849],[1635,-822],[284,445]],[[55034,44977],[-322,-1015],[-74,-1653]],[[54638,42309],[-512,938],[-2248,1015],[-489,-265],[-372,-948],[-1025,-755],[-571,-948]],[[42307,42140],[-572,-125],[-874,-1080],[-1372,-152],[150,1163]],[[39639,41946],[-1479,2247]],[[38160,44193],[492,30],[1103,-1001],[600,952],[719,221],[723,977],[2000,874],[-20,637]],[[43777,46883],[1079,320],[1012,-555],[869,280],[1699,2075]],[[48436,49003],[1315,-993],[-335,-268],[674,-1718],[594,587],[396,-857],[1777,357],[538,-674],[433,779],[1206,-1239]],[[38160,44193],[-436,580],[602,1353]],[[38326,46126],[2318,1800],[1366,1438],[1088,504]],[[43098,49868],[679,-2985]],[[56341,52223],[-1107,-375],[-513,-699],[-980,-412],[-1356,1466],[-818,-59]],[[51567,52144],[-194,1594]],[[51373,53738],[1167,220],[-196,807],[299,591],[1455,797],[961,1207]],[[55059,57360],[1015,-1517],[-258,-774],[525,-2846]],[[54638,42309],[-1385,-1266],[-1698,-679],[-792,-1505]],[[39691,25217],[-546,59],[-843,945]],[[38302,26221],[-268,27],[207,2026]],[[38241,28274],[706,-85],[190,618],[1023,341]],[[40160,29148],[472,-254],[-985,-2802],[44,-875]],[[46413,34233],[-462,-1179],[-1461,-1953],[-849,-1667]],[[43641,29434],[-593,944],[-377,-682],[-582,845],[-1348,3826],[-436,507],[-2388,4697],[-932,-956],[-689,-198]],[[36296,38417],[-75,51]],[[36221,38468],[-323,1317]],[[35898,39785],[-182,1060],[1815,739],[2108,362]],[[36296,38417],[3097,-6080],[-178,-361],[810,-793],[603,-1545],[-468,-490]],[[38241,28274],[51,666],[-2374,2780],[-534,175],[88,2576],[749,3997]],[[58170,57776],[-258,-1886],[213,-675],[-128,-1642],[154,-848],[-749,-458]],[[57402,52267],[-1027,-433],[-34,389]],[[55059,57360],[777,621]],[[55836,57981],[1585,389],[749,-594]],[[51567,52144],[124,-1441],[-936,56],[-1293,-427],[-1026,-1329]],[[43098,49868],[-2015,4828],[843,645],[710,1225],[292,-370],[1913,2990],[317,967]],[[45158,60153],[1876,-1335],[370,-869],[1326,-1335],[-170,-363],[1122,-767],[884,-1210],[650,97],[157,-633]],[[43641,29434],[-282,-801],[-1234,-924],[-713,-1531],[-287,-1790]],[[41125,24388],[-1434,829]],[[41125,24388],[-764,-2241]],[[40361,22147],[-369,447],[-1720,367],[-918,-975],[863,2910],[85,1325]],[[57675,50523],[-1011,-452],[-1468,-1530],[-188,-1650],[26,-1914]],[[57402,52267],[273,-1744]],[[54093,78875],[-1838,-3824],[-737,-1035]],[[51518,74016],[-811,1176],[-1437,3489],[-1689,-1718],[-392,-1001],[-680,-121],[-1169,-762],[-1303,-2371]],[[44037,72708],[-282,492],[128,1755],[-817,1074],[-751,293],[-997,3462]],[[41318,79784],[526,1253],[1085,1016],[1302,1876],[2032,1452],[9,2313],[-1468,2177]],[[44804,89871],[1819,1126],[210,1065],[805,26],[658,1260],[545,429],[480,1162],[312,-11],[1061,1060],[255,1034],[918,416],[1242,2371],[306,190],[3397,-9035],[-961,-5993],[-1270,-1637],[-488,-4459]],[[41318,79784],[-213,-107]],[[41105,79677],[-1133,723],[-1810,-118]],[[38162,80282],[542,498],[355,1758],[-606,1371],[-174,1138],[972,435],[578,1116],[1587,1516],[1263,191],[448,633],[1677,933]],[[51518,74016],[-837,-2199],[-1574,-3162],[-1193,-2935],[-324,-1354],[-621,-1234],[-1811,-2979]],[[45158,60153],[-1785,1192]],[[43373,61345],[-3551,2656]],[[39822,64001],[-165,770],[2368,2340],[525,1644],[659,436],[390,1300],[167,1666],[271,551]],[[41105,79677],[-969,-1735],[-1023,-1216],[32,-354],[-959,-1830],[-680,-516],[-478,-1028],[-1429,-1650],[159,-1081]],[[35758,70267],[-902,300],[-452,1188],[-984,234],[-286,827],[-858,1147],[225,565],[789,283],[946,2498],[-552,396],[1375,1505],[208,544],[793,251],[469,620],[673,-572],[960,229]],[[29149,49984],[-468,-644]],[[28681,49340],[-2742,-3498],[-572,216],[-1821,-251],[-1726,-1138],[-952,-924],[-2470,-241],[-2233,-862],[-1766,82],[-1422,-889],[-2871,1828],[-1317,289],[-1467,2188],[-686,1785]],[[6636,47925],[1330,1840],[1030,-2116],[1701,1231],[2355,738],[1975,1123],[1262,398],[1169,755],[2374,2226]],[[19832,54120],[3023,-2310],[48,639],[666,529],[-38,448],[1633,1145],[2059,2006]],[[27223,56577],[375,-1439],[272,-2128],[1279,-3026]],[[38326,46126],[-835,-643],[-2005,2143],[-481,180]],[[35005,47806],[610,1712],[-169,805],[1440,1525],[697,1095],[522,360],[566,1235],[174,946],[1140,1195],[159,710],[734,505],[257,995],[1043,980],[1195,1476]],[[34719,64813],[2280,-1497],[-2845,-1072],[-1381,-1416],[160,-559],[-1694,-855],[-1703,-1404],[-2313,-1433]],[[19832,54120],[526,459],[1633,-426],[1109,258],[1939,1711],[824,1136],[427,1002],[1182,3860],[653,1331],[2425,2331],[1067,572],[1284,25],[268,341]],[[33169,66720],[1550,-1907]],[[38962,62609],[-1405,-1505],[-1135,-1931],[-740,-2231],[-967,-1606],[-1812,-1740],[-2187,-1206],[-1567,-2406]],[[34719,64813],[2516,-14],[1097,-1107],[630,-1083]],[[39822,64001],[-860,-1392]],[[33169,66720],[1583,2448],[1006,1099]],[[35005,47806],[-2754,2736],[-683,54],[-609,-811],[-1516,-994],[-647,3],[-115,546]],[[75304,65616],[-506,-1434],[28,-1375]],[[74826,62807],[-638,-237],[117,1028],[-358,1059],[-642,-493],[-857,-1989],[-504,-118]],[[71944,62057],[-1142,718],[-322,647],[374,751],[392,2665],[1092,1071]],[[72338,67909],[1064,244],[339,-582],[490,180],[1062,-1313],[11,-822]],[[77354,67928],[-1756,-1774],[-294,-538]],[[72338,67909],[-1186,-151],[-1080,787],[-482,1471]],[[69590,70016],[82,67]],[[69672,70083],[1073,2329],[669,-399],[-43,-1480],[881,-581],[1231,1433],[-291,1553],[426,879],[739,669]],[[74357,74486],[441,-181],[441,-1056],[991,-496],[785,-1578],[-374,-179],[570,-1075],[-369,-137],[512,-1856]],[[75201,78498],[-375,-570],[-999,-2761],[530,-681]],[[69672,70083],[-620,3221]],[[69052,73304],[1483,2946],[1775,5164]],[[72310,81414],[611,47],[2280,-2963]],[[68333,58851],[-1316,-1380]],[[67017,57471],[-920,3783],[-813,1444],[946,1200]],[[66230,63898],[1747,-2310],[-5,-897],[361,-1840]],[[80278,76480],[474,-953],[-62,-1369],[1016,-2167]],[[81706,71991],[-828,-107],[-1044,-1142],[451,-757]],[[80285,69985],[-1403,-1686],[-1528,-371]],[[75201,78498],[2537,-2956],[1720,1593],[820,-655]],[[72310,81414],[649,2979],[639,1598]],[[73598,85991],[660,-2230],[1481,1382],[1079,-1056],[989,-1386],[768,-25],[1538,-875],[1387,-2776],[28,-1066],[-1250,-1479]],[[69590,70016],[-993,-1849],[-2196,-3595],[-171,-674]],[[67017,57471],[-1324,-722],[-633,-1419],[-1838,-1067],[-123,246],[-1261,-1073],[-296,228],[-1174,-1168],[-1132,-1559],[-1561,-414]],[[58170,57776],[581,-18],[1084,1262]],[[59835,59020],[3052,3139],[1567,2058],[1781,993],[1169,2309],[1409,5362],[239,423]],[[71944,62057],[213,-756],[-797,-870],[-1164,269],[-321,-1874]],[[69875,58826],[-1542,25]],[[74826,62807],[56,-1860],[-485,-1750],[-544,-1114]],[[73853,58083],[-533,-1019],[-256,801],[-1642,-603],[-1150,652],[-397,912]],[[55836,57981],[-229,128],[566,1653],[-99,955],[932,444],[510,692],[1092,136],[371,-431],[12,916],[537,2290],[395,-1018],[-503,-1162],[113,-640],[735,-815],[-433,-2109]],[[54093,78875],[2392,1804],[3991,3431],[1051,1082],[398,889],[827,-1019],[1401,942],[2998,749],[3093,989],[1398,1385],[351,-271],[1876,264],[555,805],[965,-173],[303,-609],[-1012,-1206],[-1082,-1946]],[[11807,19453],[-523,-538],[-5133,-2643],[-1950,329],[-138,788],[-667,199],[348,6292]],[[3744,23880],[4184,1705]],[[7928,25585],[1481,-3197],[2398,-2935]],[[3744,23880],[207,3905],[-830,2773],[-2066,4424],[-678,1000],[-377,1787],[1494,1299],[1837,2533],[323,1057],[1190,2237]],[[4844,44895],[877,-1033],[825,-329],[573,-1098],[-299,-916],[475,-413],[-227,-663],[815,-2066],[650,648],[290,-2190],[-442,-617],[281,-4141],[661,-67],[209,-1122],[317,178],[263,-1089],[-1024,-442],[-7,-874],[-1153,-3076]],[[35898,39785],[-4466,-2699],[-2069,-1455],[-2644,-2544],[-209,-1155],[-2298,-4592],[-1550,59],[-2102,-1413],[-1309,159],[-2100,-1386],[-1370,-1290],[-920,-225],[-800,-1124],[-977,-479],[-1277,-2188]],[[4844,44895],[1209,2231],[583,799]],[[81706,71991],[-1421,-2006]],[[73853,58083],[1805,-6821]],[[75658,51262],[-4695,1795],[-9268,-8803],[-3949,-7307],[-3777,-4151],[-10697,-14920],[-2911,4271]],[[81706,71991],[832,358],[1647,1477],[896,2318],[4164,3727],[1023,369],[2621,3121],[965,1775],[917,804],[1605,1945],[654,1324],[1131,1398],[1311,1043],[527,-564],[-163,-732],[-1816,-3689],[-324,-1937],[-573,-876],[-309,-1228],[-834,-1795],[134,-1229],[-1500,-3642],[-441,-1559],[-948,-1232],[-463,541],[-405,-1419],[51,-613],[-1438,-1966],[-1081,-643],[-754,20],[-1276,-1164],[-2161,-1263],[-1278,-173],[-798,946],[-414,1433],[-2435,-89],[-488,1208]],[[88213,76658],[-48,-708],[-797,-2412],[-3368,-3843],[-755,-718],[203,-284],[3760,3522],[750,1420],[867,1162],[358,851],[-149,566],[-821,444]],[[73853,58083],[626,76],[843,-1174],[643,-1270],[829,-2637],[-1142,-1351],[6,-465]],[[75658,51262],[-490,-2185],[-878,-1257],[-242,-852],[-962,-1164],[-1761,-1619],[-654,-241],[-1190,-1308],[-832,-573],[-536,-996],[34,-849],[-1756,-2211],[-1434,-1334],[-389,-806],[-1367,-1806],[-1387,-1052],[-173,-1016],[-794,-312],[-2319,-2149],[-61,-898],[-2095,-2901],[-354,-994],[-909,-1308],[-679,-1541],[-1706,-1978],[-1384,-1242],[-709,-1542],[-1591,-1764],[-1402,-677],[-909,-931],[-2350,-3238],[-1423,-2425],[-2170,-2954],[-976,-461],[-819,462],[-544,843],[-536,-503],[-688,345],[-1746,-70],[-518,-620],[-3055,-2096],[-2044,-1610],[-422,-645],[-653,16],[-1318,-800],[-620,277],[-613,847],[-117,889],[-408,-276],[-347,925],[51,1981],[1232,1222],[1633,2245],[2276,1472],[695,855],[401,1332],[2549,2254],[1126,2324],[943,866],[752,246],[1424,2002],[652,409],[859,1024],[406,1253]]],"transform":{"scale":[0.000008025656510782688,0.0000038111362076768987],"translate":[6.432763407771882,46.78451523663237]}}