{"type":"Topology","objects":{"municipalities":{"type":"GeometryCollection","geometries":[{"type":"Polygon","id":6402,"properties":{"id":6402,"name":"Bevaix"},"arcs":[[0,1,2,3]]},{"type":"Polygon","id":6404,"properties":{"id":6404,"name":"Boudry"},"arcs":[[4,5,-4,6,7,8,9,10]]},{"type":"Polygon","id":6405,"properties":{"id":6405,"name":"Brot-Dessous"},"arcs":[[-9,11,12,13]]},{"type":"Polygon","id":6407,"properties":{"id":6407,"name":"Corcelles-Cormondrèche"},"arcs":[[14,15,16,17]]},{"type":"Polygon","id":6408,"properties":{"id":6408,"name":"Cortaillod"},"arcs":[[18,-1,-6]]},{"type":"Polygon","id":6409,"properties":{"id":6409,"name":"Fresens"},"arcs":[[19,20,21,22]]},{"type":"Polygon","id":6410,"properties":{"id":6410,"name":"Gorgier"},"arcs":[[23,24,25,26,27,-7,-3]]},{"type":"Polygon","id":6411,"properties":{"id":6411,"name":"Montalchez"},"arcs":[[28,-22,29,-26]]},{"type":"Polygon","id":6412,"properties":{"id":6412,"name":"Peseux"},"arcs":[[30,31,-18,32,33]]},{"type":"Polygon","id":6413,"properties":{"id":6413,"name":"Rochefort"},"arcs":[[-16,34,-10,-14,35,36]]},{"type":"Polygon","id":6414,"properties":{"id":6414,"name":"Saint-Aubin-Sauges"},"arcs":[[37,38,-23,-29,-25]]},{"type":"Polygon","id":6415,"properties":{"id":6415,"name":"Vaumarcus"},"arcs":[[-39,39,40,-20]]},{"type":"Polygon","id":6416,"properties":{"id":6416,"name":"Milvignes"},"arcs":[[41,-11,-35,-15,-32,42]]},{"type":"Polygon","id":6421,"properties":{"id":6421,"name":"La Chaux-de-Fonds"},"arcs":[[43,44,45,46,47]]},{"type":"Polygon","id":6422,"properties":{"id":6422,"name":"Les Planchettes"},"arcs":[[48,49,50,-47]]},{"type":"Polygon","id":6423,"properties":{"id":6423,"name":"La Sagne"},"arcs":[[51,52,53,54,-45]]},{"type":"Polygon","id":6431,"properties":{"id":6431,"name":"Les Brenets"},"arcs":[[-50,55,56]]},{"type":"Polygon","id":6432,"properties":{"id":6432,"name":"La Brévine"},"arcs":[[57,58,59,60,61]]},{"type":"Polygon","id":6433,"properties":{"id":6433,"name":"Brot-Plamboz"},"arcs":[[-36,-13,62,63,-53]]},{"type":"Polygon","id":6434,"properties":{"id":6434,"name":"Le Cerneux-Péquignot"},"arcs":[[64,-61,65,66]]},{"type":"Polygon","id":6435,"properties":{"id":6435,"name":"La Chaux-du-Milieu"},"arcs":[[67,-62,-65,68]]},{"type":"Polygon","id":6436,"properties":{"id":6436,"name":"Le Locle"},"arcs":[[-55,69,-69,-67,70,-56,-49,-46]]},{"type":"Polygon","id":6437,"properties":{"id":6437,"name":"Les Ponts-de-Martel"},"arcs":[[-64,71,-58,-68,-70,-54]]},{"type":"Polygon","id":6451,"properties":{"id":6451,"name":"Cornaux"},"arcs":[[72,73,74,75]]},{"type":"Polygon","id":6452,"properties":{"id":6452,"name":"Cressier (NE)"},"arcs":[[76,-76,77,78,79,80]]},{"type":"Polygon","id":6453,"properties":{"id":6453,"name":"Enges"},"arcs":[[81,-80,82,83,84]]},{"type":"Polygon","id":6454,"properties":{"id":6454,"name":"Hauterive (NE)"},"arcs":[[85,86,87]]},{"type":"Polygon","id":6455,"properties":{"id":6455,"name":"Le Landeron"},"arcs":[[88,89,90,-81,-82,91]]},{"type":"Polygon","id":6456,"properties":{"id":6456,"name":"Lignières"},"arcs":[[-92,-85,92,93]]},{"type":"Polygon","id":6458,"properties":{"id":6458,"name":"Neuchâtel"},"arcs":[[-79,94,-87,95,-43,-31,96,97,-83]]},{"type":"Polygon","id":6459,"properties":{"id":6459,"name":"Saint-Blaise"},"arcs":[[-75,98,99,-88,-95,-78]]},{"type":"Polygon","id":6461,"properties":{"id":6461,"name":"La Tène"},"arcs":[[100,101,-99,-74]]},{"type":"Polygon","id":6485,"properties":{"id":6485,"name":"Valangin"},"arcs":[[-97,-34,102]]},{"type":"Polygon","id":6487,"properties":{"id":6487,"name":"Val-de-Ruz"},"arcs":[[-93,-84,-98,-103,-33,-17,-37,-52,-44,103]]},{"type":"Polygon","id":6504,"properties":{"id":6504,"name":"La Côte-aux-Fées"},"arcs":[[104,105,106]]},{"type":"Polygon","id":6511,"properties":{"id":6511,"name":"Les Verrières"},"arcs":[[-106,107,108]]},{"type":"Polygon","id":6512,"properties":{"id":6512,"name":"Val-de-Travers"},"arcs":[[-63,-12,-8,-28,109,-107,-109,110,-59,-72]]},{"type":"Polygon","id":9150,"properties":{"id":9150,"name":"Bielersee/Lac de Bienne (NE)"},"arcs":[[-90,111]]},{"type":"Polygon","id":9155,"properties":{"id":9155,"name":"Lac de Neuchâtel (NE)"},"arcs":[[-102,112,-40,-38,-24,-2,-19,-5,-42,-96,-86,-100]]}]}},"arcs":[[[60485,29946],[483,-1906],[661,-1007],[499,-57]],[[62128,26976],[-391,-2192],[-953,370],[-794,-1198],[-869,-362],[-1130,-1357],[-1186,-786]],[[56805,21451],[-1375,909],[-844,-467],[-1712,1023],[-685,810],[2027,2549],[-1594,1994],[-843,2626]],[[51779,30895],[1359,1516],[345,-52],[144,-1428],[2013,-1944],[1898,397],[599,1013],[2001,-982],[347,531]],[[67355,34284],[-394,-1213],[-90,-1975]],[[66871,31096],[-627,1122],[-3072,1264],[-733,-1502],[-1255,-901],[-699,-1133]],[[51779,30895],[-700,-149],[-1070,-1290],[-1679,-182],[183,1390]],[[48513,30664],[-1810,2683]],[[46703,33347],[603,36],[1350,-1195],[734,1136],[880,265],[884,1166],[2448,1044],[-24,761]],[[53578,36560],[1320,382],[1239,-663],[1063,334],[2080,2479]],[[59280,39092],[1610,-1186],[-411,-320],[825,-2052],[727,701],[485,-1023],[2175,426],[658,-805],[530,930],[1476,-1479]],[[46703,33347],[-533,693],[737,1616]],[[46907,35656],[2836,2149],[1673,1718],[1331,602]],[[52747,40125],[831,-3565]],[[68954,42937],[-1354,-447],[-627,-835],[-1200,-492],[-1659,1750],[-1002,-70]],[[63112,42843],[-237,1904]],[[62875,44747],[1428,263],[-240,964],[366,706],[1781,952],[1176,1441]],[[67386,49073],[1242,-1812],[-316,-925],[642,-3399]],[[66871,31096],[-1695,-1511],[-2079,-811],[-969,-1798]],[[48578,10683],[-548,-41],[-1152,1240]],[[46878,11882],[-329,33],[253,2419]],[[46802,14334],[865,-102],[232,739],[1252,407]],[[49151,15378],[578,-303],[-1206,-3347],[55,-1045]],[[56805,21451],[-567,-1408],[-1788,-2332],[-1039,-1991]],[[53411,15720],[-725,1127],[-461,-814],[-713,1009],[-1649,4569],[-534,606],[-2923,5610],[-1140,-1142],[-844,-237]],[[44422,26448],[-92,61]],[[44330,26509],[-395,1574]],[[43935,28083],[-223,1266],[2222,882],[2579,433]],[[44422,26448],[3790,-7262],[-217,-431],[991,-946],[738,-1846],[-573,-585]],[[46802,14334],[63,796],[-2905,3320],[-654,209],[108,3077],[916,4773]],[[71193,49570],[-316,-2253],[261,-806],[-157,-1961],[190,-1013],[-918,-547]],[[70253,42990],[-1256,-517],[-43,464]],[[67386,49073],[950,742]],[[68336,49815],[1941,465],[916,-710]],[[63112,42843],[151,-1720],[-1144,66],[-1583,-510],[-1256,-1587]],[[52747,40125],[-2466,5766],[1031,771],[870,1462],[357,-441],[2341,3571],[389,1155]],[[55269,52409],[2295,-1595],[453,-1038],[1623,-1594],[-208,-434],[1373,-915],[1082,-1446],[796,116],[192,-756]],[[53411,15720],[-344,-957],[-1510,-1103],[-874,-1829],[-351,-2139]],[[50332,9692],[-1754,991]],[[50332,9692],[-935,-2675]],[[49397,7017],[-452,533],[-2105,439],[-1123,-1165],[1057,3476],[104,1582]],[[70588,40907],[-1238,-539],[-1796,-1828],[-231,-1970],[32,-2286]],[[70253,42990],[335,-2083]],[[66203,74770],[-2249,-4568],[-902,-1236]],[[63052,68966],[-992,1405],[-1760,4167],[-2067,-2053],[-479,-1194],[-832,-145],[-1430,-910],[-1596,-2832]],[[53896,67404],[-345,588],[157,2096],[-1000,1282],[-920,350],[-1220,4135]],[[50568,75855],[644,1496],[1328,1214],[1594,2240],[2487,1734],[10,2763],[-1795,2601]],[[54836,87903],[2225,1345],[258,1271],[985,31],[805,1506],[667,512],[587,1388],[382,-13],[1298,1265],[313,1236],[1124,496],[1519,2832],[375,227],[4157,-10791],[-1176,-7158],[-1555,-1955],[-597,-5325]],[[50568,75855],[-260,-127]],[[50308,75728],[-1387,863],[-2215,-141]],[[46706,76450],[663,595],[435,2100],[-742,1637],[-213,1359],[1190,519],[707,1334],[1942,1811],[1546,227],[548,756],[2054,1115]],[[63052,68966],[-1024,-2627],[-1926,-3775],[-1461,-3506],[-396,-1617],[-760,-1475],[-2216,-3557]],[[55269,52409],[-2185,1423]],[[53084,53832],[-4346,3173]],[[48738,57005],[-203,919],[2899,2795],[642,1964],[807,520],[477,1553],[205,1990],[331,658]],[[50308,75728],[-1186,-2072],[-1252,-1453],[39,-423],[-1173,-2185],[-833,-617],[-585,-1228],[-1749,-1970],[195,-1291]],[[43764,64489],[-1105,357],[-553,1420],[-1204,280],[-350,987],[-1049,1370],[274,675],[966,337],[1158,2984],[-676,473],[1684,1798],[254,649],[970,300],[574,740],[824,-683],[1175,274]],[[35675,40263],[-572,-769]],[[35103,39494],[-3357,-4177],[-699,258],[-2230,-301],[-2112,-1359],[-1165,-1102],[-3023,-289],[-2732,-1029],[-2163,98],[-1740,-1063],[-3513,2184],[-1612,345],[-1795,2614],[-840,2131]],[[8122,37804],[1628,2199],[1260,-2528],[2082,1470],[2883,881],[2416,1342],[1545,475],[1431,902],[2906,2658]],[[24273,45203],[3699,-2758],[59,762],[815,632],[-46,535],[1998,1368],[2519,2396]],[[33317,48138],[460,-1719],[333,-2541],[1565,-3615]],[[46907,35656],[-1023,-768],[-2453,2559],[-588,215]],[[42843,37662],[746,2045],[-207,961],[1762,1822],[1050,1930],[442,-192],[693,1475],[213,1130],[1395,1427],[195,848],[899,603],[313,1188],[1276,1171],[1464,1762]],[[42492,57974],[2790,-1788],[-3482,-1280],[-1689,-1691],[195,-668],[-2073,-1020],[-2084,-1678],[-2832,-1711]],[[24273,45203],[643,548],[1999,-508],[1357,307],[2372,2045],[1009,1356],[523,1198],[1447,4610],[799,1589],[2968,2784],[1306,683],[1571,30],[328,407]],[[40595,60252],[1897,-2278]],[[47685,55343],[-1720,-1798],[-1389,-2307],[-905,-2664],[-1184,-1918],[-2218,-2079],[-2676,-1440],[-1918,-2874]],[[42492,57974],[3080,-17],[1342,-1322],[771,-1292]],[[48738,57005],[-1053,-1662]],[[40595,60252],[1937,2924],[1232,1313]],[[42843,37662],[-3371,3268],[-836,65],[-745,-969],[-1856,-1187],[-791,3],[-141,652]],[[92164,58934],[-620,-1713],[34,-1643]],[[91578,55578],[-781,-282],[144,1227],[-438,1266],[-786,-590],[-1048,-2375],[-618,-141]],[[88051,54683],[-1397,858],[-394,772],[457,897],[479,3184],[1338,1279]],[[88534,61673],[1301,291],[416,-696],[599,216],[1300,-1569],[14,-981]],[[94672,61695],[-2149,-2118],[-359,-643]],[[88534,61673],[-1452,-181],[-1322,940],[-590,1757]],[[85170,64189],[100,80]],[[85270,64269],[1314,2781],[819,-476],[-53,-1767],[1078,-694],[1507,1711],[-356,1855],[522,1050],[904,799]],[[91005,69528],[539,-216],[540,-1262],[1213,-592],[960,-1885],[-457,-214],[697,-1284],[-451,-163],[626,-2217]],[[92037,74319],[-459,-680],[-1223,-3299],[650,-812]],[[85270,64269],[-758,3847]],[[84512,68116],[1815,3518],[2172,6168]],[[88499,77802],[747,57],[2791,-3540]],[[83632,50854],[-1611,-1648]],[[82021,49206],[-1126,4517],[-995,1725],[1158,1434]],[[81058,56882],[2138,-2759],[-6,-1071],[442,-2198]],[[98251,71909],[580,-1138],[-75,-1635],[322,-224],[921,-2364]],[[99999,66548],[-1014,-128],[-1278,-1364],[553,-905]],[[98260,64151],[-1717,-2012],[-1871,-444]],[[92037,74319],[3105,-3530],[2106,1903],[1003,-783]],[[88499,77802],[794,3558],[783,1909]],[[90076,83269],[807,-2664],[1812,1651],[1321,-1262],[1211,-1655],[940,-30],[1882,-1045],[1698,-3315],[34,-1274],[-1530,-1766]],[[85170,64189],[-1215,-2209],[-2688,-4293],[-209,-805]],[[82021,49206],[-1620,-863],[-775,-1695],[-652,130],[-274,-651],[-1324,-753],[-149,294],[-1544,-1282],[-362,273],[-1437,-1395],[-1386,-1862],[-1910,-495]],[[71193,49570],[712,-21],[1326,1506]],[[73231,51055],[3736,3750],[1917,2458],[2180,1186],[1431,2758],[1724,6403],[293,506]],[[88051,54683],[261,-902],[-975,-1040],[-1425,322],[-392,-2239]],[[85520,50824],[-1888,30]],[[91578,55578],[69,-2221],[-594,-2090],[-665,-1330]],[[90388,49937],[-653,-1217],[-313,956],[-2010,-720],[-1407,778],[-485,1090]],[[68336,49815],[-279,153],[692,1974],[-120,1141],[1140,530],[624,826],[1337,162],[454,-514],[15,1094],[656,2735],[484,-1216],[-615,-1387],[138,-765],[899,-973],[-530,-2520]],[[66203,74770],[2928,2155],[4885,4098],[1286,1291],[487,1062],[1012,-1217],[1715,1126],[3669,894],[3785,1181],[1712,1654],[429,-324],[2296,316],[680,961],[1180,-206],[371,-727],[-1239,-1441],[-1323,-2324]],[[14451,3798],[-641,-642],[-6282,-3156],[-2387,393],[-168,941],[-816,237],[425,7515]],[[4582,9086],[5120,2036]],[[9702,11122],[1813,-3817],[2936,-3507]],[[4582,9086],[253,4664],[-1016,3312],[-2527,5283],[-830,1195],[-462,2134],[1828,1552],[2249,3026],[395,1261],[1457,2673]],[[5929,34186],[1073,-1234],[1009,-393],[702,-1311],[-366,-1095],[582,-492],[-279,-792],[998,-2468],[795,773],[355,-2615],[-540,-737],[343,-4946],[809,-79],[256,-1341],[388,212],[322,-1300],[-1253,-528],[-9,-1043],[-1412,-3675]],[[43935,28083],[-5465,-3224],[-2533,-1738],[-3236,-3039],[-256,-1379],[-2812,-5485],[-1898,71],[-2572,-1688],[-1602,190],[-2570,-1655],[-1677,-1540],[-1126,-269],[-979,-1343],[-1196,-572],[-1562,-2614]],[[5929,34186],[1479,2664],[714,954]],[[99999,66548],[-1739,-2397]],[[90388,49937],[2209,-8147],[-5747,2144],[-11343,-10514],[-4833,-8727],[-4622,-4958],[-13092,-17820],[-3563,5102]]],"transform":{"scale":[0.0000065575204018588585,0.0000031909687348810086],"translate":[6.432763407771882,46.84653136374449]}}