{
  "Suisse": 45.8,
  "Zürich": 47.1,
  "Bern": 44.1,
  "Luzern": 39.0,
  "Uri": 40.5,
  "Schwyz": 31.9,
  "Obwalden": 35.1,
  "Nidwalden": 35.0,
  "Glarus": 38.5,
  "Zug": 37.9,
  "Fribourg": 48.5,
  "Solothurn": 39.5,
  "Basel-Stadt": 60.5,
  "Basel-Landschaft": 50.4,
  "Schaffhausen": 46.9,
  "Appenzell Ausserrhoden": 42.6,
  "Appenzell Innerrhoden": 34.2,
  "St. Gallen": 39.9,
  "Graubünden": 44.1,
  "Aargau": 37.1,
  "Thurgau": 40.2,
  "Ticino": 46.3,
  "Vaud": 54.6,
  "Valais": 46.7,
  "Neuchâtel": 56.8,
  "Genève": 59.0,
  "Jura": 57.5
}
