{"type":"Topology","objects":{"municipalities":{"type":"GeometryCollection","geometries":[{"type":"MultiPolygon","id":3201,"properties":{"id":3201,"name":"Häggenschwil"},"arcs":[[[0,1]],[[2,3,4,5,6,7,8]],[[9]]]},{"type":"Polygon","id":3202,"properties":{"id":3202,"name":"Muolen"},"arcs":[[-9,10]]},{"type":"Polygon","id":3203,"properties":{"id":3203,"name":"St. Gallen"},"arcs":[[11,12,13,14,15,16,17]]},{"type":"MultiPolygon","id":3204,"properties":{"id":3204,"name":"Wittenbach"},"arcs":[[[18,19,20,21,22,-17,23,24,-6]],[[25,-1,26,-4]]]},{"type":"MultiPolygon","id":3211,"properties":{"id":3211,"name":"Berg (SG)"},"arcs":[[[-20,27]],[[28,29,-22,30]]]},{"type":"Polygon","id":3212,"properties":{"id":3212,"name":"Eggersriet"},"arcs":[[31,-13,32,33]]},{"type":"Polygon","id":3213,"properties":{"id":3213,"name":"Goldach"},"arcs":[[34,35,36,37,38,39,40]]},{"type":"Polygon","id":3214,"properties":{"id":3214,"name":"Mörschwil"},"arcs":[[-38,41,-18,-23,-30,42,43]]},{"type":"Polygon","id":3215,"properties":{"id":3215,"name":"Rorschach"},"arcs":[[44,-35,45]]},{"type":"Polygon","id":3216,"properties":{"id":3216,"name":"Rorschacherberg"},"arcs":[[46,-34,47,-36,-45,48,49]]},{"type":"Polygon","id":3217,"properties":{"id":3217,"name":"Steinach"},"arcs":[[50,51,-43,-29,52,53]]},{"type":"Polygon","id":3218,"properties":{"id":3218,"name":"Tübach"},"arcs":[[-39,-44,-52,54]]},{"type":"Polygon","id":3219,"properties":{"id":3219,"name":"Untereggen"},"arcs":[[-48,-33,-12,-42,-37]]},{"type":"Polygon","id":3231,"properties":{"id":3231,"name":"Au (SG)"},"arcs":[[55,56,57,58,59,60]]},{"type":"Polygon","id":3232,"properties":{"id":3232,"name":"Balgach"},"arcs":[[-58,61,62,63,64,65,66]]},{"type":"Polygon","id":3233,"properties":{"id":3233,"name":"Berneck"},"arcs":[[-67,67,-59]]},{"type":"Polygon","id":3234,"properties":{"id":3234,"name":"Diepoldsau"},"arcs":[[68,-63,69,70]]},{"type":"Polygon","id":3235,"properties":{"id":3235,"name":"Rheineck"},"arcs":[[71,72,73,74]]},{"type":"Polygon","id":3236,"properties":{"id":3236,"name":"St. Margrethen"},"arcs":[[-61,75,-72,76]]},{"type":"Polygon","id":3237,"properties":{"id":3237,"name":"Thal"},"arcs":[[77,-74,78,-50,79]]},{"type":"Polygon","id":3238,"properties":{"id":3238,"name":"Widnau"},"arcs":[[80,-70,-62,-57]]},{"type":"MultiPolygon","id":3251,"properties":{"id":3251,"name":"Altstätten"},"arcs":[[[81,82,83,84]],[[85,86,87,88,89]]]},{"type":"Polygon","id":3252,"properties":{"id":3252,"name":"Eichberg"},"arcs":[[90,91,-84]]},{"type":"Polygon","id":3253,"properties":{"id":3253,"name":"Marbach (SG)"},"arcs":[[92,-82,93,94]]},{"type":"Polygon","id":3254,"properties":{"id":3254,"name":"Oberriet (SG)"},"arcs":[[95,96,-90,97,-91,-83,-93,98,-64,-69]]},{"type":"Polygon","id":3255,"properties":{"id":3255,"name":"Rebstein"},"arcs":[[-99,-95,99,-65]]},{"type":"Polygon","id":3256,"properties":{"id":3256,"name":"Rüthi (SG)"},"arcs":[[100,-86,-97]]},{"type":"Polygon","id":3271,"properties":{"id":3271,"name":"Buchs (SG)"},"arcs":[[101,102,103,104,105]]},{"type":"Polygon","id":3272,"properties":{"id":3272,"name":"Gams"},"arcs":[[-105,106,107,108]]},{"type":"Polygon","id":3273,"properties":{"id":3273,"name":"Grabs"},"arcs":[[-104,109,110,111,-107]]},{"type":"Polygon","id":3274,"properties":{"id":3274,"name":"Sennwald"},"arcs":[[112,-106,-109,113,114,-88]]},{"type":"Polygon","id":3275,"properties":{"id":3275,"name":"Sevelen"},"arcs":[[115,116,117,-110,-103]]},{"type":"Polygon","id":3276,"properties":{"id":3276,"name":"Wartau"},"arcs":[[118,119,120,121,122,-117]]},{"type":"Polygon","id":3291,"properties":{"id":3291,"name":"Bad Ragaz"},"arcs":[[123,124,125,126]]},{"type":"Polygon","id":3292,"properties":{"id":3292,"name":"Flums"},"arcs":[[-122,127,128,129,130]]},{"type":"Polygon","id":3293,"properties":{"id":3293,"name":"Mels"},"arcs":[[131,132,133,-125,134,135,-128,-121]]},{"type":"Polygon","id":3294,"properties":{"id":3294,"name":"Pfäfers"},"arcs":[[136,-135,-124]]},{"type":"MultiPolygon","id":3295,"properties":{"id":3295,"name":"Quarten"},"arcs":[[[137,138,139,140]],[[141,-130,142,143]]]},{"type":"Polygon","id":3296,"properties":{"id":3296,"name":"Sargans"},"arcs":[[144,-132,-120]]},{"type":"Polygon","id":3297,"properties":{"id":3297,"name":"Vilters-Wangs"},"arcs":[[-126,-134,145]]},{"type":"Polygon","id":3298,"properties":{"id":3298,"name":"Walenstadt"},"arcs":[[-111,-118,-123,-131,-142,146,-141,147]]},{"type":"Polygon","id":3311,"properties":{"id":3311,"name":"Amden"},"arcs":[[148,-139,149,150,151,152]]},{"type":"Polygon","id":3312,"properties":{"id":3312,"name":"Benken (SG)"},"arcs":[[153,154,155,156]]},{"type":"Polygon","id":3313,"properties":{"id":3313,"name":"Kaltbrunn"},"arcs":[[157,158,-154,159,160]]},{"type":"Polygon","id":3315,"properties":{"id":3315,"name":"Schänis"},"arcs":[[161,-152,162,163,-155,-159]]},{"type":"Polygon","id":3316,"properties":{"id":3316,"name":"Weesen"},"arcs":[[-151,164,165,-163]]},{"type":"Polygon","id":3338,"properties":{"id":3338,"name":"Schmerikon"},"arcs":[[166,167,168,169,170]]},{"type":"Polygon","id":3339,"properties":{"id":3339,"name":"Uznach"},"arcs":[[-160,-157,171,-171,172,173]]},{"type":"Polygon","id":3340,"properties":{"id":3340,"name":"Rapperswil-Jona"},"arcs":[[174,-169,175,176]]},{"type":"Polygon","id":3341,"properties":{"id":3341,"name":"Gommiswald"},"arcs":[[177,178,-161,-174,179]]},{"type":"Polygon","id":3342,"properties":{"id":3342,"name":"Eschenbach (SG)"},"arcs":[[180,-180,-173,-170,-175,181,182]]},{"type":"Polygon","id":3352,"properties":{"id":3352,"name":"Ebnat-Kappel"},"arcs":[[183,184,-162,-158,-179,185]]},{"type":"Polygon","id":3359,"properties":{"id":3359,"name":"Wildhaus-Alt St. Johann"},"arcs":[[-114,-108,-112,-148,-140,-149,186,187]]},{"type":"Polygon","id":3360,"properties":{"id":3360,"name":"Nesslau"},"arcs":[[188,-187,-153,-185,189]]},{"type":"Polygon","id":3372,"properties":{"id":3372,"name":"Hemberg"},"arcs":[[-190,-184,190,191,192]]},{"type":"Polygon","id":3374,"properties":{"id":3374,"name":"Lichtensteig"},"arcs":[[193,194,195]]},{"type":"Polygon","id":3375,"properties":{"id":3375,"name":"Oberhelfenschwil"},"arcs":[[196,197,-194,198]]},{"type":"Polygon","id":3378,"properties":{"id":3378,"name":"Neckertal"},"arcs":[[199,200,201,-192,202,-197,203,204,205]]},{"type":"Polygon","id":3379,"properties":{"id":3379,"name":"Wattwil"},"arcs":[[-195,-198,-203,-191,-186,-178,-181,206,207]]},{"type":"Polygon","id":3392,"properties":{"id":3392,"name":"Kirchberg (SG)"},"arcs":[[208,209,210,211]]},{"type":"Polygon","id":3393,"properties":{"id":3393,"name":"Lütisburg"},"arcs":[[212,213,-205,214,215,-210,216]]},{"type":"Polygon","id":3394,"properties":{"id":3394,"name":"Mosnang"},"arcs":[[217,-207,-183,218,-211,-216]]},{"type":"Polygon","id":3395,"properties":{"id":3395,"name":"Bütschwil-Ganterschwil"},"arcs":[[-204,-199,-196,-208,-218,-215]]},{"type":"MultiPolygon","id":3401,"properties":{"id":3401,"name":"Degersheim"},"arcs":[[[-201,219]],[[220,-206,-214,221,222]]]},{"type":"Polygon","id":3402,"properties":{"id":3402,"name":"Flawil"},"arcs":[[223,224,-223,225,226]]},{"type":"Polygon","id":3405,"properties":{"id":3405,"name":"Jonschwil"},"arcs":[[227,-217,-209,228,229,230]]},{"type":"Polygon","id":3407,"properties":{"id":3407,"name":"Oberuzwil"},"arcs":[[-226,-222,-213,-228,231,232]]},{"type":"Polygon","id":3408,"properties":{"id":3408,"name":"Uzwil"},"arcs":[[233,-232,-231,234,235]]},{"type":"Polygon","id":3422,"properties":{"id":3422,"name":"Niederbüren"},"arcs":[[236,237,238,239,240]]},{"type":"Polygon","id":3423,"properties":{"id":3423,"name":"Niederhelfenschwil"},"arcs":[[-240,241,242,243]]},{"type":"Polygon","id":3424,"properties":{"id":3424,"name":"Oberbüren"},"arcs":[[-239,244,-227,-233,-234,245,-242]]},{"type":"Polygon","id":3426,"properties":{"id":3426,"name":"Zuzwil (SG)"},"arcs":[[-243,-246,-236,246,247]]},{"type":"Polygon","id":3427,"properties":{"id":3427,"name":"Wil (SG)"},"arcs":[[-247,-235,-230,248]]},{"type":"Polygon","id":3441,"properties":{"id":3441,"name":"Andwil (SG)"},"arcs":[[249,250]]},{"type":"Polygon","id":3442,"properties":{"id":3442,"name":"Gaiserwald"},"arcs":[[-24,-16,251,252]]},{"type":"Polygon","id":3443,"properties":{"id":3443,"name":"Gossau (SG)"},"arcs":[[-250,-252,-15,253,-224,-245,-238,254]]},{"type":"Polygon","id":3444,"properties":{"id":3444,"name":"Waldkirch"},"arcs":[[-25,-253,-251,-255,-237,255,-7]]},{"type":"Polygon","id":9053,"properties":{"id":9053,"name":"Zürichsee (SG)"},"arcs":[[-168,256,-176]]},{"type":"Polygon","id":9269,"properties":{"id":9269,"name":"Walensee (SG)"},"arcs":[[-138,-147,-144,257,-165,-150]]},{"type":"Polygon","id":9328,"properties":{"id":9328,"name":"Bodensee (SG)"},"arcs":[[-80,-49,-46,-41,258,-54,259]]}]},"lakes":{"type":"GeometryCollection","geometries":[{"type":"Polygon","id":9050,"properties":{"id":9050,"name":"Zürichsee"},"arcs":[[-176,-168,260],[261],[262]]},{"type":"Polygon","id":9267,"properties":{"id":9267,"name":"Walensee"},"arcs":[[263,-165,-150,-138,-147,-144]]},{"type":"MultiPolygon","id":9326,"properties":{"id":9326,"name":"Bodensee"},"arcs":[[[-80,-49,-46,-41,258,-54,264],[265],[266]],[[267],[268]]]}]}},"arcs":[[[68554,65193],[-198,375]],[[68356,65568],[419,-228],[-221,-147]],[[66043,67168],[-231,-469],[407,92],[361,-202],[857,-147],[140,399],[836,-395],[522,-76],[-114,-554],[-410,-150]],[[68411,65666],[-485,272],[-734,-342],[958,-254],[298,-268]],[[68448,65074],[-96,-284]],[[68352,64790],[-511,263],[-399,-9],[-36,-356],[-430,-505]],[[66976,64183],[-387,-367],[-300,606],[-483,-85],[-657,338],[-221,300],[-502,-8],[102,466]],[[64528,65433],[-104,677],[-284,387],[-534,-342],[-240,494],[194,432],[480,2],[164,239]],[[64204,67322],[1172,-764],[91,454],[368,647],[208,-491]],[[67489,67665],[100,-398],[-291,134],[191,264]],[[64204,67322],[-452,183],[-669,544],[-57,-343],[-268,-27],[-647,-578],[-894,-52],[-752,186],[-220,412],[538,147],[410,-315],[-67,409],[249,53],[198,414],[-218,241],[844,217],[304,180],[415,-37],[113,244],[372,-72],[470,-382],[-65,576],[583,418],[783,-324],[77,133],[701,-75],[11,-475],[417,-474],[1073,-40],[-59,-352],[-429,-92],[-384,-415],[206,-41],[-433,-446],[-311,29]],[[73458,61166],[144,-646],[-123,-456]],[[73479,60064],[109,-420],[320,-174]],[[73908,59470],[-200,-529],[202,-893],[-396,-352],[236,-399],[-254,-461],[-336,-262],[-775,-221],[-285,34],[-312,-304],[-591,-179],[-771,18],[-262,386],[-951,297],[-863,-57],[-799,-488],[-302,130],[-574,-264],[-933,-190],[-539,221],[-754,-379],[-1347,-274],[-777,186]],[[62325,55490],[157,238],[-424,447],[173,539],[387,4],[-168,1054],[495,354],[338,8]],[[63283,58134],[185,-154],[-375,-451],[371,-187],[563,250],[651,85],[682,309],[347,292],[1088,389],[477,285],[195,339],[308,98],[-245,615],[66,389],[318,178]],[[67914,60571],[465,-92],[-192,359],[519,209],[365,-221],[-167,397],[539,212],[62,-484],[645,199],[139,-465],[-144,-158],[389,-240],[26,430],[254,558],[354,81]],[[71168,61356],[519,-105],[473,70],[260,-264],[686,347],[352,-238]],[[68352,64790],[437,119]],[[68789,64909],[45,-367],[-192,-431],[650,202],[317,-298],[712,-99]],[[70321,63916],[430,-138],[216,305]],[[70967,64083],[257,-307],[740,94]],[[71964,63870],[45,-393],[-637,-485],[-189,-835],[-15,-801]],[[67914,60571],[-288,1022]],[[67626,61593],[66,294],[578,-22],[170,206],[-459,382],[162,711],[-269,139],[57,475],[-258,139],[-544,-443],[-153,709]],[[68411,65666],[-55,-98]],[[68554,65193],[-106,-119]],[[68789,64909],[652,46],[367,-455],[219,23],[294,-607]],[[72802,66073],[-44,-374],[-415,-141],[683,-514],[74,-286]],[[73100,64758],[-1107,-630],[-29,-258]],[[70967,64083],[257,448],[-120,386],[264,125],[179,694],[292,-11],[272,363],[691,-15]],[[81699,62691],[-302,-343],[109,-502],[312,-276],[-392,-56],[-205,-246],[-380,41],[-878,-278],[-843,-577],[-525,-113],[-916,-379],[-896,-28],[-557,-387],[-848,-258],[-82,-180],[-711,313],[-677,48]],[[73479,60064],[1071,217],[220,239],[773,221],[210,-86],[439,261],[153,-116],[896,234],[208,-72],[319,341]],[[77768,61303],[698,176],[529,-223],[279,567],[1428,665],[296,305],[701,-102]],[[77856,64426],[-326,-488],[353,-342]],[[77883,63596],[-162,-281],[-50,-692],[-201,-230]],[[77470,62393],[-520,-9],[-256,285],[-712,54],[-366,-277],[-156,268],[-647,-171],[-123,122]],[[74690,62665],[701,703]],[[75391,63368],[320,299],[368,875],[240,214]],[[76319,64756],[996,521]],[[77315,65277],[220,-627],[321,-224]],[[74690,62665],[-307,-203],[-123,-671],[-348,-120],[-454,-505]],[[73100,64758],[1453,-68],[57,154]],[[74610,64844],[242,-208],[-100,-269],[566,-126],[-398,-621],[471,-252]],[[80167,64287],[-202,-278],[-94,-550],[-1066,-248],[-200,266],[-722,119]],[[77856,64426],[1214,-294],[1097,155]],[[81943,63001],[-244,-310]],[[77768,61303],[-177,209],[283,179],[-404,702]],[[80167,64287],[1532,135]],[[81699,64422],[244,-1421]],[[75066,66508],[55,-924]],[[75121,65584],[-152,-429],[-359,-311]],[[72802,66073],[299,498],[569,464],[322,97]],[[73992,67132],[274,-153],[466,61],[334,-532]],[[75121,65584],[273,-235],[1050,-217],[-125,-376]],[[91706,60318],[-476,-453],[-59,-515],[368,-918],[109,-880]],[[91648,57552],[-840,-54],[-453,139],[-572,-1098],[-446,-112]],[[89337,56427],[-245,103],[545,316],[-29,344]],[[89608,57190],[-97,505],[287,183],[149,406],[-216,58],[267,346],[-333,357],[130,358],[-149,553]],[[89646,59956],[303,94]],[[89949,60050],[1289,215],[231,221],[237,-168]],[[89337,56427],[292,-523]],[[89629,55904],[-801,-529],[516,-390],[-89,-106]],[[89255,54879],[-1076,-1266]],[[88179,53613],[-740,737],[449,274],[-868,1251],[18,214],[-606,295],[-336,376]],[[86096,56760],[564,294],[534,-23],[696,289]],[[87890,57320],[745,-98],[465,78],[508,-110]],[[87890,57320],[-1267,751],[-95,441],[1556,653],[886,588],[676,203]],[[89472,52252],[946,1038],[-1361,428],[198,1161]],[[89629,55904],[597,-313],[-308,-591],[795,-312],[400,831],[442,167],[141,618]],[[91696,56304],[277,-23],[538,-762],[768,-355],[275,-267],[-34,-1063],[-233,-392],[-679,-685],[-1037,-362],[-1249,-29],[-666,-237],[-184,123]],[[87076,62602],[-471,-512]],[[86605,62090],[-424,253],[-607,142]],[[85574,62485],[28,477],[-246,-42],[51,438],[674,785],[-598,563],[60,238]],[[85543,64944],[313,-219],[594,-853],[626,-1270]],[[89949,60050],[-4,454],[-752,393],[-764,161],[-1185,736],[-89,240],[-550,56]],[[87076,62602],[380,-214],[419,119],[231,684],[291,-30],[537,-884],[621,-418],[2028,-221],[562,-189],[217,-458],[-656,-673]],[[84295,66319],[400,-711],[848,-664]],[[85574,62485],[-1203,-25],[-328,217],[-955,-188],[59,424],[-311,195],[-893,-107]],[[81699,64422],[929,341],[381,658],[741,650],[78,493],[467,-245]],[[91648,57552],[48,-1248]],[[83819,55460],[391,-239],[-23,-362],[587,-444],[369,-71],[-355,-293],[875,-275],[454,-494],[544,-247],[276,-607]],[[86937,52428],[-778,-912],[-307,-593],[-1296,-579],[126,-332],[-896,85],[27,-372],[-512,-124],[205,-580],[-1008,-965],[-510,192],[-147,307],[-426,238],[-218,441]],[[81197,49234],[354,-56],[1059,233],[-214,736],[-634,410],[-459,-70],[299,365],[700,-26],[5,344],[-746,533],[-1213,-372],[-616,-548],[-265,196]],[[79467,50979],[-285,793],[157,672],[-161,131],[504,532],[-171,70],[159,1274],[338,789],[2765,592],[220,-180],[-179,-354],[366,-208],[448,69],[191,301]],[[79381,45924],[374,-320],[105,-403],[552,-260],[187,-285],[663,-419],[-304,-630],[70,-334],[-227,-284],[1029,-198],[508,215],[505,-86]],[[82843,42920],[-808,-450],[-316,-484]],[[81719,41986],[-1333,156],[-351,397],[-634,322],[-753,111],[-631,528]],[[78017,43500],[239,500],[-95,275],[250,886],[-33,289],[568,406]],[[78946,45856],[406,258],[29,-190]],[[81197,49234],[-1232,81],[-468,-131]],[[79497,49184],[-30,1795]],[[87754,53099],[-433,-63],[-384,-608]],[[83819,55460],[964,458]],[[84783,55918],[435,-238],[292,-380],[699,-361],[484,-120],[201,-389],[-204,-128],[38,-596],[962,-464],[64,-143]],[[89472,52252],[-1474,-1493],[-496,-616],[-834,-2610],[-357,-687],[-581,-633],[-948,-604]],[[84782,45609],[-1015,364],[-434,38],[-206,-207],[-1770,39],[-722,222],[-471,268],[-783,-409]],[[78946,45856],[-285,735],[473,617],[121,868],[191,318],[51,790]],[[87754,53099],[425,514]],[[84783,55918],[610,496],[703,346]],[[84782,45609],[-835,-622],[-651,-1633],[-453,-434]],[[78461,34454],[-373,-1806],[42,-343],[474,-1719],[969,-1535]],[[79573,29051],[-924,-240],[-926,109],[-110,-110],[-876,-62],[-199,436],[425,765],[-612,-99],[-327,-318],[-800,16],[-212,-331],[-410,-128],[-204,-333],[-712,99],[-1183,-372],[-767,-335],[-882,-176]],[[70854,27972],[178,941],[987,235],[763,474],[984,254],[1181,646],[1137,396],[437,801],[-83,147],[778,1944],[98,514]],[[77314,34324],[180,649]],[[77494,34973],[669,-242],[298,-277]],[[77314,34324],[-348,66],[-2307,-205],[-1153,-254],[-735,150],[-92,174],[-591,-140],[-1260,0],[-825,242]],[[70003,34357],[805,1284],[-407,-96],[121,241],[-346,1566],[664,375],[313,333]],[[71153,38060],[402,394],[275,26],[769,-370],[150,99],[475,-334],[720,-182],[692,-571],[342,-640],[577,86],[804,-78],[16,-131],[736,9],[-12,-129],[1032,-73],[-637,-1193]],[[70854,27972],[-211,-649]],[[70643,27323],[-635,-17],[-365,524],[-566,0],[-1588,-239],[-350,208],[-164,345],[129,342],[-307,301],[-1684,156]],[[65113,28943],[-830,818],[357,1060],[11,507],[658,170],[51,437],[799,693],[306,43],[480,439],[1137,371],[913,-61],[459,748],[549,189]],[[81719,41986],[-126,-988],[-775,-1926],[-1202,-1795],[-240,-524],[-184,-986],[-731,-1313]],[[71153,38060],[83,563]],[[71236,38623],[1013,936],[828,51],[669,366],[394,41],[1162,1010],[767,388],[513,582],[503,382],[455,761],[477,360]],[[79573,29051],[452,-759],[275,-906],[377,-1733]],[[80677,25653],[-2285,-650],[-720,324],[-509,-56],[-802,326],[-527,415],[-252,-78],[-743,164],[-575,-459],[-1112,86],[-361,-307],[-973,-264]],[[71818,25154],[-122,398],[-621,652],[-432,1119]],[[80677,25653],[239,-1239],[-47,-660],[-419,-1114],[-1945,-1459],[-891,-442],[-413,-300]],[[77201,20439],[-206,219],[-535,-272],[-163,299],[-551,-121],[-184,116],[-440,-197],[-1021,275],[-591,-442]],[[73510,20316],[-1053,1446],[-402,302],[-729,-218],[-111,236]],[[71215,22082],[-456,494],[-56,407],[-862,823]],[[69841,23806],[-435,164],[-357,589],[582,138],[535,-424],[894,142],[758,739]],[[81219,10552],[207,353],[524,157],[-243,249],[7,409],[-1171,606],[15,550],[-1142,63],[-326,219],[-730,-816],[-256,367],[-272,-279],[-676,-266],[-107,-206],[-502,-72],[-322,-406],[-803,-199],[-447,100],[-468,-220],[-246,173],[-837,-246],[439,-686],[-696,139],[517,-1148],[-491,137],[-1161,-152],[-1017,633]],[[71015,10011],[-160,426]],[[70855,10437],[575,195],[345,406],[1549,265],[502,-11],[-67,282],[123,873],[339,498],[629,-26],[1911,2670],[-162,260],[408,449],[-180,109],[508,174],[473,-361],[778,798]],[[78586,17018],[1243,-1617],[315,-924],[507,-774],[2378,-2706],[-367,-255],[-531,32],[-912,-222]],[[71215,22082],[-882,-886],[-650,-224],[-666,22],[-392,-302],[-585,71],[-303,-444],[-769,-393],[-267,-261],[-389,-716],[-606,-194],[-479,401],[-648,-3],[-1329,-854],[-307,-341],[-27,-540],[-252,-169],[-243,-592],[299,-791],[-120,-731],[-222,-273],[-947,-177],[-324,-190],[-199,-494],[-1402,115],[-981,-610]],[[58525,13506],[-428,688],[8,815],[-526,789],[-5,203],[-509,185],[-650,777],[-191,8]],[[56224,16971],[-148,1089],[-299,483],[661,427],[-112,355],[210,606],[291,46],[771,494],[693,60],[726,307],[374,-112],[628,322],[585,988],[10,260],[677,506],[24,480],[690,264],[155,826],[834,276]],[[62994,24648],[532,-371],[1123,105],[467,197],[260,-195],[584,-53],[386,-379],[602,206],[908,-164],[40,-234],[648,-495],[424,-524],[324,153],[549,912]],[[73510,20316],[-954,-321],[74,-539],[879,-714],[225,-323],[405,-120],[-253,-165],[276,-258],[904,82],[319,-256],[755,315],[21,467],[280,-64],[148,432],[276,18],[207,-430],[353,245]],[[77425,18685],[622,-942]],[[78047,17743],[-916,-605],[-138,79],[-793,-449],[-569,507],[-1300,246],[-249,137],[-897,-190],[-285,-285],[-250,-704],[-415,-377],[-211,441],[-796,212],[-615,-921],[-197,-621],[-389,-85],[-504,-493],[-355,-637],[242,-691],[84,-660],[708,-485],[369,-721],[432,-392],[-148,-612]],[[71015,10011],[-175,-530],[-592,-483],[-388,63],[-423,-253],[-243,-468],[40,-597],[-791,-468],[-915,364],[-450,-245],[-982,19],[-716,382],[-790,167],[-176,177],[-349,-319],[-461,153],[-594,-523],[-610,-231],[-157,120],[-666,-190],[-961,-667],[-171,-389],[-584,-224],[-903,-119]],[[58958,5750],[-295,892],[-779,370],[-320,607],[38,1031],[654,201],[83,156],[-199,904],[239,630],[28,669],[-239,385],[242,493],[-99,480],[374,380],[-160,558]],[[81219,10552],[-521,-438],[88,-1336],[-1143,-236],[-117,-432],[-240,11],[-340,-977],[-197,-278],[-592,-233],[-66,-545],[-435,-465],[-219,-578],[66,-513],[775,-359],[-470,-432],[-564,-190],[-364,-529],[-306,-167],[202,-886],[-240,-570],[-1034,-5],[138,-512],[-279,-698],[-303,-184],[-903,716],[-394,529],[-650,323],[-1200,431],[-1184,150],[-737,364],[-459,108],[-1684,-32],[-1170,247],[-321,-146],[-369,397],[-1378,-152],[-352,67],[-633,480],[-729,-30],[-639,170],[-561,-212],[-498,228],[-419,-18],[-718,-357],[-843,508],[-167,502],[-450,320],[216,614],[-104,227],[246,316]],[[58852,27260],[-1004,-123],[-736,63],[-1305,-117],[-1982,416]],[[53825,27499],[71,319],[-194,435],[137,173],[770,132],[827,347],[790,-41]],[[56226,28864],[831,-60],[675,411]],[[57732,29215],[333,-343],[-35,-468],[523,-233],[299,-911]],[[62281,25779],[-23,-211],[854,-368],[-118,-552]],[[56224,16971],[-436,-21],[-518,303],[-554,-66],[-1739,-973],[-429,302],[-577,-235],[-660,348],[-327,26],[-1496,955],[1268,869],[630,210],[619,51],[1114,891],[233,588],[551,929],[-253,1312],[178,591],[-386,737],[264,1307],[-42,726]],[[53664,25821],[1396,-272],[425,-13],[374,202],[534,-344],[519,-48],[785,146],[868,11],[583,322],[910,-47],[1121,-290],[1102,291]],[[77201,20439],[-221,-486],[445,-1268]],[[78047,17743],[539,-725]],[[62281,25779],[451,201],[10,380],[243,577],[-125,164],[-587,-45],[-1287,170],[-465,-148],[-1669,182]],[[57732,29215],[1037,179],[377,224],[918,-145],[957,224],[1307,150],[774,-143],[746,129],[391,-301],[167,-434],[707,-155]],[[56839,32783],[459,-930],[354,-19],[-532,-576],[-726,-347],[-228,-551],[433,-357],[-285,-483],[-88,-656]],[[53825,27499],[-1367,136],[-1162,-16],[-775,224],[-286,-137],[-276,262],[-1051,49],[-603,183],[-891,-40],[-201,-283]],[[47213,27877],[-211,138],[-164,882],[110,1091],[207,458]],[[47155,30446],[320,656],[-45,401],[298,1051],[502,585]],[[48230,33139],[266,-546],[303,-101],[1457,304],[106,-118],[1463,552],[433,-144],[560,80],[326,-264],[706,82],[1213,-326],[348,-415],[1428,540]],[[36768,35715],[1401,-400],[288,181],[845,-406],[151,-179],[633,171],[282,-392],[390,-76],[-25,-366],[310,68]],[[41043,34316],[-180,-416],[-775,-1091],[211,-204],[-236,-426],[-813,-413],[-432,-77]],[[38818,31689],[-1004,467],[98,122],[-1239,570],[-695,-110],[-310,-333],[-676,80],[-24,413],[-327,1668],[592,-105],[300,1375],[467,170]],[[36000,36006],[206,-421],[562,130]],[[46782,35797],[275,-90],[152,-649],[233,-75],[68,-444]],[[47510,34539],[-260,-327],[-136,-661],[-830,-243],[-257,-250],[-125,360],[-494,638],[-580,566],[-312,674],[-1151,512],[-690,-756],[-377,-73],[-276,-440],[-287,419],[-392,-514],[-300,-128]],[[36768,35715],[-204,239],[1028,585],[211,-197],[411,382],[-21,319],[411,-44],[94,493]],[[38698,37492],[215,110],[712,-139],[823,-450],[305,31],[-268,613],[594,283],[613,-187],[178,-360],[-360,-526],[525,-652],[342,82],[416,469],[753,220],[644,-431],[169,-479],[418,-270],[1158,-112],[457,230],[195,-316],[195,189]],[[47510,34539],[594,-915],[126,-485]],[[47155,30446],[-241,212],[-103,-282],[-425,-113],[-194,-361],[-697,-313],[-60,-392],[-433,-171],[-1000,-1080],[425,-379],[-514,-231],[144,-101]],[[44057,27235],[-442,50],[-1028,801],[-345,385],[-3424,3218]],[[47213,27877],[-452,-239],[-344,121],[-165,-233]],[[46252,27526],[-373,-90],[-1822,-201]],[[35304,36524],[-1077,-118],[-950,185]],[[33277,36591],[16,345],[398,300],[-2215,93],[-131,-36]],[[31345,37293],[-5,435]],[[31340,37728],[1013,177],[397,198],[520,-109],[90,201],[1030,163]],[[34390,38358],[145,-299],[542,-318],[-416,-255],[535,-123],[249,-301],[-141,-538]],[[36000,36006],[-215,404],[-481,114]],[[34390,38358],[547,75],[83,177],[959,203],[589,223]],[[36568,39036],[441,-100],[-147,-327],[530,-456],[537,128],[386,-150],[-38,-343],[421,-296]],[[27433,39435],[342,-164],[91,-295],[285,179],[684,-30],[1140,-409],[156,-220],[772,-246],[437,-522]],[[31345,37293],[-428,-193],[-2330,-723],[-566,-49],[-106,144],[-759,98],[-495,383],[-843,10],[-179,-245],[275,-338],[-589,-95],[-996,187],[-512,475],[-824,89],[-397,480],[503,271],[-194,687],[-554,162],[-1043,144]],[[21308,38780],[66,354],[462,237],[35,222],[1963,497],[508,-122],[481,-356],[515,2],[2,174],[569,249],[79,-444],[248,-257],[447,-100],[750,199]],[[41594,41718],[600,-594],[1764,-926],[235,-302]],[[44193,39896],[442,-328],[635,-103],[-8,-622],[870,-151],[390,-287],[4,-567],[173,-86],[-98,-470],[322,-442],[-233,-396],[189,-208],[-97,-439]],[[36568,39036],[262,443],[552,308],[401,33],[70,223],[-326,437],[805,492],[540,603],[240,-159],[693,76],[621,285],[1168,-59]],[[39790,45024],[487,-649],[-6,-178],[979,-403],[-11,-160],[823,120],[-2,-646],[-575,-673],[109,-717]],[[27433,39435],[290,243],[-18,420],[1952,262],[903,290],[22,-253],[2264,662],[156,392],[517,519],[-296,308],[577,423],[9,599],[-530,-204],[-57,465],[-570,440],[767,327],[494,71],[-17,186],[699,1121],[1503,306],[788,1268]],[[36886,47280],[630,-189],[371,-577],[285,-170],[59,-541],[764,-660],[795,-119]],[[50543,43372],[347,-194],[204,-390],[831,157],[774,-51],[1059,122],[10,-242]],[[53768,42774],[31,-785],[-404,-268],[-979,-238],[193,-244],[-547,-435],[-395,-613],[54,-376],[-349,-73],[-324,-704],[-592,-373],[92,-494],[-536,-182],[177,-257],[-214,-808],[395,-190],[195,-436],[-109,-557],[-794,-764],[-187,-664],[80,-229],[-401,-531],[-924,-414]],[[44193,39896],[601,238],[43,668],[915,237],[382,240],[-157,223],[536,345],[180,511],[248,86],[-381,438],[389,97],[563,-123],[566,231],[848,-13],[79,412],[347,-121],[446,97],[594,-258],[151,168]],[[56839,32783],[367,2],[67,604],[322,589],[221,-245],[834,508],[-343,671],[530,522],[24,388],[252,404],[305,76],[-40,290],[2053,473],[489,397],[521,-88],[629,303],[242,533],[668,69],[37,567],[710,744]],[[64727,39590],[687,282],[927,-9],[587,-488],[1128,-122],[1506,-1014],[782,269],[892,115]],[[55091,42740],[877,-598],[1335,-551],[890,-46],[242,90],[770,-292],[539,223],[361,327],[543,159],[475,-352],[-264,-169],[639,61],[359,-484],[312,-48],[405,-341],[607,247],[365,-147],[-130,-251],[575,-408],[319,-426],[417,-144]],[[53768,42774],[690,-51],[237,254],[396,-237]],[[50543,43372],[162,149],[-366,588],[50,266],[-376,655],[189,226]],[[50202,45256],[485,161],[1561,1391],[245,-225],[538,100],[331,369],[1034,-21],[988,416]],[[55384,47447],[259,-140],[108,-674],[290,-577],[-147,-568],[99,-298],[605,-711],[-621,-896],[-727,-458],[-159,-385]],[[45605,48753],[1239,-528],[382,-766],[502,-264]],[[47728,47195],[-99,-243],[-995,125],[-533,-450],[91,406],[-232,502],[-303,104],[-496,-187],[-244,352],[-53,984]],[[44864,48788],[193,169],[548,-204]],[[47863,52549],[348,-706],[449,-187],[301,-376],[-356,-110],[158,-341],[-47,-434],[209,-200],[549,-116],[376,-850],[-433,26],[-463,421],[-343,-467],[-328,131],[-389,-340],[-94,-660],[311,32],[484,-413],[-35,-587],[-311,-164]],[[48249,47208],[-521,-13]],[[45605,48753],[311,137],[-326,386],[-318,-95],[-27,1413],[354,-43],[-96,417],[638,9],[-284,192],[894,555],[226,31],[-390,551],[425,737],[413,-463],[438,-31]],[[53879,51839],[247,-400],[89,-548]],[[54215,50891],[-359,-170],[614,-442]],[[54470,50279],[571,-574],[58,-315],[1255,413],[268,-82],[708,-1106],[-585,-449],[-1212,-547],[-149,-172]],[[50202,45256],[-557,405],[153,814],[-895,128],[-618,369],[-36,236]],[[47863,52549],[214,529],[388,371]],[[48465,53449],[309,470],[-299,500],[170,479],[561,199],[762,-582],[428,186],[239,417]],[[50635,55118],[733,12],[-154,-614],[394,-381],[754,211],[878,-217],[-178,-270],[240,-412],[-13,-388],[316,-401],[-56,-579],[330,-240]],[[39790,45024],[763,596],[131,430],[336,226],[-192,1033],[873,415],[21,181],[-577,262],[810,300],[437,615],[-477,46],[229,182]],[[42144,49310],[511,10],[106,-539],[-651,-336],[401,-540],[503,-157],[141,355],[1512,408],[197,277]],[[42611,60392],[679,-1143],[257,77],[259,-253],[532,-86],[-131,-474],[719,-490],[-607,-303],[233,-633]],[[44552,57087],[-481,-601],[319,-577],[-429,-302],[54,-196],[-591,-313],[53,-209]],[[43477,54889],[-627,-250],[-606,-780],[-182,189],[-353,-166],[-469,37],[-242,-467],[-451,126],[-476,-65],[-274,299],[65,239],[-720,308],[-406,-362],[-200,87],[-289,-585],[-487,-340],[-1071,133],[-737,508],[115,265],[-257,233],[-34,592]],[[35776,54890],[-47,171],[311,719],[-153,479],[325,682],[436,173],[551,-120],[142,292],[144,982],[-186,193],[34,567],[304,-45],[419,545],[333,-101],[1269,274],[271,513],[477,-498],[474,333],[348,-352],[24,512],[379,-137],[386,434],[594,-114]],[[48059,56436],[359,-259],[664,62],[406,-430],[446,197]],[[49934,56006],[132,-384],[569,-504]],[[48465,53449],[-738,36],[-303,520],[-306,-42],[-570,344],[-340,-89],[-223,252],[-306,-61],[-49,648],[-425,-59],[-249,167],[-424,-484],[102,-215],[-370,-365],[-680,-71],[-295,203]],[[43289,54233],[-247,240],[431,157],[4,259]],[[44552,57087],[486,-46],[-172,233],[260,182],[133,-250],[935,-77],[127,168],[573,-295],[-337,-564],[622,-46],[660,236],[220,-192]],[[43289,54233],[-606,-441],[263,-377],[-121,-386],[182,-734],[249,-305],[-394,-386],[307,-620],[-365,-71],[-219,-333],[-484,-126],[-108,-375],[-424,-187],[294,-480],[281,-102]],[[36886,47280],[-631,809],[-17,553],[164,574],[-494,225],[91,817],[-192,524],[-399,202],[-512,-52],[-1030,2180],[-387,146],[191,278],[738,326],[212,511],[615,-168],[256,681],[285,4]],[[54215,50891],[964,264],[-709,-876]],[[56119,54205],[191,-552],[-129,-341],[160,-313],[-682,-544],[-9,-340],[-405,-325],[-729,-50],[-637,99]],[[49934,56006],[-55,623],[655,-122],[375,270]],[[50909,56777],[470,160],[168,-322],[305,87],[588,-363],[688,39],[-243,-467],[583,-100],[235,-395],[-158,-351],[489,-161],[275,210],[136,-237],[754,60],[928,-442],[-8,-290]],[[55834,57093],[217,-396],[139,-701],[447,-254],[373,78],[240,-207]],[[57250,55613],[-34,-1083],[-797,-32],[-300,-293]],[[50909,56777],[839,572],[103,412],[412,12],[379,307],[255,-72],[28,353],[318,53],[-47,366]],[[53196,58780],[853,-488],[373,-915],[382,11],[452,-359],[578,64]],[[46752,59638],[-422,-840],[713,8],[341,-173],[-207,-278],[367,-347],[-232,-434],[565,-339],[-235,-212],[349,-210],[68,-377]],[[42611,60392],[189,250],[471,93]],[[43271,60735],[290,307]],[[43561,61042],[206,68],[249,-383],[295,16],[350,312],[148,-256],[426,-142],[814,-751],[469,-23],[234,-245]],[[46752,59638],[1740,103],[370,-237],[147,-373],[792,-272],[-97,-179],[1191,-278],[99,472],[-784,128],[53,789],[499,168]],[[50762,59959],[291,74],[267,-224],[107,-517],[233,174],[564,-132],[972,-554]],[[47941,62597],[443,-718],[932,-262],[1202,18],[8,-785],[293,-339],[-57,-552]],[[43561,61042],[452,558],[744,322]],[[44757,61922],[2382,379],[496,340],[306,-44]],[[57624,64381],[174,-349],[-250,-375],[199,-456],[241,-60],[163,-432],[-342,-767],[173,-450],[334,-98]],[[58316,61394],[-237,-286],[-163,-890],[-1203,319],[-144,199]],[[56569,60736],[-391,342],[-192,-552],[-532,51],[-405,-242],[-307,251],[-793,53],[8,300],[-832,814],[54,216],[-391,525],[102,264]],[[52890,62758],[976,472],[1443,1050]],[[55309,64280],[354,-108],[427,506],[507,77],[656,-134],[-24,-231],[395,-9]],[[52890,62758],[-905,-358],[-268,186],[-2,338],[-545,258],[-465,-46],[-233,-582],[223,-415],[-323,-157],[-704,218],[-1170,161],[-78,237],[-473,83]],[[47947,62681],[243,402],[703,335],[346,584],[-196,613],[-313,147]],[[48730,64762],[670,132],[398,-139],[390,234],[565,25],[412,301],[339,737],[-165,342],[435,435],[191,-286],[309,197],[-233,-514],[371,-389],[596,291],[170,-641],[531,163],[763,-420],[904,31],[-264,-271],[197,-710]],[[56569,60736],[-368,-277],[177,-335],[-598,-132],[-165,-696],[227,-436],[304,-209],[-229,-416],[-36,-604],[381,-167],[-428,-371]],[[47941,62597],[6,84]],[[44757,61922],[-696,772],[-472,340],[65,221],[589,88],[556,317],[934,155],[422,546],[-599,182]],[[45556,64543],[607,167],[1244,48],[255,-512],[723,190],[-61,233],[406,93]],[[43271,60735],[-662,226],[-454,469],[-1780,488],[-133,283],[340,193],[11,502],[-453,222],[-1256,414],[-52,720],[-425,133],[656,617],[48,289],[435,60],[229,-191],[1309,341],[553,484],[630,-685],[299,54],[145,-281],[573,539],[149,-181],[505,208],[323,-45],[601,295],[694,-1346]],[[62530,59135],[-688,-426],[-488,300],[-760,-113],[-434,541],[-578,209],[266,302],[-353,462],[198,263],[-138,303],[231,164]],[[59786,61140],[673,-223],[488,481],[6,279],[641,-5],[-116,-214],[423,-172],[5,-432],[592,-284],[422,-350],[-63,-305],[280,-143],[-607,-637]],[[63283,58134],[-143,415],[-668,35],[58,551]],[[62530,59135],[305,-148],[636,33],[165,836],[353,41],[-295,364],[505,33],[-50,372],[447,70],[-95,297],[632,70],[62,211],[710,92],[485,-174],[662,397],[574,-36]],[[62325,55490],[-1836,438],[-189,-196],[-394,218],[-519,-264],[-269,244],[-922,-191],[-531,-294],[-415,168]],[[58316,61394],[212,157],[756,54],[60,-292],[442,-173]],[[57624,64381],[634,-85],[191,-450],[1346,-124],[305,218],[926,284],[231,389],[470,-87],[75,-244],[882,-291],[1340,949],[504,493]],[[33277,36591],[-8278,-1096],[-926,133],[-681,277],[-1093,911],[-991,1964]],[[53664,25821],[78,740],[-3478,552],[-947,321],[-1670,97],[-643,-171],[-752,166]],[[77315,65277],[-670,662],[-1234,390],[-345,179]],[[73992,67132],[5846,4541],[4261,-831],[256,-3954],[-60,-569]],[[33277,36591],[196,-135],[-852,-452],[-1226,-408],[-1704,-429],[-759,69],[-177,356],[-546,-125],[-157,-264],[-540,161],[-633,-132],[68,-364],[-428,284],[-613,-229],[113,-297],[-197,-607],[-820,-244],[-709,392],[-523,-106],[-574,95],[-229,480],[-1869,476],[138,283],[-352,-70],[-1258,142],[-299,-224],[-1351,287],[-849,-74],[-256,242],[-414,-78],[-553,-527],[-680,-304],[-454,102],[-1000,1157],[-189,345],[-774,440],[-1159,807],[-169,288],[-1139,758],[-188,403],[-546,465],[-179,345],[-561,246],[-711,-238],[-1847,747],[-1696,845],[-557,875],[-220,702],[-404,814],[-477,738],[-963,1143],[-369,1304],[-206,277],[-456,1204],[-529,651],[-378,875],[-53,404],[89,1519],[513,241],[248,-785],[360,-663],[402,-62],[746,-991],[122,-535],[429,-1053],[361,-557],[35,-543],[231,-460],[642,-732],[176,-489],[569,-464],[91,-401],[1323,-1580],[1312,-827],[414,-62],[331,-291],[760,-48],[289,-270],[760,-77],[959,-490],[1016,-328],[405,-453],[906,-433],[648,-200],[543,-674],[865,-212],[797,-402],[1458,102],[738,-68],[1677,156],[444,-63],[649,489]],[[22021,36425],[-839,-305],[-156,-599],[435,-119],[151,474],[647,304],[-238,245]],[[19920,36625],[-169,-312],[537,202],[-368,110]],[[53664,25821],[-256,-63],[-968,333],[-412,-20],[-1161,422],[-1016,153],[-385,217],[-1702,51],[-843,131],[-669,481]],[[73992,67132],[-28,555],[383,381],[-155,289],[-540,289],[-168,-99],[-653,374],[-60,191],[-1249,1038],[-1440,879],[-306,387],[73,266],[-437,409],[-24,441],[225,740],[-198,293],[293,15],[-263,454],[-1423,726],[-1675,769],[-1164,653],[-1725,1275],[-695,690],[-1416,649],[-462,333],[-1561,613],[-698,490],[-695,252],[-503,21],[-321,291],[-561,-84],[-157,269],[-700,443],[-156,327],[-418,-68],[-627,345],[-570,-8],[-511,563],[-396,-59],[161,302],[-281,280],[1,754],[-173,125],[748,83],[1188,-233],[497,-200],[339,288],[512,55],[-592,1090],[145,651],[-399,564],[-912,761],[-694,308],[-173,442],[-370,188],[-173,537],[172,284],[-595,2429],[-545,182],[-649,393],[-697,642],[-135,308],[-1060,-190],[-883,626],[-795,720],[-519,286],[-458,84],[-959,369],[-1903,1217],[-741,699],[-308,444],[-583,429],[-145,365],[-1407,920],[268,633],[402,193],[129,445],[1222,-366],[421,109],[431,-302],[416,-552],[1449,-978],[1589,-620],[321,-330],[1039,-646],[343,-332],[356,-693],[518,-373],[1007,-122],[435,-151],[1192,-623],[891,-369],[925,-742],[1265,-319],[759,-369],[386,-417],[283,-33],[10,-1268],[425,-970],[571,-783],[1320,-1113],[736,-434],[169,-232],[1158,-480],[761,-645],[1934,-1059],[961,-125],[678,-461],[1447,-755],[601,-70],[1485,588],[479,-106],[463,76],[303,251],[1479,32],[1232,-292],[852,-819],[369,-151],[506,76],[1321,-536],[296,-378],[665,281],[717,-255],[468,342],[372,-75],[959,-517],[471,-718],[631,-525],[165,-330],[-141,-320],[155,-652],[343,-599],[435,-124],[17,-867],[160,-480],[544,-460],[-126,-188],[675,-139],[580,-709],[385,57],[200,-243],[391,267],[-176,-434],[1155,-113],[422,191],[416,-30],[673,203],[544,-108],[353,-246],[337,-1114],[869,-545],[915,216],[191,-166],[-250,-290],[931,35],[355,-552],[555,-414],[520,-146],[1362,157],[566,-81],[332,-551],[933,-225],[553,169],[235,-159],[572,111],[577,-323],[675,-853],[275,-624],[628,-199],[990,-1074],[188,-900],[-135,-435],[-494,-378],[-1897,182],[-263,-89],[-932,243],[-392,-275],[-248,91],[-99,-360],[482,-622],[-835,536],[-369,74],[131,-334],[-299,-453],[-150,416],[42,-725],[-597,-214],[-58,237],[583,777],[-741,-266],[-47,-950],[-90,116],[41,915],[-402,741],[147,-537],[-149,-530],[-74,726],[-567,729],[383,-667],[8,-754],[-367,125],[-439,-382],[371,-340],[-584,176],[-473,-458],[-677,714],[-138,442],[560,444],[164,339],[-467,89],[-602,-387],[-220,-376],[-629,-528],[-655,-3],[-653,-622],[-791,-105],[-917,3],[-1244,744],[-293,769],[-620,-315]],[[54163,88483],[-600,-255],[56,-255],[997,-156],[44,428],[-497,238]],[[94354,71578],[-561,-98],[-106,-228],[428,-306],[427,18],[303,268],[-7,410],[-484,-64]],[[51096,83986],[-795,24],[-738,-323],[-1084,332],[-657,-142],[-516,107],[-638,-82],[-655,125],[-498,705],[-587,171],[-481,-409],[-592,363],[-1777,51],[-355,-165],[-566,200],[-1004,-140],[-265,220],[-1539,-389],[-332,33],[-776,-389],[-392,112],[-571,-524],[-416,-2],[-108,-398],[-854,-462],[-305,91],[-576,-314],[-1048,-297],[-503,37],[-725,-607],[-489,198],[-963,-450],[-1159,103],[-527,457],[-168,345],[-534,114],[-233,-206],[-644,208],[-563,480],[704,-42],[456,-207],[527,48],[904,-233],[403,-235],[783,330],[635,-20],[556,381],[639,203],[436,-176],[493,43],[71,227],[924,652],[885,375],[858,129],[365,584],[1249,502],[591,466],[702,960],[-115,249],[-923,883],[-1656,495],[-431,331],[-1105,638],[-827,262],[-417,492],[98,489],[987,484],[617,75],[783,-299],[308,42],[1457,-615],[615,-420],[627,75],[-49,-247],[661,-412],[135,217],[-310,329],[-884,635],[-83,289],[-722,96],[-619,373],[80,503],[746,7],[583,-515],[1785,-1013],[1112,-324],[93,-211],[633,-145],[2896,-1404],[873,-169],[461,-427],[458,-142],[373,-845],[406,-465],[-300,-147],[-856,-41],[-347,178],[-125,-300],[860,-133],[725,133],[275,-156],[391,-673],[652,-613],[79,-566],[1086,-245],[624,426],[716,80],[298,197],[144,-255],[-416,-360]],[[41482,88462],[296,-462],[-336,-299],[341,-884],[1979,-701],[1067,-314],[818,346],[-874,512],[-707,718],[-480,94],[-438,465],[-693,-73],[-372,502],[-601,96]]],"transform":{"scale":[0.000012150946810080784,0.000009443732443224687],"translate":[8.536836851016016,46.87288094982076]}}