{"type":"Topology","objects":{"municipalities":{"type":"GeometryCollection","geometries":[{"type":"MultiPolygon","id":3201,"properties":{"id":3201,"name":"Häggenschwil"},"arcs":[[[0,1]],[[2,3,4,5,6,7,8]],[[9]]]},{"type":"Polygon","id":3202,"properties":{"id":3202,"name":"Muolen"},"arcs":[[-9,10]]},{"type":"Polygon","id":3203,"properties":{"id":3203,"name":"St. Gallen"},"arcs":[[11,12,13,14,15,16,17]]},{"type":"MultiPolygon","id":3204,"properties":{"id":3204,"name":"Wittenbach"},"arcs":[[[18,19,20,21,22,-17,23,24,-6]],[[25,-1,26,-4]]]},{"type":"MultiPolygon","id":3211,"properties":{"id":3211,"name":"Berg (SG)"},"arcs":[[[-20,27]],[[28,29,-22,30]]]},{"type":"Polygon","id":3212,"properties":{"id":3212,"name":"Eggersriet"},"arcs":[[31,-13,32,33]]},{"type":"Polygon","id":3213,"properties":{"id":3213,"name":"Goldach"},"arcs":[[34,35,36,37,38,39,40]]},{"type":"Polygon","id":3214,"properties":{"id":3214,"name":"Mörschwil"},"arcs":[[-38,41,-18,-23,-30,42,43]]},{"type":"Polygon","id":3215,"properties":{"id":3215,"name":"Rorschach"},"arcs":[[44,-35,45]]},{"type":"Polygon","id":3216,"properties":{"id":3216,"name":"Rorschacherberg"},"arcs":[[46,-34,47,-36,-45,48,49]]},{"type":"Polygon","id":3217,"properties":{"id":3217,"name":"Steinach"},"arcs":[[50,51,-43,-29,52,53]]},{"type":"Polygon","id":3218,"properties":{"id":3218,"name":"Tübach"},"arcs":[[-39,-44,-52,54]]},{"type":"Polygon","id":3219,"properties":{"id":3219,"name":"Untereggen"},"arcs":[[-48,-33,-12,-42,-37]]},{"type":"Polygon","id":3231,"properties":{"id":3231,"name":"Au (SG)"},"arcs":[[55,56,57,58,59,60]]},{"type":"Polygon","id":3232,"properties":{"id":3232,"name":"Balgach"},"arcs":[[-58,61,62,63,64,65,66]]},{"type":"Polygon","id":3233,"properties":{"id":3233,"name":"Berneck"},"arcs":[[-67,67,-59]]},{"type":"Polygon","id":3234,"properties":{"id":3234,"name":"Diepoldsau"},"arcs":[[68,-63,69,70]]},{"type":"Polygon","id":3235,"properties":{"id":3235,"name":"Rheineck"},"arcs":[[71,72,73,74]]},{"type":"Polygon","id":3236,"properties":{"id":3236,"name":"St. Margrethen"},"arcs":[[-61,75,-72,76]]},{"type":"Polygon","id":3237,"properties":{"id":3237,"name":"Thal"},"arcs":[[77,-74,78,-50,79]]},{"type":"Polygon","id":3238,"properties":{"id":3238,"name":"Widnau"},"arcs":[[80,-70,-62,-57]]},{"type":"MultiPolygon","id":3251,"properties":{"id":3251,"name":"Altstätten"},"arcs":[[[81,82,83,84]],[[85,86,87,88,89]]]},{"type":"Polygon","id":3252,"properties":{"id":3252,"name":"Eichberg"},"arcs":[[90,91,-84]]},{"type":"Polygon","id":3253,"properties":{"id":3253,"name":"Marbach (SG)"},"arcs":[[92,-82,93,94]]},{"type":"Polygon","id":3254,"properties":{"id":3254,"name":"Oberriet (SG)"},"arcs":[[95,96,-90,97,-91,-83,-93,98,-64,-69]]},{"type":"Polygon","id":3255,"properties":{"id":3255,"name":"Rebstein"},"arcs":[[-99,-95,99,-65]]},{"type":"Polygon","id":3256,"properties":{"id":3256,"name":"Rüthi (SG)"},"arcs":[[100,-86,-97]]},{"type":"Polygon","id":3271,"properties":{"id":3271,"name":"Buchs (SG)"},"arcs":[[101,102,103,104,105]]},{"type":"Polygon","id":3272,"properties":{"id":3272,"name":"Gams"},"arcs":[[-105,106,107,108]]},{"type":"Polygon","id":3273,"properties":{"id":3273,"name":"Grabs"},"arcs":[[-104,109,110,111,-107]]},{"type":"Polygon","id":3274,"properties":{"id":3274,"name":"Sennwald"},"arcs":[[112,-106,-109,113,114,-88]]},{"type":"Polygon","id":3275,"properties":{"id":3275,"name":"Sevelen"},"arcs":[[115,116,117,-110,-103]]},{"type":"Polygon","id":3276,"properties":{"id":3276,"name":"Wartau"},"arcs":[[118,119,120,121,122,-117]]},{"type":"Polygon","id":3291,"properties":{"id":3291,"name":"Bad Ragaz"},"arcs":[[123,124,125,126]]},{"type":"Polygon","id":3292,"properties":{"id":3292,"name":"Flums"},"arcs":[[-122,127,128,129,130]]},{"type":"Polygon","id":3293,"properties":{"id":3293,"name":"Mels"},"arcs":[[131,132,133,-125,134,135,-128,-121]]},{"type":"Polygon","id":3294,"properties":{"id":3294,"name":"Pfäfers"},"arcs":[[136,-135,-124]]},{"type":"MultiPolygon","id":3295,"properties":{"id":3295,"name":"Quarten"},"arcs":[[[137,138,139,140]],[[141,-130,142,143]]]},{"type":"Polygon","id":3296,"properties":{"id":3296,"name":"Sargans"},"arcs":[[144,-132,-120]]},{"type":"Polygon","id":3297,"properties":{"id":3297,"name":"Vilters-Wangs"},"arcs":[[-126,-134,145]]},{"type":"Polygon","id":3298,"properties":{"id":3298,"name":"Walenstadt"},"arcs":[[-111,-118,-123,-131,-142,146,-141,147]]},{"type":"Polygon","id":3311,"properties":{"id":3311,"name":"Amden"},"arcs":[[148,-139,149,150,151,152]]},{"type":"Polygon","id":3312,"properties":{"id":3312,"name":"Benken (SG)"},"arcs":[[153,154,155,156]]},{"type":"Polygon","id":3313,"properties":{"id":3313,"name":"Kaltbrunn"},"arcs":[[157,158,-154,159,160]]},{"type":"Polygon","id":3315,"properties":{"id":3315,"name":"Schänis"},"arcs":[[161,-152,162,163,-155,-159]]},{"type":"Polygon","id":3316,"properties":{"id":3316,"name":"Weesen"},"arcs":[[-151,164,165,-163]]},{"type":"Polygon","id":3338,"properties":{"id":3338,"name":"Schmerikon"},"arcs":[[166,167,168,169,170]]},{"type":"Polygon","id":3339,"properties":{"id":3339,"name":"Uznach"},"arcs":[[-160,-157,171,-171,172,173]]},{"type":"Polygon","id":3340,"properties":{"id":3340,"name":"Rapperswil-Jona"},"arcs":[[174,-169,175,176]]},{"type":"Polygon","id":3341,"properties":{"id":3341,"name":"Gommiswald"},"arcs":[[177,178,-161,-174,179]]},{"type":"Polygon","id":3342,"properties":{"id":3342,"name":"Eschenbach (SG)"},"arcs":[[180,-180,-173,-170,-175,181,182]]},{"type":"Polygon","id":3352,"properties":{"id":3352,"name":"Ebnat-Kappel"},"arcs":[[183,184,-162,-158,-179,185]]},{"type":"Polygon","id":3359,"properties":{"id":3359,"name":"Wildhaus-Alt St. Johann"},"arcs":[[-114,-108,-112,-148,-140,-149,186,187]]},{"type":"Polygon","id":3360,"properties":{"id":3360,"name":"Nesslau"},"arcs":[[188,-187,-153,-185,189]]},{"type":"Polygon","id":3372,"properties":{"id":3372,"name":"Hemberg"},"arcs":[[-190,-184,190,191,192]]},{"type":"Polygon","id":3374,"properties":{"id":3374,"name":"Lichtensteig"},"arcs":[[193,194,195]]},{"type":"Polygon","id":3375,"properties":{"id":3375,"name":"Oberhelfenschwil"},"arcs":[[196,197,-194,198]]},{"type":"Polygon","id":3378,"properties":{"id":3378,"name":"Neckertal"},"arcs":[[199,200,201,-192,202,-197,203,204,205]]},{"type":"Polygon","id":3379,"properties":{"id":3379,"name":"Wattwil"},"arcs":[[-195,-198,-203,-191,-186,-178,-181,206,207]]},{"type":"Polygon","id":3392,"properties":{"id":3392,"name":"Kirchberg (SG)"},"arcs":[[208,209,210,211]]},{"type":"Polygon","id":3393,"properties":{"id":3393,"name":"Lütisburg"},"arcs":[[212,213,-205,214,215,-210,216]]},{"type":"Polygon","id":3394,"properties":{"id":3394,"name":"Mosnang"},"arcs":[[217,-207,-183,218,-211,-216]]},{"type":"Polygon","id":3395,"properties":{"id":3395,"name":"Bütschwil-Ganterschwil"},"arcs":[[-204,-199,-196,-208,-218,-215]]},{"type":"MultiPolygon","id":3401,"properties":{"id":3401,"name":"Degersheim"},"arcs":[[[-201,219]],[[220,-206,-214,221,222]]]},{"type":"Polygon","id":3402,"properties":{"id":3402,"name":"Flawil"},"arcs":[[223,224,-223,225,226]]},{"type":"Polygon","id":3405,"properties":{"id":3405,"name":"Jonschwil"},"arcs":[[227,-217,-209,228,229,230]]},{"type":"Polygon","id":3407,"properties":{"id":3407,"name":"Oberuzwil"},"arcs":[[-226,-222,-213,-228,231,232]]},{"type":"Polygon","id":3408,"properties":{"id":3408,"name":"Uzwil"},"arcs":[[233,-232,-231,234,235]]},{"type":"Polygon","id":3422,"properties":{"id":3422,"name":"Niederbüren"},"arcs":[[236,237,238,239,240]]},{"type":"Polygon","id":3423,"properties":{"id":3423,"name":"Niederhelfenschwil"},"arcs":[[-240,241,242,243]]},{"type":"Polygon","id":3424,"properties":{"id":3424,"name":"Oberbüren"},"arcs":[[-239,244,-227,-233,-234,245,-242]]},{"type":"Polygon","id":3426,"properties":{"id":3426,"name":"Zuzwil (SG)"},"arcs":[[-243,-246,-236,246,247]]},{"type":"Polygon","id":3427,"properties":{"id":3427,"name":"Wil (SG)"},"arcs":[[-247,-235,-230,248]]},{"type":"Polygon","id":3441,"properties":{"id":3441,"name":"Andwil (SG)"},"arcs":[[249,250]]},{"type":"Polygon","id":3442,"properties":{"id":3442,"name":"Gaiserwald"},"arcs":[[-24,-16,251,252]]},{"type":"Polygon","id":3443,"properties":{"id":3443,"name":"Gossau (SG)"},"arcs":[[-250,-252,-15,253,-224,-245,-238,254]]},{"type":"Polygon","id":3444,"properties":{"id":3444,"name":"Waldkirch"},"arcs":[[-25,-253,-251,-255,-237,255,-7]]},{"type":"Polygon","id":9053,"properties":{"id":9053,"name":"Zürichsee (SG)"},"arcs":[[-168,256,-176]]},{"type":"Polygon","id":9269,"properties":{"id":9269,"name":"Walensee (SG)"},"arcs":[[-138,-147,-144,257,-165,-150]]},{"type":"Polygon","id":9328,"properties":{"id":9328,"name":"Bodensee (SG)"},"arcs":[[-80,-49,-46,-41,258,-54,259]]}]}},"arcs":[[[65365,90959],[-274,523]],[[65091,91482],[579,-318],[-305,-205]],[[61891,93714],[-321,-655],[563,129],[500,-282],[1186,-204],[194,556],[1156,-551],[722,-106],[-157,-773],[-567,-209]],[[65167,91619],[-671,378],[-1015,-476],[1324,-355],[413,-374]],[[65218,90792],[-134,-396]],[[65084,90396],[-706,368],[-552,-14],[-50,-496],[-595,-705]],[[63181,89549],[-446,-567],[-504,901],[-668,-118],[-909,471],[-306,418],[-695,-12],[141,651]],[[59794,91293],[-143,944],[-394,540],[-738,-476],[-332,689],[269,603],[663,2],[227,334]],[[59346,93929],[1622,-1065],[126,632],[509,902],[288,-684]],[[63890,94407],[139,-555],[-403,187],[264,368]],[[59346,93929],[-625,255],[-926,759],[-79,-479],[-370,-37],[-896,-807],[-1236,-73],[-1041,260],[-304,575],[745,205],[567,-439],[-94,570],[346,74],[274,578],[-303,336],[1169,302],[420,253],[573,-52],[158,341],[514,-101],[650,-534],[-90,804],[807,583],[1084,-452],[106,185],[970,-104],[15,-662],[577,-661],[1484,-57],[-82,-490],[-593,-129],[-532,-579],[286,-57],[-600,-623],[-429,41]],[[72148,85340],[201,-902],[-171,-635]],[[72178,83803],[151,-587],[442,-243]],[[72771,82973],[-277,-738],[281,-1245],[-549,-491],[327,-558],[-351,-642],[-465,-366],[-1072,-308],[-394,47],[-432,-424],[-819,-250],[-1066,25],[-362,539],[-1316,415],[-1194,-81],[-1106,-680],[-417,181],[-795,-368],[-1289,-265],[-746,308],[-1044,-529],[-1864,-382],[-1075,260]],[[56746,77421],[217,332],[-586,623],[240,752],[534,6],[-232,1471],[685,493],[468,12]],[[58072,81110],[256,-216],[-518,-628],[512,-261],[779,348],[901,119],[943,431],[481,407],[1504,543],[660,398],[270,473],[427,137],[-339,858],[91,543],[440,248]],[[64479,84510],[643,-129],[-266,501],[718,292],[505,-309],[-230,554],[745,296],[86,-676],[892,279],[193,-649],[-200,-220],[539,-335],[35,600],[351,778],[491,112]],[[68981,85604],[718,-146],[654,98],[359,-369],[330,450],[620,34],[486,-331]],[[65084,90396],[605,166]],[[65689,90562],[63,-511],[-266,-602],[899,281],[439,-415],[985,-139]],[[67809,89176],[595,-192],[299,425]],[[68703,89409],[355,-427],[1023,130]],[[70081,89112],[63,-548],[-882,-677],[-261,-1165],[-20,-1118]],[[64479,84510],[-398,1426]],[[64081,85936],[91,410],[800,-31],[235,288],[-635,532],[224,992],[-372,194],[79,663],[-358,194],[-753,-618],[-211,989]],[[65167,91619],[-76,-137]],[[65365,90959],[-147,-167]],[[65689,90562],[903,65],[507,-636],[304,33],[406,-848]],[[71241,92186],[-60,-521],[-574,-198],[945,-717],[102,-398]],[[71654,90352],[-1532,-880],[-41,-360]],[[68703,89409],[355,625],[-166,540],[366,174],[246,968],[405,-15],[376,506],[956,-21]],[[83550,87468],[-418,-478],[151,-702],[431,-385],[-542,-77],[-283,-344],[-526,57],[-1215,-388],[-1166,-805],[-726,-157],[-1268,-530],[-1239,-38],[-771,-540],[-1173,-359],[-113,-252],[-983,436],[-938,67]],[[72178,83803],[1482,302],[304,333],[1070,308],[290,-119],[608,363],[211,-161],[1240,326],[287,-99],[442,475]],[[78112,85531],[966,246],[731,-312],[386,791],[1976,929],[409,425],[970,-142]],[[78233,89888],[-451,-681],[489,-476]],[[78271,88731],[-224,-393],[-70,-966],[-278,-320]],[[77699,87052],[-719,-13],[-354,397],[-984,76],[-507,-386],[-216,374],[-895,-239],[-170,170]],[[73854,87431],[969,981]],[[74823,88412],[443,418],[509,1220],[332,298]],[[76107,90348],[1379,728]],[[77486,91076],[303,-875],[444,-313]],[[73854,87431],[-425,-284],[-171,-936],[-481,-167],[-629,-704]],[[71654,90352],[2010,-96],[79,215]],[[73743,90471],[334,-289],[-138,-376],[784,-176],[-551,-866],[651,-352]],[[81431,89694],[-409,-1154],[-1475,-347],[-277,371],[-999,167]],[[78233,89888],[1680,-410],[1518,216]],[[83888,87900],[-338,-432]],[[78112,85531],[-245,291],[392,250],[-560,980]],[[81431,89694],[2120,189]],[[83551,89883],[337,-1983]],[[74374,92794],[76,-1290]],[[74450,91504],[-211,-599],[-496,-434]],[[71241,92186],[414,695],[787,647],[445,136]],[[72887,93664],[380,-214],[645,85],[462,-741]],[[74450,91504],[377,-328],[1453,-302],[-173,-526]],[[97395,84157],[-659,-632],[-82,-719],[510,-1281],[151,-1228]],[[97315,80297],[-1163,-75],[-626,194],[-791,-1532],[-618,-156]],[[94117,78728],[-338,144],[753,440],[-40,481]],[[94492,79793],[-133,704],[396,256],[206,566],[-299,81],[370,483],[-461,497],[180,500],[-206,772]],[[94545,83652],[419,130]],[[94964,83782],[1784,300],[319,309],[328,-234]],[[94117,78728],[404,-729]],[[94521,77999],[-1108,-739],[714,-544],[-123,-147]],[[94004,76569],[-1489,-1767]],[[92515,74802],[-1024,1028],[622,383],[-1201,1745],[24,299],[-838,411],[-465,524]],[[89633,79192],[781,410],[738,-31],[964,402]],[[92116,79973],[1031,-135],[643,108],[702,-153]],[[92116,79973],[-1753,1049],[-132,615],[2153,911],[1226,820],[935,284]],[[94304,72902],[1309,1449],[-1882,598],[273,1620]],[[94521,77999],[826,-438],[-425,-824],[1099,-435],[553,1158],[613,234],[195,863]],[[97382,78557],[382,-32],[744,-1064],[1063,-495],[380,-373],[-46,-1482],[-323,-547],[-940,-956],[-1433,-505],[-1728,-41],[-922,-331],[-255,171]],[[90989,87344],[-651,-714]],[[90338,86630],[-587,353],[-840,197]],[[88911,87180],[39,666],[-340,-58],[70,611],[933,1094],[-828,785],[83,333]],[[88868,90611],[433,-305],[822,-1191],[866,-1771]],[[94964,83782],[-6,635],[-1039,548],[-1058,225],[-1640,1026],[-122,335],[-761,79]],[[90989,87344],[526,-299],[580,165],[319,955],[403,-42],[743,-1233],[859,-583],[2206,-202],[1150,-264],[527,-745],[-907,-939]],[[87142,92530],[553,-993],[1173,-926]],[[88911,87180],[-1664,-35],[-454,303],[-1321,-262],[81,591],[-517,278],[-1148,-155]],[[83551,89883],[1285,476],[527,918],[1025,906],[108,688],[646,-341]],[[97315,80297],[67,-1740]],[[86484,77378],[540,-333],[-32,-504],[812,-620],[512,-99],[-493,-410],[1212,-382],[627,-691],[754,-344],[381,-846]],[[90797,73149],[-1076,-1273],[-425,-827],[-1793,-808],[174,-463],[-1240,119],[39,-519],[-710,-174],[285,-809],[-1100,-1240],[-1001,161],[-204,429],[-589,333],[-301,614]],[[82856,68692],[490,-78],[1464,324],[-295,1028],[-877,571],[-636,-96],[415,508],[968,-36],[7,480],[-1033,743],[-1678,-519],[-852,-764],[-366,274]],[[80463,71127],[-395,1106],[218,938],[-224,183],[698,741],[-237,99],[220,1777],[468,1101],[3825,826],[305,-252],[-248,-494],[506,-290],[620,97],[265,419]],[[80343,64074],[518,-447],[145,-561],[764,-364],[258,-398],[918,-584],[-421,-879],[97,-466],[-315,-396],[1425,-276],[702,299],[699,-120]],[[85133,59882],[-1118,-627],[-437,-676]],[[83578,58579],[-1845,219],[-485,553],[-877,449],[-1042,156],[-872,736]],[[78457,60692],[330,697],[-131,385],[345,1236],[-45,402],[786,567]],[[79742,63979],[601,95]],[[82856,68692],[-1704,113],[-648,-183]],[[80504,68622],[-41,2505]],[[91927,74085],[-599,-88],[-531,-848]],[[86484,77378],[1333,640]],[[87817,78018],[601,-332],[405,-531],[967,-503],[670,-168],[277,-542],[-281,-180],[52,-831],[1332,-647],[87,-199]],[[94304,72902],[-2039,-2082],[-815,-1139],[-1026,-3363],[-493,-958],[-804,-883],[-1312,-842]],[[87815,63635],[-1403,508],[-601,53],[-284,-290],[-2449,55],[-1000,309],[-652,375],[-1083,-571]],[[79742,63979],[-394,1026],[654,861],[167,1210],[265,444],[70,1102]],[[91927,74085],[588,717]],[[87817,78018],[844,692],[972,482]],[[87815,63635],[-1023,-760],[-359,-453],[-304,-1138],[-369,-796],[-627,-606]],[[79070,48071],[-516,-2521],[58,-477],[656,-2399],[1341,-2142]],[[80609,40532],[-1279,-334],[-1281,152],[-151,-154],[-1213,-86],[-275,608],[588,1068],[-846,-139],[-453,-443],[-1106,22],[-295,-462],[-566,-179],[-283,-464],[-985,138],[-1637,-519],[-1061,-467],[-1220,-247]],[[68546,39026],[247,1314],[1366,328],[1055,661],[1361,355],[1633,900],[1574,554],[605,1117],[-116,205],[1078,2713],[135,717]],[[77484,47890],[249,906]],[[77733,48796],[925,-338],[412,-387]],[[77484,47890],[-481,92],[-3192,-287],[-1596,-353],[-1016,209],[-128,242],[-818,-195],[-1743,-1],[-1142,339]],[[67368,47936],[1115,1791],[-563,-134],[167,336],[-478,2185],[919,523],[432,465]],[[68960,53102],[556,550],[380,36],[1065,-516],[207,138],[658,-465],[995,-255],[958,-797],[473,-892],[798,119],[1112,-108],[22,-184],[1018,13],[-16,-179],[1427,-102],[-880,-1664]],[[68546,39026],[-291,-905]],[[68255,38121],[-879,-23],[-505,731],[-784,0],[-2196,-334],[-485,290],[-227,482],[179,478],[-424,419],[-2331,218]],[[60603,40382],[-1147,1141],[493,1480],[15,706],[911,238],[70,610],[1106,966],[423,60],[665,612],[1573,518],[1262,-85],[635,1044],[759,264]],[[83578,58579],[-174,-1378],[-1073,-2687],[-1663,-2504],[-331,-732],[-255,-1375],[-1012,-1832]],[[68960,53102],[114,785]],[[69074,53887],[1402,1306],[1145,71],[927,511],[544,57],[1608,1410],[1061,541],[710,812],[696,533],[629,1061],[661,503]],[[80609,40532],[625,-1059],[381,-1264],[522,-2417]],[[82137,35792],[-3162,-907],[-996,452],[-704,-78],[-1110,455],[-729,579],[-349,-109],[-1027,229],[-796,-641],[-1538,119],[-500,-427],[-1346,-369]],[[69880,35095],[-169,556],[-859,909],[-597,1561]],[[82137,35792],[329,-1729],[-65,-921],[-579,-1554],[-2691,-2036],[-1804,-1035]],[[77327,28517],[-285,305],[-740,-379],[-226,417],[-762,-168],[-255,161],[-608,-275],[-1413,385],[-817,-617]],[[72221,28346],[-1457,2017],[-556,421],[-1009,-304],[-153,329]],[[69046,30809],[-631,690],[-77,568],[-1194,1148]],[[67144,33215],[-601,228],[-494,822],[805,193],[741,-592],[1236,198],[1049,1031]],[[82887,14722],[286,493],[725,218],[-337,349],[9,570],[-1620,845],[22,768],[-1580,87],[-451,306],[-1011,-1138],[-354,512],[-375,-389],[-936,-372],[-148,-286],[-694,-101],[-447,-567],[-1109,-278],[-619,141],[-648,-307],[-340,240],[-1158,-344],[607,-956],[-963,193],[716,-1600],[-680,191],[-1606,-213],[-1407,883]],[[68769,13967],[-221,594]],[[68548,14561],[795,272],[477,568],[2143,369],[695,-15],[-92,393],[169,1219],[469,694],[871,-36],[2644,3726],[-225,362],[565,627],[-249,152],[703,242],[655,-503],[1076,1113]],[[79244,23744],[1720,-2257],[435,-1289],[702,-1080],[3289,-3775],[-507,-356],[-735,46],[-1261,-311]],[[69046,30809],[-1221,-1235],[-899,-313],[-922,31],[-542,-422],[-808,99],[-419,-620],[-1065,-548],[-370,-364],[-537,-999],[-839,-270],[-662,559],[-897,-5],[-1838,-1191],[-425,-476],[-38,-753],[-348,-236],[-337,-826],[414,-1103],[-166,-1020],[-307,-382],[-1310,-246],[-449,-266],[-275,-688],[-1940,160],[-1357,-851]],[[51489,18844],[-592,960],[12,1136],[-728,1102],[-8,282],[-703,259],[-900,1084],[-265,11]],[[48305,23678],[-204,1520],[-414,674],[915,596],[-156,495],[292,846],[402,63],[1067,690],[959,83],[1003,428],[518,-156],[870,450],[808,1379],[14,362],[937,705],[33,671],[954,368],[216,1152],[1153,385]],[[57672,34389],[736,-518],[1554,147],[645,276],[361,-272],[808,-75],[533,-529],[833,288],[1257,-229],[55,-327],[896,-691],[587,-730],[449,213],[758,1273]],[[72221,28346],[-1320,-449],[103,-751],[1216,-996],[311,-451],[560,-167],[-350,-232],[382,-359],[1251,115],[440,-358],[1046,440],[29,652],[387,-90],[205,603],[382,25],[286,-600],[489,342]],[[77638,26070],[860,-1314]],[[78498,24756],[-1267,-845],[-191,111],[-1098,-626],[-787,706],[-1799,343],[-343,191],[-1241,-264],[-395,-398],[-346,-982],[-574,-526],[-292,615],[-1101,296],[-851,-1286],[-273,-866],[-538,-118],[-698,-688],[-490,-889],[335,-965],[115,-919],[980,-677],[511,-1006],[598,-548],[-205,-854]],[[68769,13967],[-242,-739],[-820,-674],[-536,88],[-586,-353],[-335,-653],[55,-833],[-1094,-652],[-1267,507],[-622,-342],[-1358,26],[-991,533],[-1093,234],[-243,247],[-483,-446],[-638,214],[-821,-729],[-845,-323],[-217,167],[-921,-265],[-1330,-930],[-236,-542],[-808,-313],[-1250,-166]],[[52088,8023],[-407,1243],[-1079,517],[-442,848],[52,1437],[905,281],[115,218],[-275,1260],[331,880],[37,933],[-330,537],[335,688],[-137,670],[517,531],[-221,778]],[[82887,14722],[-722,-610],[123,-1864],[-1583,-330],[-161,-603],[-332,16],[-471,-1364],[-272,-388],[-819,-324],[-91,-761],[-602,-649],[-303,-806],[91,-716],[1072,-500],[-650,-603],[-780,-266],[-503,-738],[-424,-233],[279,-1236],[-332,-796],[-1431,-5],[192,-715],[-387,-975],[-418,-256],[-1250,999],[-545,738],[-899,451],[-1660,601],[-1638,210],[-1020,507],[-635,151],[-2330,-45],[-1618,345],[-444,-204],[-511,555],[-1907,-213],[-486,94],[-876,670],[-1009,-43],[-884,237],[-777,-295],[-688,318],[-580,-25],[-993,-498],[-1166,708],[-232,700],[-622,448],[299,856],[-145,317],[341,441]],[[51941,38033],[-1388,-171],[-1019,87],[-1805,-163],[-2743,581]],[[44986,38367],[99,445],[-269,608],[191,240],[1064,185],[1145,484],[1093,-58]],[[48309,40271],[1149,-83],[934,573]],[[50392,40761],[461,-479],[-49,-652],[725,-325],[412,-1272]],[[56685,35968],[-32,-295],[1182,-514],[-163,-770]],[[48305,23678],[-603,-29],[-716,422],[-766,-92],[-2406,-1357],[-593,421],[-800,-327],[-912,485],[-453,37],[-2070,1332],[1755,1212],[872,294],[856,71],[1541,1243],[323,820],[761,1296],[-349,1831],[245,824],[-533,1029],[365,1823],[-58,1013]],[[44764,36026],[1932,-379],[588,-18],[517,282],[738,-480],[719,-68],[1085,204],[1201,15],[807,449],[1259,-66],[1552,-404],[1523,407]],[[77327,28517],[-305,-678],[616,-1769]],[[78498,24756],[746,-1012]],[[56685,35968],[624,279],[15,532],[336,803],[-174,230],[-812,-63],[-1780,237],[-643,-206],[-2310,253]],[[50392,40761],[1435,250],[522,313],[1269,-203],[1324,313],[1809,210],[1070,-201],[1032,180],[541,-419],[232,-606],[977,-216]],[[49157,45740],[635,-1298],[489,-26],[-736,-804],[-1004,-485],[-315,-769],[598,-497],[-394,-674],[-121,-916]],[[44986,38367],[-1891,189],[-1607,-22],[-1073,314],[-395,-192],[-381,366],[-1455,68],[-834,255],[-1233,-56],[-278,-394]],[[35839,38895],[-292,192],[-226,1231],[152,1522],[286,639]],[[35759,42479],[442,915],[-61,560],[412,1466],[695,816]],[[37247,46236],[367,-762],[419,-141],[2016,424],[146,-165],[2025,770],[599,-200],[774,111],[452,-368],[977,115],[1677,-456],[483,-578],[1975,754]],[[21389,49830],[1937,-558],[400,253],[1168,-567],[210,-250],[875,239],[391,-547],[538,-105],[-34,-511],[429,94]],[[27303,47878],[-249,-580],[-1072,-1523],[291,-284],[-326,-595],[-1125,-575],[-597,-108]],[[24225,44213],[-1389,651],[135,171],[-1714,796],[-961,-155],[-429,-464],[-935,111],[-34,576],[-453,2328],[819,-146],[415,1919],[647,236]],[[20326,50236],[285,-587],[778,181]],[[35243,49945],[380,-127],[211,-905],[322,-104],[94,-620]],[[36250,48189],[-360,-456],[-188,-923],[-1148,-338],[-356,-349],[-173,502],[-683,890],[-802,790],[-432,941],[-1593,714],[-955,-1055],[-521,-101],[-382,-614],[-397,584],[-543,-717],[-414,-179]],[[21389,49830],[-283,334],[1423,816],[291,-275],[569,533],[-29,445],[568,-62],[131,688]],[[24059,52309],[297,154],[985,-194],[1139,-628],[422,43],[-371,856],[822,395],[848,-261],[246,-503],[-498,-733],[726,-910],[473,115],[576,654],[1042,306],[891,-601],[234,-669],[578,-376],[1602,-156],[632,321],[270,-442],[270,265]],[[36250,48189],[822,-1276],[175,-677]],[[35759,42479],[-334,296],[-142,-394],[-588,-157],[-268,-504],[-964,-437],[-84,-547],[-599,-238],[-1383,-1507],[588,-529],[-712,-322],[199,-142]],[[31472,37998],[-611,70],[-1422,1119],[-477,536],[-4737,4490]],[[35839,38895],[-625,-334],[-476,169],[-229,-326]],[[34509,38404],[-516,-124],[-2521,-282]],[[19364,50959],[-1491,-164],[-1314,257]],[[16559,51052],[22,481],[551,419],[-3065,130],[-181,-50]],[[13886,52032],[-7,607]],[[13879,52639],[1401,247],[550,276],[719,-152],[124,280],[1425,228]],[[18098,53518],[202,-418],[749,-443],[-576,-356],[741,-172],[344,-419],[-194,-751]],[[20326,50236],[-297,564],[-665,159]],[[18098,53518],[757,104],[116,247],[1326,284],[815,310]],[[21112,54463],[610,-139],[-204,-457],[733,-636],[744,179],[534,-209],[-53,-479],[583,-413]],[[8474,55021],[472,-230],[127,-411],[393,250],[947,-42],[1578,-571],[216,-307],[1068,-343],[604,-728]],[[13886,52032],[-593,-270],[-3223,-1008],[-783,-69],[-146,202],[-1050,137],[-685,533],[-1167,14],[-247,-341],[397,-365],[-832,-240],[-1378,261],[-708,663],[-1140,124],[-549,670],[696,377],[-268,959],[-1219,194],[-580,328],[-411,-95]],[[0,54106],[91,495],[640,330],[48,310],[2715,693],[704,-170],[665,-497],[712,3],[3,243],[788,347],[108,-619],[344,-358],[619,-141],[1037,279]],[[28065,58205],[831,-828],[2440,-1292],[325,-422]],[[31661,55663],[611,-457],[880,-144],[-12,-868],[1204,-210],[540,-401],[5,-791],[239,-120],[-136,-655],[447,-617],[-323,-553],[262,-290],[-135,-612]],[[21112,54463],[363,619],[763,429],[554,46],[98,312],[-451,610],[1113,686],[748,842],[332,-223],[958,107],[859,396],[1616,-82]],[[25570,62818],[673,-905],[-9,-248],[1356,-563],[-16,-223],[1139,167],[-3,-901],[-795,-939],[150,-1001]],[[8474,55021],[401,339],[-25,585],[2700,367],[1250,403],[30,-353],[3133,925],[215,546],[715,725],[-409,429],[720,432],[91,993],[-733,-283],[-80,648],[-787,615],[944,416],[799,139],[-23,259],[968,1564],[2078,427],[1091,1769]],[[21552,65966],[871,-264],[513,-805],[396,-237],[80,-755],[1058,-921],[1100,-166]],[[40446,60513],[480,-270],[283,-544],[1149,218],[1070,-71],[1466,171],[14,-338]],[[44908,59679],[43,-1095],[-558,-374],[-1356,-333],[267,-340],[-757,-607],[-546,-855],[75,-525],[-483,-101],[-448,-983],[-819,-520],[128,-689],[-742,-255],[244,-358],[-296,-1127],[547,-265],[269,-609],[-150,-776],[-1099,-1066],[-259,-927],[111,-320],[-554,-740],[-1278,-578]],[[31661,55663],[831,332],[60,932],[1266,331],[528,335],[-216,311],[741,482],[249,713],[343,120],[-527,610],[537,136],[780,-171],[783,321],[1172,-18],[111,575],[479,-169],[617,136],[822,-360],[209,234]],[[49157,45740],[508,3],[92,842],[445,822],[306,-343],[1154,709],[-474,936],[733,730],[33,540],[349,564],[422,106],[-55,405],[2839,659],[677,555],[721,-124],[870,423],[335,744],[924,96],[52,792],[982,1038]],[[60070,55237],[951,393],[1281,-12],[813,-681],[1560,-171],[2084,-1414],[1082,375],[1233,160]],[[46739,59632],[1213,-835],[1846,-768],[1232,-65],[335,126],[1065,-407],[745,310],[500,456],[751,223],[658,-491],[-366,-236],[884,84],[497,-675],[432,-66],[560,-477],[840,346],[505,-206],[-180,-350],[796,-569],[441,-594],[577,-201]],[[44908,59679],[954,-71],[328,354],[549,-330]],[[40446,60513],[224,208],[-507,821],[70,370],[-520,914],[261,316]],[[39974,63142],[671,225],[2160,1941],[338,-315],[745,139],[459,515],[1430,-28],[1366,580]],[[47143,66199],[360,-196],[149,-940],[401,-805],[-204,-792],[137,-416],[837,-992],[-859,-1250],[-1005,-640],[-220,-536]],[[33614,68021],[1715,-736],[528,-1069],[695,-368]],[[36552,65848],[-138,-339],[-1375,173],[-738,-627],[126,566],[-322,701],[-418,144],[-687,-261],[-337,492],[-74,1373]],[[32589,68070],[268,235],[757,-284]],[[36738,73317],[482,-985],[621,-260],[417,-525],[-494,-154],[317,-1405],[887,-116],[519,-1186],[-599,35],[-640,588],[-475,-652],[-454,183],[-537,-474],[-131,-921],[431,45],[669,-576],[-48,-819],[-430,-229]],[[37273,65866],[-721,-18]],[[33614,68021],[431,192],[-451,537],[-440,-131],[-38,1971],[490,-60],[-132,582],[882,12],[-393,268],[1236,775],[313,43],[-539,768],[588,1028],[572,-646],[605,-43]],[[45061,72327],[342,-559],[124,-764]],[[45527,71004],[-498,-237],[850,-616]],[[45879,70151],[790,-801],[81,-441],[1736,577],[370,-114],[981,-1544],[-811,-626],[-1676,-764],[-207,-239]],[[39974,63142],[-771,565],[212,1136],[-1238,178],[-855,515],[-49,330]],[[36738,73317],[297,738],[536,518]],[[37571,74573],[427,656],[-412,697],[235,669],[776,278],[1054,-813],[376,105],[546,736]],[[40573,76901],[1015,18],[-213,-857],[544,-532],[1044,295],[1214,-303],[-246,-377],[332,-575],[-18,-541],[438,-560],[-78,-808],[456,-334]],[[25570,62818],[1055,832],[181,600],[465,315],[-265,1441],[1208,579],[28,252],[-797,367],[1120,418],[604,859],[-660,63],[317,254]],[[28826,68798],[707,14],[146,-751],[-900,-469],[555,-755],[696,-218],[195,495],[2091,570],[273,386]],[[29473,84259],[939,-1594],[355,107],[358,-353],[737,-120],[-182,-661],[995,-683],[-840,-423],[323,-883]],[[32158,79649],[-665,-839],[441,-805],[-594,-421],[75,-274],[-817,-437],[73,-291]],[[30671,76582],[-868,-348],[-839,-1090],[-251,264],[-488,-230],[-649,51],[-335,-652],[-625,176],[-658,-90],[-379,416],[90,335],[-996,429],[-562,-506],[-276,122],[-400,-817],[-674,-473],[-1481,185],[-1020,709],[159,369],[-355,326],[-48,826]],[[20016,76584],[-64,239],[429,1002],[-211,669],[449,951],[603,241],[763,-167],[196,407],[200,1371],[-258,269],[47,791],[421,-63],[580,761],[460,-141],[1756,382],[375,716],[659,-695],[657,464],[481,-491],[33,715],[524,-192],[535,606],[822,-160]],[[37010,78741],[497,-362],[918,87],[561,-600],[618,274]],[[39604,78140],[183,-535],[786,-704]],[[37571,74573],[-1020,50],[-420,725],[-424,-58],[-787,480],[-321,-180],[-458,407],[-424,-85],[-69,904],[-588,-82],[-344,233],[-586,-676],[141,-299],[-512,-509],[-940,-100],[-408,284]],[[30411,75667],[-342,335],[596,219],[6,361]],[[32158,79649],[672,-64],[-239,324],[361,254],[183,-349],[1294,-106],[176,233],[793,-411],[-467,-787],[861,-64],[914,330],[304,-268]],[[30411,75667],[-840,-616],[365,-525],[-168,-539],[252,-1024],[344,-425],[-544,-539],[424,-865],[-504,-100],[-303,-464],[-671,-176],[-149,-522],[-586,-262],[406,-670],[389,-142]],[[21552,65966],[-873,1129],[-23,771],[226,801],[-684,314],[127,1139],[-266,732],[-551,282],[-709,-73],[-936,1983],[-195,721],[-830,542],[265,387],[1020,455],[293,713],[852,-234],[354,950],[394,6]],[[45527,71004],[1332,369],[-980,-1222]],[[48160,75627],[265,-770],[-178,-475],[221,-436],[-944,-760],[-12,-475],[-560,-452],[-1009,-71],[-882,139]],[[39604,78140],[-77,869],[907,-169],[518,376]],[[40952,79216],[650,224],[233,-450],[423,122],[812,-507],[952,54],[-336,-651],[807,-140],[325,-551],[-219,-490],[676,-223],[382,293],[187,-331],[1043,83],[1285,-617],[-12,-405]],[[47766,79658],[301,-554],[192,-978],[618,-354],[516,109],[332,-289]],[[49725,77592],[-47,-1511],[-1102,-44],[-416,-410]],[[40952,79216],[1161,799],[143,574],[570,17],[524,428],[352,-100],[40,493],[440,73],[-66,511]],[[44116,82011],[1181,-681],[516,-1277],[528,16],[626,-501],[799,90]],[[35202,83207],[-584,-1172],[986,13],[472,-242],[-287,-388],[508,-484],[-321,-605],[782,-473],[-326,-296],[484,-294],[94,-525]],[[29473,84259],[260,349],[652,130]],[[30385,84738],[402,429]],[[30787,85167],[284,95],[346,-534],[408,21],[483,435],[206,-356],[588,-198],[1127,-1048],[649,-32],[324,-343]],[[35202,83207],[2406,145],[513,-331],[203,-521],[1096,-378],[-135,-250],[1648,-388],[137,658],[-1085,179],[74,1100],[690,235]],[[40749,83656],[1039,-414],[203,-274],[781,-184],[1344,-773]],[[36847,87336],[612,-1001],[1290,-366],[1662,25],[12,-1095],[405,-473],[-79,-770]],[[30787,85167],[625,778],[1029,449]],[[32441,86394],[3296,529],[686,475],[424,-62]],[[50243,89825],[241,-486],[-346,-523],[275,-637],[333,-84],[226,-603],[-474,-1069],[241,-628],[461,-137]],[[51200,85658],[-327,-399],[-226,-1242],[-1664,445],[-200,278]],[[48783,84740],[-540,477],[-266,-771],[-737,72],[-560,-338],[-424,351],[-1097,74],[10,418],[-1151,1135],[75,302],[-541,733],[141,368]],[[43693,87561],[1350,658],[1996,1465]],[[47039,89684],[490,-150],[591,706],[702,107],[908,-187],[-34,-323],[547,-12]],[[43693,87561],[-1251,-499],[-371,258],[-4,472],[-753,361],[-644,-65],[-322,-811],[309,-579],[-447,-220],[-974,304],[-1620,225],[-106,330],[-655,116]],[[36855,87453],[336,562],[972,466],[479,815],[-270,856],[-434,205]],[[37938,90357],[927,184],[551,-194],[538,326],[783,36],[569,419],[470,1029],[-228,477],[601,607],[264,-399],[429,274],[-324,-716],[514,-543],[825,406],[234,-895],[736,228],[1055,-586],[1251,43],[-365,-378],[271,-991]],[[48783,84740],[-508,-386],[244,-467],[-827,-186],[-229,-970],[734,-901],[-316,-580],[-49,-843],[527,-232],[-593,-517]],[[36847,87336],[8,117]],[[32441,86394],[-962,1078],[-654,475],[91,308],[814,122],[770,443],[1292,215],[584,763],[-830,253]],[[33546,90051],[840,233],[1721,68],[353,-715],[1000,265],[-84,326],[562,129]],[[30385,84738],[-916,316],[-628,655],[-2462,681],[-185,394],[472,269],[14,700],[-627,310],[-1738,577],[-70,1005],[-588,186],[906,861],[67,403],[602,84],[317,-267],[1811,476],[765,676],[871,-957],[414,76],[201,-393],[793,753],[205,-252],[699,290],[448,-63],[830,412],[960,-1879]],[[57031,82506],[-952,-594],[-676,418],[-1052,-158],[-600,755],[-800,292],[369,422],[-489,644],[274,367],[-191,423],[320,229]],[[53234,85304],[931,-312],[675,671],[9,390],[886,-7],[-160,-299],[585,-240],[7,-603],[820,-395],[583,-489],[-87,-426],[387,-199],[-839,-889]],[[58072,81110],[-198,578],[-924,50],[81,768]],[[57031,82506],[421,-207],[880,47],[228,1166],[489,57],[-409,509],[699,45],[-69,520],[619,97],[-132,415],[874,97],[86,295],[983,128],[671,-243],[915,554],[795,-50]],[[56746,77421],[-2539,611],[-262,-274],[-545,304],[-718,-368],[-373,341],[-1274,-267],[-735,-410],[-575,234]],[[51200,85658],[293,220],[1047,74],[83,-407],[611,-241]],[[50243,89825],[877,-119],[263,-627],[1863,-174],[422,305],[1282,397],[319,542],[650,-121],[104,-341],[1220,-406],[1854,1324],[697,688]],[[16559,51052],[-11452,-1529],[-1282,186],[-942,387],[-1513,1270],[-1370,2740]],[[44764,36026],[108,1033],[-4812,769],[-1310,448],[-2310,136],[-890,-239],[-1041,231]],[[77486,91076],[-928,924],[-1708,544],[-476,250]],[[72887,93664],[8089,6335],[5895,-1159],[353,-5516],[-82,-794]]],"transform":{"scale":[0.00000878279481864043,0.0000067686471419107126],"translate":[8.795751644043374,46.87288094982076]}}