{"type":"Topology","objects":{"municipalities":{"type":"GeometryCollection","geometries":[{"type":"Polygon","id":2401,"properties":{"id":2401,"name":"Egerkingen"},"arcs":[[0,1,2,3,4,5,6]]},{"type":"Polygon","id":2402,"properties":{"id":2402,"name":"Härkingen"},"arcs":[[7,8,-2,9]]},{"type":"Polygon","id":2403,"properties":{"id":2403,"name":"Kestenholz"},"arcs":[[10,11,12,13,14]]},{"type":"Polygon","id":2404,"properties":{"id":2404,"name":"Neuendorf"},"arcs":[[-9,15,16,17,18,-3]]},{"type":"Polygon","id":2405,"properties":{"id":2405,"name":"Niederbuchsiten"},"arcs":[[-18,19,-15,20]]},{"type":"Polygon","id":2406,"properties":{"id":2406,"name":"Oberbuchsiten"},"arcs":[[-19,-21,-14,21,22,23,-4]]},{"type":"Polygon","id":2407,"properties":{"id":2407,"name":"Oensingen"},"arcs":[[-13,24,25,-22]]},{"type":"Polygon","id":2408,"properties":{"id":2408,"name":"Wolfwil"},"arcs":[[26,27,-11,-20,-17]]},{"type":"Polygon","id":2421,"properties":{"id":2421,"name":"Aedermannsdorf"},"arcs":[[28,29,30,31,32,33]]},{"type":"Polygon","id":2422,"properties":{"id":2422,"name":"Balsthal"},"arcs":[[34,-23,-26,35,36,37]]},{"type":"Polygon","id":2423,"properties":{"id":2423,"name":"Gänsbrunnen"},"arcs":[[38,39,40,41,42]]},{"type":"Polygon","id":2424,"properties":{"id":2424,"name":"Herbetswil"},"arcs":[[43,44,45,46,-43,47,-31]]},{"type":"Polygon","id":2425,"properties":{"id":2425,"name":"Holderbank (SO)"},"arcs":[[-5,-24,-35,48,49]]},{"type":"Polygon","id":2426,"properties":{"id":2426,"name":"Laupersdorf"},"arcs":[[-37,50,51,52]]},{"type":"Polygon","id":2427,"properties":{"id":2427,"name":"Matzendorf"},"arcs":[[53,-29,54,-52]]},{"type":"Polygon","id":2428,"properties":{"id":2428,"name":"Mümliswil-Ramiswil"},"arcs":[[-49,-38,-53,-55,-34,55,56]]},{"type":"Polygon","id":2429,"properties":{"id":2429,"name":"Welschenrohr"},"arcs":[[57,58,59,-39,-47]]},{"type":"Polygon","id":2445,"properties":{"id":2445,"name":"Biezwil"},"arcs":[[60,61,62,63]]},{"type":"Polygon","id":2455,"properties":{"id":2455,"name":"Lüterkofen-Ichertswil"},"arcs":[[64,65,66,67,68]]},{"type":"Polygon","id":2456,"properties":{"id":2456,"name":"Lüterswil-Gächliwil"},"arcs":[[69,-64,70,71]]},{"type":"Polygon","id":2457,"properties":{"id":2457,"name":"Messen"},"arcs":[[72,73,-61,-70,74,75]]},{"type":"Polygon","id":2461,"properties":{"id":2461,"name":"Schnottwil"},"arcs":[[-62,-74,76]]},{"type":"Polygon","id":2463,"properties":{"id":2463,"name":"Unterramsern"},"arcs":[[77,-76,78]]},{"type":"Polygon","id":2464,"properties":{"id":2464,"name":"Lüsslingen-Nennigkofen"},"arcs":[[79,80,-69,81,82,83]]},{"type":"Polygon","id":2465,"properties":{"id":2465,"name":"Buchegg"},"arcs":[[-79,-75,-72,84,-67,85]]},{"type":"Polygon","id":2471,"properties":{"id":2471,"name":"Bättwil"},"arcs":[[86,87,88]]},{"type":"Polygon","id":2472,"properties":{"id":2472,"name":"Büren (SO)"},"arcs":[[89,90,91,92,93]]},{"type":"Polygon","id":2473,"properties":{"id":2473,"name":"Dornach"},"arcs":[[94,95,96]]},{"type":"Polygon","id":2474,"properties":{"id":2474,"name":"Gempen"},"arcs":[[97,-94,98,-95,99]]},{"type":"Polygon","id":2475,"properties":{"id":2475,"name":"Hochwald"},"arcs":[[-99,-93,100,101,-96]]},{"type":"Polygon","id":2476,"properties":{"id":2476,"name":"Hofstetten-Flüh"},"arcs":[[102,103,104,105,-88]]},{"type":"Polygon","id":2477,"properties":{"id":2477,"name":"Metzerlen-Mariastein"},"arcs":[[106,107,108,-105]]},{"type":"Polygon","id":2478,"properties":{"id":2478,"name":"Nuglar-St. Pantaleon"},"arcs":[[-90,-98,109]]},{"type":"Polygon","id":2479,"properties":{"id":2479,"name":"Rodersdorf"},"arcs":[[-108,110]]},{"type":"Polygon","id":2480,"properties":{"id":2480,"name":"Seewen"},"arcs":[[111,112,113,114,-101,-92]]},{"type":"Polygon","id":2481,"properties":{"id":2481,"name":"Witterswil"},"arcs":[[-103,-87,115]]},{"type":"Polygon","id":2491,"properties":{"id":2491,"name":"Hauenstein-Ifenthal"},"arcs":[[116,117,118,119,120,121]]},{"type":"Polygon","id":2492,"properties":{"id":2492,"name":"Kienberg"},"arcs":[[122,123]]},{"type":"Polygon","id":2493,"properties":{"id":2493,"name":"Lostorf"},"arcs":[[124,125,126,127,128,129,130,131]]},{"type":"Polygon","id":2495,"properties":{"id":2495,"name":"Niedergösgen"},"arcs":[[132,133,134,135,-126,136,137]]},{"type":"Polygon","id":2497,"properties":{"id":2497,"name":"Obergösgen"},"arcs":[[-136,138,139,140,-127]]},{"type":"Polygon","id":2498,"properties":{"id":2498,"name":"Rohr (SO)"},"arcs":[[141,-132,142,143]]},{"type":"Polygon","id":2499,"properties":{"id":2499,"name":"Stüsslingen"},"arcs":[[-137,-125,-142,144]]},{"type":"Polygon","id":2500,"properties":{"id":2500,"name":"Trimbach"},"arcs":[[-129,145,146,147,-118,148]]},{"type":"Polygon","id":2501,"properties":{"id":2501,"name":"Winznau"},"arcs":[[-141,149,150,-146,-128]]},{"type":"Polygon","id":2502,"properties":{"id":2502,"name":"Wisen (SO)"},"arcs":[[-130,-149,-117,151]]},{"type":"Polygon","id":2503,"properties":{"id":2503,"name":"Erlinsbach (SO)"},"arcs":[[152,153,-138,-145,-144,154,-123,155]]},{"type":"MultiPolygon","id":2511,"properties":{"id":2511,"name":"Aeschi (SO)"},"arcs":[[[156]],[[157,158,159,160]]]},{"type":"Polygon","id":2513,"properties":{"id":2513,"name":"Biberist"},"arcs":[[161,162,163,164,-80,165,166,167]]},{"type":"Polygon","id":2514,"properties":{"id":2514,"name":"Bolken"},"arcs":[[-161,168,169,170]]},{"type":"Polygon","id":2516,"properties":{"id":2516,"name":"Deitingen"},"arcs":[[171,172,173,174,175,176]]},{"type":"Polygon","id":2517,"properties":{"id":2517,"name":"Derendingen"},"arcs":[[177,178,179,180,-162,181,182,-173]]},{"type":"Polygon","id":2518,"properties":{"id":2518,"name":"Etziken"},"arcs":[[-160,183,184,185,-169]]},{"type":"Polygon","id":2519,"properties":{"id":2519,"name":"Gerlafingen"},"arcs":[[186,187,188,-163,-181]]},{"type":"Polygon","id":2520,"properties":{"id":2520,"name":"Halten"},"arcs":[[189,190,191,192]]},{"type":"Polygon","id":2523,"properties":{"id":2523,"name":"Horriwil"},"arcs":[[193,-184,194,195,196]]},{"type":"Polygon","id":2524,"properties":{"id":2524,"name":"Hüniken"},"arcs":[[-194,197,-185]]},{"type":"Polygon","id":2525,"properties":{"id":2525,"name":"Kriegstetten"},"arcs":[[198,-192,199,200,-187,-180]]},{"type":"Polygon","id":2526,"properties":{"id":2526,"name":"Lohn-Ammannsegg"},"arcs":[[201,-65,-81,-165]]},{"type":"Polygon","id":2527,"properties":{"id":2527,"name":"Luterbach"},"arcs":[[-183,202,203,-174]]},{"type":"Polygon","id":2528,"properties":{"id":2528,"name":"Obergerlafingen"},"arcs":[[204,205,-188,-201]]},{"type":"Polygon","id":2529,"properties":{"id":2529,"name":"Oekingen"},"arcs":[[-196,206,-193,-199,-179,207]]},{"type":"Polygon","id":2530,"properties":{"id":2530,"name":"Recherswil"},"arcs":[[-191,208,209,-205,-200]]},{"type":"Polygon","id":2532,"properties":{"id":2532,"name":"Subingen"},"arcs":[[210,-170,-186,-198,-197,-208,-178,-172]]},{"type":"Polygon","id":2534,"properties":{"id":2534,"name":"Zuchwil"},"arcs":[[-182,-168,211,212,213,-203]]},{"type":"Polygon","id":2535,"properties":{"id":2535,"name":"Drei Höfe"},"arcs":[[214,-209,-190,-207,-195,-159]]},{"type":"Polygon","id":2541,"properties":{"id":2541,"name":"Balm bei Günsberg"},"arcs":[[215,216,-58,-46,217]]},{"type":"Polygon","id":2542,"properties":{"id":2542,"name":"Bellach"},"arcs":[[218,219,-166,-84,220,221,222]]},{"type":"Polygon","id":2543,"properties":{"id":2543,"name":"Bettlach"},"arcs":[[223,224,225]]},{"type":"Polygon","id":2544,"properties":{"id":2544,"name":"Feldbrunnen-St. Niklaus"},"arcs":[[-213,226,227,228]]},{"type":"Polygon","id":2545,"properties":{"id":2545,"name":"Flumenthal"},"arcs":[[-176,229,230,231]]},{"type":"Polygon","id":2546,"properties":{"id":2546,"name":"Grenchen"},"arcs":[[-225,232,233]]},{"type":"Polygon","id":2547,"properties":{"id":2547,"name":"Günsberg"},"arcs":[[234,235,236,-218,-45,237]]},{"type":"Polygon","id":2548,"properties":{"id":2548,"name":"Hubersdorf"},"arcs":[[238,-231,239,-236,240]]},{"type":"Polygon","id":2549,"properties":{"id":2549,"name":"Kammersrohr"},"arcs":[[-241,-235,241]]},{"type":"Polygon","id":2550,"properties":{"id":2550,"name":"Langendorf"},"arcs":[[242,-219,243,244]]},{"type":"Polygon","id":2551,"properties":{"id":2551,"name":"Lommiswil"},"arcs":[[-222,245,246]]},{"type":"Polygon","id":2553,"properties":{"id":2553,"name":"Oberdorf (SO)"},"arcs":[[-244,-223,-247,247,-40,-60,248]]},{"type":"Polygon","id":2554,"properties":{"id":2554,"name":"Riedholz"},"arcs":[[-240,-230,-175,-204,-214,-229,249,-216,-237]]},{"type":"Polygon","id":2555,"properties":{"id":2555,"name":"Rüttenen"},"arcs":[[-250,-228,250,-245,-249,-59,-217]]},{"type":"Polygon","id":2556,"properties":{"id":2556,"name":"Selzach"},"arcs":[[-246,-221,-83,251,-226,-234,252,-41,-248]]},{"type":"Polygon","id":2571,"properties":{"id":2571,"name":"Boningen"},"arcs":[[253,254,255,256,257]]},{"type":"Polygon","id":2572,"properties":{"id":2572,"name":"Däniken"},"arcs":[[258,259,-139,-135,260]]},{"type":"Polygon","id":2573,"properties":{"id":2573,"name":"Dulliken"},"arcs":[[-260,261,262,263,264,-150,-140]]},{"type":"Polygon","id":2574,"properties":{"id":2574,"name":"Eppenberg-Wöschnau"},"arcs":[[265,-153,266]]},{"type":"Polygon","id":2575,"properties":{"id":2575,"name":"Fulenbach"},"arcs":[[267,-27,-16,-8,-255]]},{"type":"Polygon","id":2576,"properties":{"id":2576,"name":"Gretzenbach"},"arcs":[[268,269,270,-261,-134]]},{"type":"Polygon","id":2578,"properties":{"id":2578,"name":"Gunzgen"},"arcs":[[-256,-10,-1,271,272]]},{"type":"Polygon","id":2579,"properties":{"id":2579,"name":"Hägendorf"},"arcs":[[273,274,-272,-7,275,-121]]},{"type":"Polygon","id":2580,"properties":{"id":2580,"name":"Kappel (SO)"},"arcs":[[276,277,-257,-273,-275,278]]},{"type":"Polygon","id":2581,"properties":{"id":2581,"name":"Olten"},"arcs":[[-265,279,280,-258,-278,281,-147,-151]]},{"type":"Polygon","id":2582,"properties":{"id":2582,"name":"Rickenbach (SO)"},"arcs":[[-279,-274,-120,282]]},{"type":"Polygon","id":2583,"properties":{"id":2583,"name":"Schönenwerd"},"arcs":[[-266,283,-269,-133,-154]]},{"type":"Polygon","id":2584,"properties":{"id":2584,"name":"Starrkirch-Wil"},"arcs":[[284,-280,-264]]},{"type":"Polygon","id":2585,"properties":{"id":2585,"name":"Walterswil (SO)"},"arcs":[[-271,285,-262,-259]]},{"type":"Polygon","id":2586,"properties":{"id":2586,"name":"Wangen bei Olten"},"arcs":[[-282,-277,-283,-119,-148]]},{"type":"Polygon","id":2601,"properties":{"id":2601,"name":"Solothurn"},"arcs":[[-212,-167,-220,-243,-251,-227]]},{"type":"Polygon","id":2611,"properties":{"id":2611,"name":"Bärschwil"},"arcs":[[286,287]]},{"type":"Polygon","id":2612,"properties":{"id":2612,"name":"Beinwil (SO)"},"arcs":[[288,-56,-33,289,290,291,292]]},{"type":"Polygon","id":2613,"properties":{"id":2613,"name":"Breitenbach"},"arcs":[[293,294,295,296,297]]},{"type":"Polygon","id":2614,"properties":{"id":2614,"name":"Büsserach"},"arcs":[[298,299,300,301,302,-296]]},{"type":"Polygon","id":2615,"properties":{"id":2615,"name":"Erschwil"},"arcs":[[-291,303,304,-301,305]]},{"type":"Polygon","id":2616,"properties":{"id":2616,"name":"Fehren"},"arcs":[[306,307,-299,-295]]},{"type":"Polygon","id":2617,"properties":{"id":2617,"name":"Grindel"},"arcs":[[-302,-305,308,-287,309]]},{"type":"Polygon","id":2618,"properties":{"id":2618,"name":"Himmelried"},"arcs":[[-114,310,-298,311]]},{"type":"Polygon","id":2619,"properties":{"id":2619,"name":"Kleinlützel"},"arcs":[[312]]},{"type":"Polygon","id":2620,"properties":{"id":2620,"name":"Meltingen"},"arcs":[[313,-292,-306,-300,-308,314]]},{"type":"Polygon","id":2621,"properties":{"id":2621,"name":"Nunningen"},"arcs":[[315,-293,-314,316,-294,-311,-113]]},{"type":"Polygon","id":2622,"properties":{"id":2622,"name":"Zullwil"},"arcs":[[-315,-307,-317]]}]}},"arcs":[[[69107,58377],[267,-535]],[[69374,57842],[-2709,-1535],[186,-402]],[[66851,55905],[-1574,-729],[-862,842]],[[64415,56018],[-1031,1340],[-465,2284]],[[62919,59642],[1137,519],[132,577],[720,233],[-86,473]],[[64822,61444],[789,452]],[[65611,61896],[890,226],[820,-208],[1413,-2043],[373,-1494]],[[72436,51360],[-2622,-1944]],[[69814,49416],[-1248,3586],[-517,114],[-131,1077],[-1067,1712]],[[69374,57842],[1271,-2779],[314,-2],[1477,-3701]],[[63148,46717],[-739,-1189],[-944,-650]],[[61465,44878],[-1143,-2010],[-934,203],[-930,-411],[-836,643]],[[57622,43303],[156,825],[-211,2534],[-600,1443],[1279,1153],[-566,1209],[1976,1140]],[[59656,51607],[637,415]],[[60293,52022],[347,-1066],[425,97],[705,-1527],[-264,-211],[1642,-2598]],[[69814,49416],[-1203,-1456]],[[68611,47960],[-1338,599],[-747,-164]],[[66526,48395],[-607,1346],[-2051,2766]],[[63868,52507],[-83,861],[499,273],[-817,1498],[948,879]],[[66526,48395],[-1098,-881],[-1334,-281],[-946,-516]],[[60293,52022],[2165,1340],[714,-104],[696,-751]],[[59656,51607],[-277,767],[-811,293],[-1284,898],[-877,1162]],[[56407,54727],[1766,1643],[76,906],[405,221]],[[58654,57497],[447,1094],[1309,160],[2509,891]],[[57622,43303],[-814,-179],[-1142,1657],[8,772],[-1422,1704],[-427,-664],[-1618,2930],[-1788,888],[-528,820]],[[49891,51231],[1847,303],[65,639],[1509,488],[687,596],[3,951],[1177,-242],[1228,761]],[[68611,47960],[366,-348],[1046,-1975],[605,-715]],[[70628,44922],[-1474,-1100],[-537,-144],[-1145,656],[-303,884],[-844,-416],[-789,-1213],[-1140,-1141],[-1330,1180],[-219,1420],[-1382,-170]],[[38688,60174],[369,-1676],[-547,-366],[787,-1832],[-49,-573],[564,-478],[582,-1093],[-350,-5],[253,-1848],[-741,-579],[371,-1135],[-452,-2379]],[[39475,48210],[-887,-120]],[[38588,48090],[-822,1654],[-751,-156],[185,1293],[808,441],[-523,1519],[-291,-21],[-1166,1514],[-2144,844],[-1010,779],[572,527],[-219,788],[-1771,-2033],[-684,-171],[-702,803]],[[30070,55871],[54,598],[1446,1400],[473,-211],[1032,691],[548,1046]],[[33623,59395],[624,1040]],[[34247,60435],[651,-1592],[1647,757],[538,857],[1605,-283]],[[55442,61223],[723,-2689],[1054,-1621],[1435,584]],[[49891,51231],[-1169,-1125]],[[48722,50106],[-432,963],[-505,2262],[488,1976],[689,-49],[-375,5598]],[[48587,60856],[1505,425],[228,-778],[1542,-652],[147,-808],[1348,-398],[977,609],[109,1190],[999,779]],[[25615,50058],[-2317,-898],[-1710,-427],[-431,-860],[870,-750],[-368,-489],[1128,-2320],[725,-2456]],[[23512,41858],[-1383,-434],[-1244,1],[-1582,908],[-1463,-224],[-1545,-739]],[[16295,41370],[-1329,-241],[-1441,-1102],[-928,-97],[-941,-613]],[[11656,39317],[-392,586],[-268,1576],[353,561],[1219,390],[1881,1501],[1682,122],[2044,360],[865,1127],[901,2082],[1044,1359],[1446,591],[-90,315],[2886,1026]],[[25227,50913],[388,-855]],[[38588,48090],[-3884,-963]],[[34704,47127],[-1618,-734]],[[33086,46393],[-1379,-232]],[[31707,46161],[-951,1603],[-583,147],[205,747],[713,320],[-682,1467],[-562,678],[-4232,-1065]],[[25227,50913],[871,335],[1710,103],[1039,995],[-75,777],[1140,960],[158,1788]],[[55442,61223],[1882,1046],[1500,284],[710,450]],[[59534,63003],[392,-262],[1763,-92],[405,-921],[1879,165],[849,-449]],[[48722,50106],[-845,-343],[-1521,-96],[-1262,-996]],[[45094,48671],[-941,3408],[-454,855],[46,647],[-1170,3424],[-1065,2169],[-412,1540]],[[41098,60714],[820,-7],[940,418],[894,-408],[2254,287],[455,251],[736,-433],[1390,34]],[[45094,48671],[-460,-181],[-3082,-92],[-2077,-188]],[[38688,60174],[2410,540]],[[34247,60435],[1132,922],[2595,1029],[983,862],[4102,2005],[-65,793],[857,250],[145,2050]],[[43996,68346],[8133,1181],[3994,-824],[902,-2570],[1278,-1910],[1231,-1220]],[[31707,46161],[-1368,60],[-2581,-762],[-1939,-2092]],[[25819,43367],[-373,-613]],[[25446,42754],[-1934,-896]],[[14039,8063],[-1210,-303],[-2564,-2322]],[[10265,5438],[-633,818],[108,1539],[-344,739],[255,787],[-214,934]],[[9437,10255],[1710,815],[685,-75],[870,518]],[[12702,11513],[663,-1372],[674,-2078]],[[24636,23496],[633,-872],[-52,-545],[882,-757],[343,-1155]],[[26442,20167],[-163,-520]],[[26279,19647],[-940,-429],[-493,189],[-2019,-1006],[-841,-255],[-150,491],[-1644,249]],[[20192,18886],[325,661],[1542,1195],[-363,584],[986,1011],[-211,342]],[[22471,22679],[1901,895],[264,-78]],[[16327,9442],[-2288,-1379]],[[12702,11513],[1650,213],[-909,352],[370,624]],[[13813,12702],[747,180],[1334,984],[347,-1066],[-248,-361],[840,-500],[-1260,-959],[754,-1538]],[[19471,8813],[-1988,-923],[89,-1119],[1302,-2975],[585,-909],[-996,-1712],[-1083,-218],[-938,-581],[-1923,-376],[-810,1646],[-265,1734],[251,1112],[323,103],[-552,1471],[-1476,-663],[-523,650],[-1148,-892]],[[10319,5161],[-54,277]],[[16327,9442],[1135,1045],[1222,203]],[[18684,10690],[0,-649],[787,-1228]],[[10319,5161],[-370,-235],[-2758,-680],[-96,592],[-1078,148],[45,731],[-1131,2998],[-726,1043],[362,250],[-220,860],[1253,764],[560,-241],[543,640],[469,-1490],[742,532],[1241,-986],[282,168]],[[21966,9953],[-2495,-1140]],[[18684,10690],[806,757],[1956,291],[520,-1785]],[[24621,28507],[572,-1598],[-466,-1587],[525,-878]],[[25252,24444],[-616,-948]],[[22471,22679],[-278,-155],[-1073,656],[-825,-476],[-290,1337],[-1108,897],[617,392],[-357,613],[570,590],[-187,764]],[[19540,27297],[1459,619],[-61,2017]],[[20938,29933],[482,472],[918,-148],[1069,-1470],[1214,-280]],[[13813,12702],[-63,571],[-591,-498],[-701,504],[-678,1070],[1269,1650],[1312,250],[69,1492],[1394,1220],[714,159],[1921,-1153],[1733,919]],[[26279,19647],[1094,-2277],[-759,-450],[-213,-1037],[-628,-610],[-639,-1370],[-20,-798],[-478,-923],[-875,-857],[-909,-348],[-886,-1024]],[[25903,98596],[-695,-3152]],[[25208,95444],[-1585,617],[-873,752]],[[22750,96813],[651,276],[-11,718],[1310,771],[-324,1195],[423,226],[120,-968],[984,-435]],[[48717,91497],[343,-1237],[1686,-1930]],[[50746,88330],[-864,-1165],[-322,-2118],[491,-663],[-172,-1750]],[[49879,82634],[-367,450],[-931,-122],[-934,1010],[-725,1860],[-1486,712],[-360,448]],[[45076,86992],[556,1151],[885,706],[447,759],[757,482],[64,1123]],[[47785,91213],[932,284]],[[43530,95272],[854,-2747],[-538,-247]],[[43846,92278],[-1625,-639],[-843,-983]],[[41378,90656],[-949,1029],[-2081,962],[475,916],[-350,66],[-17,1134],[334,515],[-272,1586],[1489,-145],[1825,-1033],[1698,-414]],[[47495,96220],[-266,-1017],[552,-640],[-338,-595],[444,-652],[778,79],[882,-494],[-830,-1404]],[[47785,91213],[-1095,-148],[-1011,484],[-1009,-125],[-824,854]],[[43530,95272],[545,576],[517,-151],[993,547],[-547,365],[581,414],[-915,588],[413,717],[1088,-85],[952,339],[-90,-1238],[428,-1124]],[[45076,86992],[-525,-781],[-1286,-133],[-996,-669],[-1778,-646],[-679,-1]],[[39812,84762],[141,1744],[473,1055],[445,1745],[-61,1115],[568,235]],[[25208,95444],[899,-824],[1229,-444]],[[27336,94176],[-247,-955],[464,-2955],[-2382,-113],[-794,-499],[-1997,235]],[[22380,89889],[-234,1198],[-892,1153],[858,1467],[279,1167],[-1072,317]],[[21319,95191],[925,1406],[506,216]],[[22380,89889],[-2098,-939],[-1744,-409],[-2013,-998],[-1063,1736],[-313,1108],[768,1343],[711,672]],[[16628,92402],[2270,2356]],[[18898,94758],[739,-103],[1682,536]],[[47495,96220],[485,-506],[755,107],[1956,-794],[1350,-235],[785,-1034],[707,-1612],[-573,-374],[-1071,-1654],[83,-924],[-1226,-864]],[[16628,92402],[-56,705],[-632,449],[-386,-251],[-584,990],[-265,-140],[-1825,1072],[-1176,-531],[107,812],[1445,2909],[409,429],[1769,-1106],[561,-727],[885,-342],[746,103],[1272,-2016]],[[49879,82634],[-754,-2745],[-2336,-1625],[-1004,-157],[-3454,231]],[[42331,78338],[-1280,857],[-1316,167],[-1308,-423],[-829,733]],[[37598,79672],[2534,2443],[-248,1501]],[[39884,83616],[-72,1146]],[[25903,98596],[1817,119],[113,-1507],[544,25],[47,-1413],[-517,-1571],[-571,-73]],[[77986,72154],[190,-41]],[[78176,72113],[21,-800],[-413,-1229],[-855,-585],[-1149,599],[-1182,-214],[225,-652],[694,185],[1100,-577],[-830,-1200],[-59,-986]],[[75728,66654],[-2094,-93]],[[73634,66561],[-470,-98]],[[73164,66463],[-1635,1226],[-97,710]],[[71432,68399],[495,1219],[1872,1316],[1281,335],[564,521],[838,-152],[1106,739],[398,-223]],[[90182,81188],[-200,-83]],[[89982,81105],[-1702,2290],[280,250],[-744,2430],[848,1242],[755,646],[-141,903],[514,87],[234,978],[875,779],[858,-802],[376,-1279],[-240,-506],[826,-720],[462,-1322],[-11,-1347],[395,-1000],[104,-1130],[-225,-1310],[-437,1290],[-2827,-1396]],[[88835,76773],[-391,-557],[174,-1425],[811,-656],[69,-777],[1160,-2171],[587,-319]],[[91245,70868],[-434,-1361]],[[90811,69507],[-1910,576],[42,-565],[-1130,-136],[-509,576],[-568,-768]],[[86736,69190],[-652,290],[-938,1289],[33,409],[-898,-385],[-821,329],[-1103,-119],[-782,820],[-1107,32]],[[80468,71855],[-386,513]],[[80082,72368],[1535,886],[832,2364]],[[82449,75618],[1636,922],[458,-83],[1231,760],[590,640]],[[86364,77857],[1757,-113],[714,-971]],[[95560,71215],[-142,-948],[-565,-1206],[-165,-1021]],[[94688,68040],[-781,-760],[-941,395],[-461,-238],[-297,687],[-867,292]],[[91341,68416],[-854,-107]],[[90487,68309],[324,1198]],[[91245,70868],[1050,712],[1121,1465]],[[93416,73045],[464,-1053],[1680,-777]],[[90487,68309],[-199,-967],[356,-1579],[-1076,-1001]],[[89568,64762],[-787,415],[-587,875],[-1233,361]],[[86961,66413],[136,1893],[-361,884]],[[91077,78488],[-1439,-560],[-803,-1155]],[[86364,77857],[-256,866],[1949,1053],[955,-160],[263,785]],[[89275,80401],[814,-279],[988,-1634]],[[91077,78488],[2026,-1950],[313,-3493]],[[80468,71855],[1256,-810],[-335,-1624],[2079,43],[190,-660]],[[83658,68804],[-1367,-1801],[-385,-1238],[-887,48],[-61,704],[-1594,608],[-815,-96],[-870,-668]],[[77679,66361],[-567,-114],[-500,685],[-884,-278]],[[78176,72113],[480,421],[1426,-166]],[[86961,66413],[-1767,-283]],[[85194,66130],[-754,802],[-431,1475],[-351,397]],[[77986,72154],[77,1060],[-1094,758],[-394,961],[881,499],[359,843],[820,-11],[-17,1144],[761,268],[1784,-1495],[428,375],[858,-938]],[[99500,74389],[-456,-217],[-582,-1614],[-458,-525]],[[98004,72033],[-1064,771],[-791,-210],[-589,-1379]],[[89275,80401],[707,704]],[[90182,81188],[1314,-782],[285,120],[1152,-1361],[1080,120],[210,-678],[1161,-323],[1186,-639],[431,-1557],[-46,-1034],[1453,-522],[66,474],[900,-43],[126,-574]],[[50302,21233],[980,-795],[830,-43],[-596,-938],[-309,171],[-565,-1314],[-1227,436],[-1045,-28],[745,1975],[263,-179],[924,715]],[[47887,25718],[990,-419],[-270,-1489],[-397,-580],[-87,-1329],[-1834,25],[-1037,-1374]],[[45252,20552],[-379,228],[-605,1916]],[[44268,22696],[823,749],[-355,939],[722,555],[153,835],[477,433]],[[46088,26207],[834,-486],[965,-3]],[[34401,27781],[-351,-1286],[403,-889],[-478,-482],[384,-970]],[[34359,24154],[-1300,-867],[-1001,399],[-465,-1824]],[[31593,21862],[-1954,-1775],[-895,634]],[[28744,20721],[-219,382],[1166,720],[-395,748],[-535,146],[507,501],[-319,1060],[-1090,1114],[-803,-133],[192,1026],[-1110,148],[-236,-772],[493,-294],[-1143,-923]],[[24621,28507],[361,-26]],[[24982,28481],[1776,227],[803,748],[638,-685],[438,58],[985,960]],[[29622,29789],[904,-1485],[1004,634],[20,426],[1399,-502],[447,-1060],[666,324],[339,-345]],[[46088,26207],[-577,830],[94,987],[-1377,1364]],[[44228,29388],[244,335]],[[44472,29723],[2160,-174],[73,-534],[814,-621],[884,-1200],[-516,-1476]],[[44611,31895],[-708,-308],[-1864,-62],[-500,488],[-1079,-1523],[-560,320],[-1570,-326],[-718,332]],[[37612,30816],[217,1653]],[[37829,32469],[419,1286],[-378,32],[-118,1394],[-749,166],[-1043,-240],[-88,817]],[[35872,35924],[760,381]],[[36632,36305],[1864,-206],[839,-1104],[484,-8],[830,1163]],[[40649,36150],[726,-677],[696,46],[1390,697],[455,-904],[-724,-487],[1414,-1135],[-352,-939],[357,-856]],[[37612,30816],[-193,-1904],[777,-480],[169,-882]],[[38365,27550],[-675,-1124],[194,-475],[-378,-824]],[[37506,25127],[-665,65],[-304,-1015],[-912,-809]],[[35625,23368],[-1266,786]],[[34401,27781],[426,746],[-266,910]],[[34561,29437],[315,996],[1598,-24],[176,1215],[1179,845]],[[44268,22696],[-1029,1126]],[[43239,23822],[485,670],[31,997],[-468,1026],[-846,395]],[[42441,26910],[-287,364],[656,1388],[1418,726]],[[35625,23368],[13,-107]],[[35638,23261],[-363,-820],[-755,457],[248,-850],[-809,-1032]],[[33959,21016],[-849,-439],[-563,400],[-90,817],[-864,68]],[[41244,22106],[343,-593],[-338,-1029],[-1082,544],[-311,-564]],[[39856,20464],[-1561,575],[-286,592],[-817,153]],[[37192,21784],[687,1554]],[[37879,23338],[1161,-317],[-73,-336],[1088,-118],[76,405],[1113,-866]],[[42030,26756],[-536,-1428],[565,-63],[245,-874],[935,-569]],[[44268,22696],[-1275,-196]],[[42993,22500],[-341,438],[-2014,582],[-135,351],[-1136,423],[52,1975]],[[39419,26269],[889,216],[297,625],[1425,-354]],[[42030,26756],[411,154]],[[37506,25127],[219,-126],[154,-1663]],[[37192,21784],[-1525,598]],[[35667,22382],[-29,879]],[[28744,20721],[-655,280],[-1647,-834]],[[34561,29437],[-1228,4376]],[[33333,33813],[791,1141],[1748,970]],[[35667,22382],[-45,-1428],[361,-126],[-105,-1329],[358,-624],[-166,-917]],[[36070,17958],[-485,-887],[-654,2755],[-972,1190]],[[42993,22500],[-1004,-419],[-680,531],[-65,-506]],[[38365,27550],[1054,-1281]],[[39856,20464],[1281,-1212],[-771,-590]],[[40366,18662],[-647,54],[-2417,-687],[-754,237],[-478,-308]],[[44611,31895],[403,-1029],[-542,-1143]],[[29622,29789],[281,1148],[785,1149]],[[30688,32086],[338,1013],[1314,252]],[[32340,33351],[993,462]],[[45252,20552],[-308,-1210],[321,-1124],[-421,-576],[-751,-214],[-689,1079],[-646,-355],[-2392,510]],[[32123,42136],[860,-484],[-1915,-1508]],[[31068,40144],[-2041,1850],[-29,361],[-1352,29],[-507,557],[-1231,-687],[-89,1113]],[[33086,46393],[-690,-406],[190,-993],[-1091,-250],[-430,400],[-992,-198],[344,-897],[1119,-355],[-285,-681],[872,-877]],[[23402,34081],[356,-960],[713,-76],[445,-811],[580,12]],[[25496,32246],[-940,-752],[170,-2393],[256,-620]],[[20938,29933],[-919,578],[-392,2393]],[[19627,32904],[1895,737],[-438,1145],[326,153]],[[21410,34939],[1294,-190],[698,-668]],[[15829,25846],[-509,-865],[-655,-182],[-499,908],[-600,143],[-460,-938]],[[13106,24912],[-1003,69],[-1012,2968],[-323,-17],[-1406,2940],[-449,268],[-1018,1379],[-741,1517],[-67,657],[663,540],[92,703],[2126,935]],[[9968,36871],[471,-1007],[749,189],[790,-508],[314,-688],[1113,-294],[941,-1650],[-1088,-1026],[673,-1056],[220,-1228],[-442,-638],[509,-1276],[-459,-153],[359,-876],[662,-252],[183,-829],[866,267]],[[30688,32086],[-360,1052],[-984,932]],[[29344,34070],[431,1955],[-305,656],[-75,1328],[957,415]],[[30352,38424],[642,-1607],[-337,-858],[1174,197],[173,-1075],[503,-1170],[-167,-560]],[[36632,36305],[-804,-74],[-424,1245],[70,806]],[[35474,38282],[766,250],[953,1289]],[[37193,39821],[1032,-512],[294,-870],[420,100],[965,-1381],[428,-1030],[317,22]],[[13106,24912],[101,-1247],[-781,-691],[-1230,-544],[-267,-1217],[-860,-735],[-1585,104],[-859,-521],[-1429,26],[-119,1104],[1392,266],[-1565,4098],[-916,1105],[-1023,514],[-306,728],[-1634,-567],[-1112,3672],[-291,0],[-622,2392],[2133,794],[1186,-110],[1911,1601],[3749,1835],[1380,1334]],[[10359,38853],[330,-1341],[-721,-641]],[[36789,44178],[-1162,-537],[72,-1552],[379,-836]],[[36078,41253],[-313,-362],[-1113,-42]],[[34652,40849],[-183,737],[-1198,548],[-128,462],[-1020,-460]],[[34704,47127],[1282,-1797],[686,-564],[117,-588]],[[37163,41154],[30,-1333]],[[35474,38282],[-740,1005],[-82,1562]],[[36078,41253],[1085,-99]],[[36789,44178],[484,-2231],[-110,-793]],[[26751,33777],[-512,-302],[-1105,165],[362,-1394]],[[23402,34081],[1012,1065],[2395,1360]],[[26809,36506],[390,-886],[-558,-755],[110,-1088]],[[19627,32904],[-907,-290],[-826,748],[-818,-86],[-1131,5397],[2114,833]],[[18059,39506],[918,20],[621,-2414],[787,-1060],[-117,-693],[1142,-420]],[[18059,39506],[-205,588],[-618,-164],[-70,703],[-871,737]],[[25446,42754],[-537,-1017],[339,-2364],[441,-515],[1120,-2352]],[[30352,38424],[1048,233],[-332,1487]],[[29344,34070],[-1142,-400],[-485,335],[-966,-228]],[[19540,27297],[-2612,-584],[-1032,189],[-67,-1056]],[[10359,38853],[498,-145],[799,609]],[[78233,55308],[-959,73],[-1648,-991],[-1921,-4336]],[[73705,50054],[-1269,1306]],[[72436,51360],[670,-146],[6,3312],[773,1161]],[[73885,55687],[1553,-39],[-23,-432],[1723,550],[1071,59]],[[78209,55825],[24,-517]],[[93367,61608],[-746,-269],[-612,466],[-272,-1178],[-645,-26],[-672,838]],[[90420,61439],[-238,589],[208,1338],[-822,1396]],[[91341,68416],[647,-828],[-1068,375],[468,-1300],[1223,-56],[810,-354],[664,-1099],[249,-2957],[-967,-589]],[[90420,61439],[-942,-564],[-90,-617],[-749,-280],[-659,288]],[[87980,60266],[-2409,105]],[[85571,60371],[473,218],[-640,1599],[620,1980],[-661,892],[-229,866]],[[85134,65926],[60,204]],[[99015,68442],[-631,209],[211,712],[-690,1951],[99,719]],[[99500,74389],[483,-2093],[-160,-1478],[-456,-2138],[-352,-238]],[[73705,50054],[-706,-1545],[-219,-1298],[-1437,-1976],[-715,-313]],[[94688,68040],[1774,-29],[561,-1220],[744,819],[494,3]],[[98261,67613],[-383,-810],[-836,-881],[366,-647],[-156,-1002],[-1146,-1041],[488,-1389],[-311,-631],[-1957,-969]],[[94326,60243],[-505,1061],[-454,304]],[[69107,58377],[2072,805]],[[71179,59182],[584,-1321],[1589,-1991],[533,-183]],[[73164,66463],[101,-991],[-830,-1150],[-48,-598],[683,-187],[172,-979],[1049,-1017],[528,-1364]],[[74819,60177],[-1079,-808],[-1148,-495],[-312,411],[-1101,-103]],[[65611,61896],[225,2349],[391,1453],[636,1218],[601,291],[2302,209],[1223,444],[443,539]],[[76956,58124],[827,-1333],[422,140]],[[78205,56931],[4,-1106]],[[74819,60177],[743,7],[1394,-2060]],[[85134,65926],[-648,-950],[-316,-2364],[369,-884],[-1195,-538]],[[83344,61190],[-799,730],[3,469],[-1170,-1532],[-795,-1758],[-140,-1049],[395,-638],[-1356,-1329],[-250,-609],[-999,-166]],[[78205,56931],[998,365],[285,676],[-515,2212],[-1006,1828],[1182,759],[-1720,2792],[250,798]],[[73634,66561],[1756,-4298],[1501,-2602],[273,-1118],[-208,-419]],[[99015,68442],[-191,-651],[-563,-178]],[[85571,60371],[-1734,207],[-493,612]],[[94326,60243],[-911,-965],[-141,402],[-1324,-893],[148,-874],[-2847,-712],[-1206,-424],[-156,1716],[241,1044],[-150,729]],[[21786,72636],[-313,-791],[920,-196],[296,-1501],[-397,-999]],[[22292,69149],[-1059,-225],[-1142,334],[-1414,-224],[-1583,143],[-2645,2202],[-590,-497],[398,1816],[691,734],[-359,2716],[1313,-33],[119,682],[533,0],[441,-649],[960,457],[1036,-525],[807,182],[151,-2365],[337,-498],[1500,-763]],[[43665,70941],[331,-2595]],[[33623,59395],[-1791,3150],[-2358,1208],[-640,-34],[-389,640],[673,1299],[-271,1020]],[[28847,66678],[700,41],[680,-486],[723,232],[381,1555],[989,-333],[-229,539],[234,1203],[949,-80]],[[33274,69349],[1562,-78],[322,-320],[1243,411],[1696,-931],[762,443],[411,-595],[510,227]],[[39780,68506],[1866,1971],[111,646],[1908,-182]],[[35289,78627],[510,-1330],[-221,-423]],[[35578,76874],[-441,305],[-609,-834],[-1033,-286],[-82,-1123],[-367,-272]],[[33046,74664],[-1656,895],[-4086,657]],[[27304,76216],[339,889],[-880,1624],[2655,548],[1608,57],[1658,-215],[2060,292]],[[34744,79411],[545,-784]],[[33046,74664],[1357,-747]],[[34403,73917],[-303,-1018],[-960,-428]],[[33140,72471],[-946,-645],[-2004,-60],[-922,-523],[-1208,22],[-1294,296],[-576,-188]],[[26190,71373],[-559,615],[-18,1337]],[[25613,73325],[205,-63],[1486,2954]],[[28847,66678],[-834,-93],[-251,682],[-1489,579],[347,1513],[-782,115]],[[25838,69474],[-157,776],[499,373],[10,750]],[[33140,72471],[204,-1214],[-318,-755],[248,-1153]],[[35578,76874],[528,-2048]],[[36106,74826],[-590,-530],[-1113,-379]],[[25838,69474],[-2733,-57],[-813,-268]],[[21786,72636],[1557,-257],[1324,1174],[946,-228]],[[37598,79672],[-1555,-297],[-212,-676],[-542,-72]],[[34744,79411],[-724,1059],[-581,56],[-454,723],[156,1930],[-96,1317],[1020,57],[397,-404],[103,-1073],[837,-409],[1048,945],[1462,-331],[876,353],[1096,-18]],[[14423,86126],[1228,-1345],[524,-1553],[396,-399],[-16,-850],[-432,-693],[-221,-1190],[-426,-724],[-1334,-399],[-1558,391],[-1000,-779],[-877,-32],[-3809,705],[-1791,11],[479,1678],[95,1486],[451,483],[-271,510],[737,-18],[952,687],[1510,175],[522,1096],[1066,428],[989,927],[639,-625],[1826,681],[321,-651]],[[39724,69289],[56,-783]],[[36106,74826],[1105,-1860],[1151,-2863],[576,124],[786,-938]],[[42331,78338],[341,-2178],[299,-3407],[-553,-186],[333,-1094],[888,-30],[26,-502]],[[39724,69289],[691,1218],[-761,1198],[21,909],[-1327,2826],[-977,763],[-599,-293],[-417,973],[-777,-9]]],"transform":{"scale":[0.000006904602952346036,0.000004285140778238157],"translate":[7.340421194994308,47.07439566268762]}}