{"type":"Topology","objects":{"municipalities":{"type":"GeometryCollection","geometries":[{"type":"Polygon","id":1301,"properties":{"id":1301,"name":"Einsiedeln"},"arcs":[[0,1,2,3,4,5,6,7,8,9],[10]]},{"type":"Polygon","id":1311,"properties":{"id":1311,"name":"Gersau"},"arcs":[[11,12,13,14,15]]},{"type":"Polygon","id":1321,"properties":{"id":1321,"name":"Feusisberg"},"arcs":[[-10,16,17,18]]},{"type":"MultiPolygon","id":1322,"properties":{"id":1322,"name":"Freienbach"},"arcs":[[[19,-1,-19,20,21]],[[22]],[[23]]]},{"type":"Polygon","id":1323,"properties":{"id":1323,"name":"Wollerau"},"arcs":[[-21,-18,24,25]]},{"type":"Polygon","id":1331,"properties":{"id":1331,"name":"Küssnacht (SZ)"},"arcs":[[26,27,28,29,30]]},{"type":"Polygon","id":1341,"properties":{"id":1341,"name":"Altendorf"},"arcs":[[31,32,33,-2,-20,34]]},{"type":"Polygon","id":1342,"properties":{"id":1342,"name":"Galgenen"},"arcs":[[35,36,-33,37,38]]},{"type":"Polygon","id":1343,"properties":{"id":1343,"name":"Innerthal"},"arcs":[[39,40,41,-4,42,43]]},{"type":"Polygon","id":1344,"properties":{"id":1344,"name":"Lachen"},"arcs":[[-38,-32,44,45]]},{"type":"Polygon","id":1345,"properties":{"id":1345,"name":"Reichenburg"},"arcs":[[46,47]]},{"type":"Polygon","id":1346,"properties":{"id":1346,"name":"Schübelbach"},"arcs":[[48,-47,49,-44,50,-36,51,52]]},{"type":"Polygon","id":1347,"properties":{"id":1347,"name":"Tuggen"},"arcs":[[-53,53,54,55]]},{"type":"Polygon","id":1348,"properties":{"id":1348,"name":"Vorderthal"},"arcs":[[-51,-43,-3,-34,-37]]},{"type":"Polygon","id":1349,"properties":{"id":1349,"name":"Wangen (SZ)"},"arcs":[[-54,-52,-39,-46,56]]},{"type":"Polygon","id":1361,"properties":{"id":1361,"name":"Alpthal"},"arcs":[[57,58,59,-7]]},{"type":"Polygon","id":1362,"properties":{"id":1362,"name":"Arth"},"arcs":[[60,61,-16,62,-28,63,64]]},{"type":"Polygon","id":1363,"properties":{"id":1363,"name":"Illgau"},"arcs":[[65,66,67]]},{"type":"Polygon","id":1364,"properties":{"id":1364,"name":"Ingenbohl"},"arcs":[[68,69,-13,70,71]]},{"type":"Polygon","id":1365,"properties":{"id":1365,"name":"Lauerz"},"arcs":[[72,-71,-12,-62,73]]},{"type":"Polygon","id":1366,"properties":{"id":1366,"name":"Morschach"},"arcs":[[74,75,76,77,-69,78]]},{"type":"Polygon","id":1367,"properties":{"id":1367,"name":"Muotathal"},"arcs":[[79,80,-75,81,-67,82,83,-41]]},{"type":"Polygon","id":1368,"properties":{"id":1368,"name":"Oberiberg"},"arcs":[[-83,-66,84,-58,-6,85]]},{"type":"Polygon","id":1369,"properties":{"id":1369,"name":"Riemenstalden"},"arcs":[[-81,86,-76]]},{"type":"Polygon","id":1370,"properties":{"id":1370,"name":"Rothenthurm"},"arcs":[[-60,87,88,89,-8]]},{"type":"Polygon","id":1371,"properties":{"id":1371,"name":"Sattel"},"arcs":[[90,91,92,93,-89]]},{"type":"Polygon","id":1372,"properties":{"id":1372,"name":"Schwyz"},"arcs":[[-88,-59,-85,-68,-82,-79,-72,-73,94,-91]]},{"type":"Polygon","id":1373,"properties":{"id":1373,"name":"Steinen"},"arcs":[[-95,-74,95,-92]]},{"type":"Polygon","id":1374,"properties":{"id":1374,"name":"Steinerberg"},"arcs":[[-96,-61,96,-93]]},{"type":"Polygon","id":1375,"properties":{"id":1375,"name":"Unteriberg"},"arcs":[[-42,-84,-86,-5]]},{"type":"Polygon","id":9052,"properties":{"id":9052,"name":"Zürichsee (SZ)"},"arcs":[[-55,-57,-45,-35,-22,-26,97],[-23],[-24]]},{"type":"Polygon","id":9177,"properties":{"id":9177,"name":"Zugersee (SZ)"},"arcs":[[-64,-27,98]]},{"type":"MultiPolygon","id":9182,"properties":{"id":9182,"name":"Vierwaldstättersee (SZ)"},"arcs":[[[-78,99,-14,-70]],[[100,-30]]]},{"type":"Polygon","id":9216,"properties":{"id":9216,"name":"Sihlsee"},"arcs":[[-11]]}]}},"arcs":[[[62444,85447],[3313,36]],[[65757,85483],[923,-679],[111,-918],[1586,-848],[329,-2147],[1470,-974],[-153,-944],[883,-1946],[1038,-983],[303,327],[1218,-502],[-313,-1400],[-1315,-579],[689,-1496],[1052,417]],[[73578,72811],[784,-898],[165,-1178],[-888,-1117],[-78,-975],[734,-160],[969,-1164],[944,-573],[-89,-1143],[1286,-1683],[689,-123]],[[78094,63797],[-378,-570],[203,-1475],[821,-1966],[491,-97],[371,-1364],[1259,-2190],[-165,-1261]],[[80696,54874],[-645,598],[-1082,-193],[-609,-680],[-2831,318],[-948,1315],[-2291,1127],[-2756,319],[-1735,-1203],[-706,370],[-1109,-184],[-489,-568],[-1093,642],[-1856,101],[-89,536],[-1076,343],[-914,-3124]],[[60467,54591],[-1258,-1615],[-1407,-85]],[[57802,52891],[-676,1476],[105,1420],[-607,2360],[-2294,693],[-126,1290],[-864,531],[-1615,102],[-64,293]],[[51661,61056],[-306,337],[-545,2268],[209,2077],[1461,2865],[-276,326],[-310,3475],[-861,1349],[-1201,66],[-420,697],[-983,20]],[[48429,74536],[-462,1201],[641,1535],[944,971],[1141,514]],[[50693,78757],[632,-178],[994,673],[1305,-213],[1067,1161],[748,1604],[16,1227],[992,394],[144,-418],[1156,-77],[1747,786],[664,2320],[651,870],[1090,-234],[545,-1225]],[[63725,79763],[-550,-1162],[-2105,-383],[-996,-2354],[912,-688],[200,-1016],[1604,-3342],[82,-1816],[1370,-1497],[-638,-1374],[324,-1341],[1888,-1321],[1484,-2701],[1013,-875],[1092,2],[421,1165],[-709,1190],[-2017,1218],[-604,1240],[166,1117],[-597,1745],[44,3150],[-655,2202],[-613,632],[489,1265],[-619,1534],[430,1859],[-892,526],[-524,1025]],[[25939,40650],[298,-1048],[1510,-2565]],[[27747,37037],[-1679,-2539],[52,-1324],[638,-399],[537,-1634]],[[27295,31141],[-1074,-541],[-2505,-90],[-907,686],[-811,22],[-1059,915],[-4185,-794],[-1368,911],[-515,-202],[-1147,662]],[[13724,32710],[1567,313],[1882,1121],[935,94],[1347,1071],[727,2360],[31,2827]],[[20213,40496],[64,794],[931,1017],[3136,-1309],[912,126],[683,-474]],[[50693,78757],[-365,514],[-101,1806],[-417,1353],[-526,93],[-72,927]],[[49212,83450],[317,2190],[804,331],[841,1701],[-792,926],[1772,-271],[98,1103],[986,-249],[970,255]],[[54208,89436],[1405,1009],[2980,1176],[734,-885],[2137,182],[25,-841],[731,-637],[2369,-811],[-62,-404],[-1442,-1330],[-641,-1448]],[[67506,94039],[227,-1224],[-548,-220],[-586,-1722],[106,-2230],[326,-960],[-779,-930],[-495,-1270]],[[54208,89436],[-6,1806],[333,247],[318,1808],[-590,794]],[[54263,94091],[1130,494],[1093,1474],[818,221],[142,-617],[2425,110],[2283,-768],[590,628],[2483,-400],[1317,-936],[264,502],[698,-760]],[[67783,98334],[159,-705],[-1278,-853],[-297,-1328],[-860,334],[309,1679],[1967,873]],[[63882,98837],[-158,-610],[-898,232],[1056,378]],[[49212,83450],[-289,887],[-1338,1296],[-266,1486],[293,1759],[530,434],[1393,2918],[1395,578],[210,1172],[980,-526],[738,782]],[[52858,94236],[1194,-504],[211,359]],[[14399,65551],[-1118,-1860],[-776,-710],[-29,-717],[999,-1660],[2727,-2807]],[[16202,57797],[-842,-1904],[-117,-959],[444,-4079],[-1835,-567],[-427,-892],[-1200,-1082]],[[12225,48314],[-2059,2320],[-1197,950],[-497,1137],[-1815,629]],[[6657,53350],[332,2091],[572,1512],[560,418],[-633,864],[-1090,-2010],[-1151,-1610],[-134,-638],[-1189,-1156],[-553,329],[-1059,-1104]],[[2312,52046],[-485,-364],[-1612,484],[-215,2780],[1161,829],[1633,1922],[867,1767],[-379,1958],[1843,2795],[1837,1230],[815,121],[29,746],[756,682],[1079,-57],[197,872],[1587,-386],[800,-507],[1021,533],[770,-479],[383,-1421]],[[73821,90923],[549,-776],[-75,-1012],[1707,-433]],[[76002,88702],[-208,-743],[232,-2489],[-393,-471],[-499,-1910],[-348,-339],[38,-1789],[-446,-2423],[1184,-1855]],[[75562,76683],[-1417,-1243],[-252,-1102],[642,-535],[-957,-992]],[[67506,94039],[1834,-736],[283,-1260],[1303,-349],[1034,297],[1485,-1127],[376,59]],[[82394,86112],[564,-1627],[-1167,-1118],[-167,-613],[996,-2784],[-152,-1443]],[[82468,78527],[-1159,339],[-705,-1038],[-1080,607],[-1439,73],[-1173,-606],[-1350,-1219]],[[76002,88702],[412,-108],[777,1327],[1421,814]],[[78612,90735],[824,-806],[515,-1453],[2443,-2364]],[[94991,68122],[-727,-2096],[287,-1255],[-1852,-1081],[-888,-1767],[49,-836],[654,-461],[2701,-1147],[-1496,-1233],[-190,-1290],[-645,-355],[59,-1323],[-1084,-1857],[-911,-2988],[-119,-1801],[-881,-230],[-679,-1208],[-2897,-1906],[-1065,577],[-2027,-652],[-137,-1725],[462,-1415],[-1737,-1067],[338,-744]],[[82206,40262],[-976,-330],[-1672,1592],[-1088,459]],[[78470,41983],[141,1297],[1329,1058],[382,712],[-493,2066],[1234,2004],[325,1284],[-272,1130],[-1578,1699],[1072,874],[86,767]],[[78094,63797],[1038,1855],[265,1259],[1194,386],[685,-758],[2122,-868],[383,1139],[1800,-224],[1822,419],[146,-524],[1488,-470],[377,1266],[-282,754],[1088,1210]],[[90220,69241],[1087,-2137],[767,-205],[2366,658],[551,565]],[[73821,90923],[1157,654],[389,1699],[-224,832],[1597,655]],[[76740,94763],[227,-1328],[1645,-2700]],[[93937,74522],[-1405,1302],[-947,265],[-1013,1257],[254,2297],[969,294],[7,2669],[570,1659],[1401,492],[409,1206],[663,275],[-425,816]],[[94420,87054],[613,933],[1372,310],[2446,-1598],[-193,-342],[1341,-1010],[-2088,-3261],[-2633,-5316],[-259,-1159],[-1082,-1089]],[[93037,88435],[49,-1156],[1334,-225]],[[93937,74522],[311,-1883],[-657,-2527],[310,-771],[806,-337],[284,-882]],[[90220,69241],[-275,2618],[-395,757],[-1592,998],[-1199,1470],[-2576,1074],[-925,-219],[-705,849],[-85,1739]],[[82394,86112],[1246,1279],[969,1706]],[[84609,89097],[718,-316],[267,928],[2744,-1650],[1283,-195],[3416,571]],[[84609,89097],[-903,1398],[735,994],[-37,1522],[686,237],[-525,2299]],[[84565,95547],[2152,750],[2900,1586],[82,897]],[[89699,98780],[1876,-517],[2127,330],[950,-319],[424,-1134],[-923,-473],[-593,-3852],[-1168,292],[645,-4672]],[[76740,94763],[1575,581],[1066,-451],[311,740],[1078,349],[350,-998],[1498,-192],[1947,755]],[[57802,52891],[-361,-937],[-853,-879],[-462,-1976],[286,-1175],[-549,-2496]],[[55863,45428],[-513,-662],[-685,-1827],[398,-1463],[-1801,-563],[-1859,-75],[-162,1175],[-906,539],[-775,-92],[89,1674],[-810,1476],[836,1691],[-70,1237],[-903,757],[640,374],[-868,692],[-82,1128]],[[48392,51489],[431,1587],[713,871],[-180,1485],[770,2479],[-338,2870],[1873,275]],[[28328,58212],[177,-2671],[768,-1143],[-23,-1253],[338,-1866],[888,-1414],[26,-2034],[533,-266]],[[31035,47565],[-32,-1309],[-2082,-1937],[101,-2350],[-676,-1162],[-901,-250],[-817,489],[-689,-396]],[[20213,40496],[-1037,800],[-934,-158],[-720,1346],[-772,461],[-565,1112],[-1845,2021],[-1032,1946],[-1083,290]],[[16202,57797],[424,-162],[2198,-1939],[1713,-3044],[605,22],[1270,2379],[-115,1176],[-746,2467],[106,1599],[-278,405]],[[21379,60700],[844,493],[2228,121],[606,577],[3145,-141],[349,-1866],[-223,-1672]],[[62932,33427],[-26,-1074]],[[62906,32353],[-821,-365],[256,-797],[-1659,-891],[-314,-789],[-1576,-276],[-2710,859],[-1252,-436],[-2707,3103],[-2616,596]],[[49507,33357],[701,1353],[1916,108],[347,1028],[5314,-597],[1158,1931],[871,-869],[1530,-689],[-70,-452],[1658,-1743]],[[40107,32660],[-1364,-961],[-939,63],[-1114,-713],[88,-2101],[-792,-20]],[[35986,28928],[-273,2193],[-524,864],[-2192,734],[-478,1182],[-722,361],[-1653,-424],[-1354,-936],[-1495,-1761]],[[27747,37037],[1882,660],[1078,-307],[1549,447],[2883,1627]],[[35139,39464],[1010,782],[1093,-1189],[668,-231],[-58,-957],[-589,-445],[1743,132],[1216,-2003],[833,-859],[-1136,-1678],[188,-356]],[[35472,42244],[106,-920],[-784,-863],[345,-997]],[[31035,47565],[1135,-951],[3302,-4370]],[[45186,29606],[1504,-222],[-185,-938],[696,-1228],[56,-1087],[1031,959],[1365,-187],[113,-2871],[-911,-2735]],[[48855,21297],[-953,112],[-599,-468],[-870,476],[-1534,-224],[-1152,407],[-1290,1148],[-1230,-1897],[-537,-1583],[-502,-157]],[[40188,19111],[-1427,149],[-661,655],[-688,-86]],[[37412,19829],[-962,2716],[-630,3251],[166,3132]],[[40107,32660],[830,-304],[375,-733],[196,-1839],[3678,-178]],[[82206,40262],[922,-59],[1578,-1147],[143,-2431],[688,-430],[417,-1536],[1695,-1422],[590,-1898],[880,-1329],[628,292],[-107,-870],[-1423,-708],[2206,-4479],[518,518],[1242,-1871],[2309,-929],[-1100,-1008],[-308,-2322],[-379,-391],[-726,-2352],[641,-2012],[833,-1077],[-218,-579],[-2392,-350],[-808,-960],[-568,30],[-3535,-2515],[-348,-713],[-832,-1],[-182,-794],[-1371,-229],[-969,-1472],[-1358,-188],[-818,-1211],[-1657,-1043],[-1570,311],[-382,-1835],[-751,-445],[-291,-807],[-876,1653],[280,5424],[-217,1232],[-953,-1195],[-1013,-517],[-1354,3512],[341,3536],[-494,1273],[-940,133],[-1108,740],[-571,826],[-2079,-1390],[-974,-1759],[-666,-154],[-1500,699],[-1249,2615],[-3470,-2213],[-670,691],[-44,-930],[-1256,-57],[-354,-1097],[-1010,-526]],[[55226,12496],[-716,735],[-1477,644],[10,4389],[-288,1599],[-1055,515],[-1254,92],[-1591,827]],[[45186,29606],[1743,3168],[1228,-57],[1350,640]],[[62906,32353],[2644,645],[972,766],[1758,68],[1420,695],[934,-271],[1434,760],[899,853]],[[72967,35869],[723,-8],[1346,-1052],[1046,254],[881,1888],[784,3053],[578,795],[145,1184]],[[62932,33427],[387,544],[-734,1785],[-1069,402],[-597,1747],[-5056,7523]],[[60467,54591],[1224,-613],[186,-1117],[1354,-1936],[266,-1265],[999,362],[2161,-372],[-273,-2710],[-372,-912],[175,-831],[768,-409],[-392,-2975],[489,-1425],[-731,-304],[-775,-1189],[-373,-1788],[877,-1345],[1943,1564],[307,1354],[416,-108],[1089,1417],[876,3810],[3215,647],[-727,-1660],[259,-1735],[-183,-1925],[208,-386],[-700,-1439],[214,-1432]],[[55226,12496],[-833,-538],[-732,-1658],[-1839,-784],[-544,1129],[-772,546],[-525,1697],[587,1159],[-613,3087],[-647,1152],[-2181,-272],[-1544,-556],[-2021,546],[-1954,865],[-1420,242]],[[48392,51489],[-910,-908],[-1213,197],[-525,790]],[[45744,51568],[-258,2419],[-568,740],[524,838],[126,1529],[-846,1671],[-1333,912],[-126,3959],[-972,1035]],[[42291,64671],[612,1146],[1062,1071],[12,1113],[1876,321],[238,1422],[1453,1386],[666,1854],[219,1552]],[[45744,51568],[-757,1898],[-36,-821],[-2649,801],[-1595,-1501]],[[40707,51945],[-1251,913],[-71,847],[-1238,-249],[-1740,331],[-1656,1613],[-386,-654],[-510,1730],[-811,39]],[[33044,56515],[-627,1476],[-284,1438]],[[32133,59429],[1376,1624],[732,-176],[1244,374],[655,933],[4189,-522],[1236,758],[76,1124],[650,1127]],[[35472,42244],[1457,2446],[865,768],[1154,2238],[373,1621],[1386,2628]],[[31035,47565],[508,1002],[1829,778],[-563,1008],[932,-86],[-277,1174],[39,2435],[-546,1803],[87,836]],[[28328,58212],[1751,174],[522,732],[552,-218],[980,529]],[[52858,94236],[4255,2536],[8571,3227],[2337,-589],[2159,-2550],[1345,-777],[1829,-374],[16345,3071]],[[14399,65551],[2464,-1839],[4516,-3012]],[[37412,19829],[-2443,-79],[-145,4917],[-378,1982],[480,2104],[-161,1337],[-975,1000],[-2393,948],[-1816,-963],[-4623,-3140],[-3808,72],[-3695,-1005],[-5102,2326],[476,3634],[895,-252]],[[6657,53350],[-4345,-1304]]],"transform":{"scale":[0.0000061536018881245315,0.0000033716256565282927],"translate":[8.389212031929338,46.885387529218406]}}