{"type":"Topology","objects":{"municipalities":{"type":"GeometryCollection","geometries":[{"type":"Polygon","id":1301,"properties":{"id":1301,"name":"Einsiedeln"},"arcs":[[0,1,2,3,4,5,6,7,8,9],[10]]},{"type":"Polygon","id":1311,"properties":{"id":1311,"name":"Gersau"},"arcs":[[11,12,13,14,15]]},{"type":"Polygon","id":1321,"properties":{"id":1321,"name":"Feusisberg"},"arcs":[[-10,16,17,18]]},{"type":"MultiPolygon","id":1322,"properties":{"id":1322,"name":"Freienbach"},"arcs":[[[19,-1,-19,20,21]],[[22]],[[23]]]},{"type":"Polygon","id":1323,"properties":{"id":1323,"name":"Wollerau"},"arcs":[[-21,-18,24,25]]},{"type":"Polygon","id":1331,"properties":{"id":1331,"name":"Küssnacht (SZ)"},"arcs":[[26,27,28,29,30]]},{"type":"Polygon","id":1341,"properties":{"id":1341,"name":"Altendorf"},"arcs":[[31,32,33,-2,-20,34]]},{"type":"Polygon","id":1342,"properties":{"id":1342,"name":"Galgenen"},"arcs":[[35,36,-33,37,38]]},{"type":"Polygon","id":1343,"properties":{"id":1343,"name":"Innerthal"},"arcs":[[39,40,41,-4,42,43]]},{"type":"Polygon","id":1344,"properties":{"id":1344,"name":"Lachen"},"arcs":[[-38,-32,44,45]]},{"type":"Polygon","id":1345,"properties":{"id":1345,"name":"Reichenburg"},"arcs":[[46,47]]},{"type":"Polygon","id":1346,"properties":{"id":1346,"name":"Schübelbach"},"arcs":[[48,-47,49,-44,50,-36,51,52]]},{"type":"Polygon","id":1347,"properties":{"id":1347,"name":"Tuggen"},"arcs":[[-53,53,54,55]]},{"type":"Polygon","id":1348,"properties":{"id":1348,"name":"Vorderthal"},"arcs":[[-51,-43,-3,-34,-37]]},{"type":"Polygon","id":1349,"properties":{"id":1349,"name":"Wangen (SZ)"},"arcs":[[-54,-52,-39,-46,56]]},{"type":"Polygon","id":1361,"properties":{"id":1361,"name":"Alpthal"},"arcs":[[57,58,59,-7]]},{"type":"Polygon","id":1362,"properties":{"id":1362,"name":"Arth"},"arcs":[[60,61,-16,62,-28,63,64]]},{"type":"Polygon","id":1363,"properties":{"id":1363,"name":"Illgau"},"arcs":[[65,66,67]]},{"type":"Polygon","id":1364,"properties":{"id":1364,"name":"Ingenbohl"},"arcs":[[68,69,-13,70,71]]},{"type":"Polygon","id":1365,"properties":{"id":1365,"name":"Lauerz"},"arcs":[[72,-71,-12,-62,73]]},{"type":"Polygon","id":1366,"properties":{"id":1366,"name":"Morschach"},"arcs":[[74,75,76,77,-69,78]]},{"type":"Polygon","id":1367,"properties":{"id":1367,"name":"Muotathal"},"arcs":[[79,80,-75,81,-67,82,83,-41]]},{"type":"Polygon","id":1368,"properties":{"id":1368,"name":"Oberiberg"},"arcs":[[-83,-66,84,-58,-6,85]]},{"type":"Polygon","id":1369,"properties":{"id":1369,"name":"Riemenstalden"},"arcs":[[-81,86,-76]]},{"type":"Polygon","id":1370,"properties":{"id":1370,"name":"Rothenthurm"},"arcs":[[-60,87,88,89,-8]]},{"type":"Polygon","id":1371,"properties":{"id":1371,"name":"Sattel"},"arcs":[[90,91,92,93,-89]]},{"type":"Polygon","id":1372,"properties":{"id":1372,"name":"Schwyz"},"arcs":[[-88,-59,-85,-68,-82,-79,-72,-73,94,-91]]},{"type":"Polygon","id":1373,"properties":{"id":1373,"name":"Steinen"},"arcs":[[-95,-74,95,-92]]},{"type":"Polygon","id":1374,"properties":{"id":1374,"name":"Steinerberg"},"arcs":[[-96,-61,96,-93]]},{"type":"Polygon","id":1375,"properties":{"id":1375,"name":"Unteriberg"},"arcs":[[-42,-84,-86,-5]]},{"type":"Polygon","id":9052,"properties":{"id":9052,"name":"Zürichsee (SZ)"},"arcs":[[-55,-57,-45,-35,-22,-26,97],[-23],[-24]]},{"type":"Polygon","id":9177,"properties":{"id":9177,"name":"Zugersee (SZ)"},"arcs":[[-64,-27,98]]},{"type":"MultiPolygon","id":9182,"properties":{"id":9182,"name":"Vierwaldstättersee (SZ)"},"arcs":[[[-78,99,-14,-70]],[[100,-30]]]},{"type":"Polygon","id":9216,"properties":{"id":9216,"name":"Sihlsee"},"arcs":[[-11]]}]},"lakes":{"type":"GeometryCollection","geometries":[{"type":"Polygon","id":9050,"properties":{"id":9050,"name":"Zürichsee"},"arcs":[[101,-55,-57,-45,-35,-22,-26],[-23],[-24]]},{"type":"Polygon","id":9175,"properties":{"id":9175,"name":"Zugersee"},"arcs":[[102,-64,-27]]},{"type":"Polygon","id":9179,"properties":{"id":9179,"name":"Vierwaldstättersee"},"arcs":[[103,-30,104,-14,-70,-78]]},{"type":"Polygon","id":9216,"properties":{"id":9216,"name":"Sihlsee"},"arcs":[[-11]]}]}},"arcs":[[[67960,59906],[2826,25]],[[70786,59931],[788,-476],[95,-643],[1352,-595],[282,-1505],[1253,-683],[-130,-662],[753,-1364],[886,-689],[258,229],[1039,-352],[-267,-981],[-1122,-406],[588,-1049],[897,292]],[[77458,51047],[669,-630],[141,-825],[-757,-783],[-67,-684],[626,-112],[827,-816],[805,-402],[-76,-801],[1097,-1181],[589,-85]],[[81312,44728],[-323,-400],[173,-1034],[700,-1379],[419,-68],[317,-956],[1074,-1535],[-141,-885]],[[83531,38471],[-550,420],[-923,-135],[-666,-512],[-2269,258],[-809,922],[-1954,790],[-2351,223],[-1481,-843],[-602,260],[-946,-129],[-417,-399],[-933,450],[-1583,71],[-76,376],[-918,240],[-779,-2190]],[[66274,38273],[-1074,-1132],[-1200,-60]],[[64000,37081],[-577,1035],[89,996],[-517,1655],[-1957,485],[-108,904],[-737,373],[-1433,276]],[[58760,42805],[-261,237],[-464,1590],[178,1456],[1247,2009],[-236,228],[-265,2437],[-734,945],[-1025,47],[-358,489],[-838,13]],[[56004,52256],[-395,843],[547,1076],[806,681],[972,360]],[[57934,55216],[540,-125],[848,472],[1113,-149],[911,813],[638,1125],[13,860],[847,277],[122,-293],[987,-54],[1490,550],[567,1627],[555,610],[930,-164],[465,-859]],[[69053,55921],[-469,-815],[-1796,-268],[-850,-1650],[778,-483],[171,-712],[1368,-2343],[70,-1274],[1169,-1049],[-544,-963],[276,-940],[1610,-927],[1267,-1893],[864,-614],[931,2],[359,817],[-604,834],[-1721,854],[-515,869],[141,783],[-509,1224],[38,2208],[-559,1544],[-523,443],[417,887],[-528,1076],[367,1302],[-761,369],[-447,719]],[[36817,28499],[254,-735],[1288,-1797]],[[38359,25967],[-1432,-1781],[44,-928],[545,-280],[458,-1145]],[[37974,21833],[-917,-380],[-2137,-63],[-1273,456],[-1096,682],[-3570,-556],[-1168,638],[-439,-141],[-978,464]],[[26396,22933],[1337,219],[1605,786],[798,66],[1149,751],[620,1654],[27,1983]],[[31932,28392],[54,556],[794,713],[2676,-917],[778,88],[583,-333]],[[57934,55216],[-310,360],[-86,1266],[-357,949],[-448,65],[-62,650]],[[56671,58506],[271,1535],[686,232],[718,1193],[-676,649],[1512,-189],[83,773],[841,-175],[828,179]],[[60934,62703],[1198,707],[2542,825],[627,-621],[1822,128],[22,-590],[624,-446],[2021,-569],[-53,-283],[-1230,-933],[-547,-1015]],[[72278,65930],[194,-858],[-467,-155],[-500,-1207],[90,-1563],[278,-673],[-664,-652],[-423,-891]],[[60934,62703],[-6,1266],[285,173],[271,1267],[-504,557]],[[60980,65966],[965,347],[932,1033],[698,155],[431,-477],[1759,122],[1948,-539],[503,440],[2118,-280],[1124,-656],[225,351],[595,-532]],[[72514,68941],[137,-494],[-1091,-598],[-253,-931],[-734,234],[263,1177],[1678,612]],[[69187,69294],[-135,-428],[-766,163],[901,265]],[[56671,58506],[-246,622],[-1142,909],[-227,1041],[250,1233],[453,305],[1188,2046],[1190,405],[180,822],[836,-370],[629,549]],[[59782,66068],[1019,-353],[179,251]],[[26972,45957],[-954,-1304],[-662,-498],[-25,-503],[853,-1163],[2326,-1968]],[[28510,40521],[-719,-1335],[-100,-672],[379,-2860],[-1565,-397],[-364,-626],[-1024,-759]],[[25117,33872],[-1757,1627],[-1021,666],[-424,797],[-1548,441]],[[20367,37403],[283,1467],[561,1115],[405,237],[-540,606],[-931,-1410],[-1853,-2258],[-728,103],[-904,-774]],[[16660,36489],[-414,-255],[-1375,339],[-184,1949],[991,581],[1393,1348],[740,1238],[-323,1374],[1572,1959],[1567,862],[695,85],[25,523],[902,550],[663,-112],[169,611],[1354,-270],[682,-355],[871,373],[657,-336],[327,-996]],[[77666,63745],[468,-544],[-64,-709],[1457,-304]],[[79527,62188],[-178,-520],[178,-1858],[-315,-218],[-426,-1339],[-297,-238],[33,-1254],[-381,-1699],[1010,-1300]],[[79151,53762],[-1209,-872],[-214,-772],[547,-375],[-817,-696]],[[72278,65930],[1565,-516],[241,-884],[1112,-244],[882,208],[1267,-790],[321,41]],[[84980,60372],[481,-1141],[-996,-783],[-142,-430],[850,-1952],[-130,-1011]],[[85043,55055],[-989,237],[-602,-727],[-921,425],[-1227,51],[-1001,-425],[-1152,-854]],[[79527,62188],[351,-76],[663,931],[1212,570]],[[81753,63613],[703,-565],[439,-1018],[2085,-1658]],[[95726,47760],[-619,-1469],[244,-881],[-1580,-758],[-758,-1238],[42,-587],[559,-323],[2304,-804],[-1277,-865],[-161,-904],[-551,-249],[50,-927],[-925,-1302],[-776,-2095],[-103,-1263],[-751,-161],[-579,-847],[-2472,-1336],[-908,405],[-1729,-457],[-117,-1210],[394,-992],[-1482,-748],[288,-522]],[[84819,28227],[-832,-231],[-1426,1116],[-929,322]],[[81632,29434],[121,909],[1133,742],[326,499],[-421,1448],[1053,1406],[277,900],[-232,792],[-1346,1191],[915,613],[73,537]],[[81312,44728],[885,1300],[226,883],[1019,270],[584,-531],[1810,-609],[327,799],[1536,-157],[1554,293],[125,-367],[1269,-329],[322,887],[-241,529],[929,848]],[[91657,48544],[926,-1498],[655,-144],[2019,461],[469,397]],[[77666,63745],[987,459],[332,1191],[-191,583],[1362,460]],[[80156,66438],[194,-932],[1403,-1893]],[[94827,52247],[-1198,912],[-808,187],[-865,881],[217,1610],[827,206],[6,1871],[486,1163],[1196,345],[349,846],[565,193],[-362,572]],[[95240,61033],[522,654],[1171,217],[2087,-1120],[-165,-240],[1144,-708],[-1781,-2286],[-2247,-3728],[-221,-812],[-923,-763]],[[94060,62001],[41,-811],[1139,-157]],[[94827,52247],[266,-1320],[-560,-1772],[263,-540],[688,-237],[242,-618]],[[91657,48544],[-235,1836],[-338,530],[-1357,700],[-301,549],[-1611,873],[-1383,326],[-715,-118],[-601,595],[-73,1220]],[[84980,60372],[1063,897],[827,1196]],[[86870,62465],[612,-221],[228,650],[2340,-1156],[1095,-138],[2915,401]],[[86870,62465],[-771,980],[628,697],[-32,1067],[585,166],[-448,1612]],[[86832,66987],[1836,526],[2474,1112],[70,629]],[[91212,69254],[1600,-363],[1815,232],[811,-224],[361,-795],[-788,-332],[-505,-2701],[-997,205],[551,-3275]],[[80156,66438],[1344,407],[909,-316],[266,518],[919,245],[299,-700],[1278,-134],[1661,529]],[[64000,37081],[-308,-657],[-728,-616],[-394,-1385],[244,-824],[-468,-1750]],[[62346,31849],[-438,-464],[-584,-1281],[339,-1025],[-1537,-395],[-1585,-53],[-139,824],[-773,378],[-661,-64],[77,1173],[-692,1035],[713,1185],[-59,867],[-771,531],[546,262],[-740,486],[-70,790]],[[55972,36098],[367,1113],[609,611],[-154,1041],[657,1738],[-288,2012],[1597,192]],[[38855,40812],[151,-1873],[655,-801],[-20,-879],[288,-1308],[758,-991],[22,-1426],[455,-186]],[[41164,33348],[-27,-918],[-1336,-1178],[-440,-180],[86,-1648],[-577,-814],[-768,-176],[-698,343],[-587,-278]],[[31932,28392],[-885,560],[-797,-111],[-614,944],[-658,324],[-483,779],[-1574,1417],[-880,1364],[-924,203]],[[28510,40521],[362,-113],[1875,-1360],[1461,-2134],[517,15],[1083,1668],[-99,825],[-636,1729],[90,1122],[-237,284]],[[32926,42557],[721,345],[1900,85],[517,404],[2683,-99],[298,-1308],[-190,-1172]],[[68376,23436],[-22,-754]],[[68354,22682],[-700,-255],[218,-560],[-1415,-624],[-268,-553],[-1345,-194],[-2312,603],[-1067,-306],[-2310,2175],[-2232,419]],[[56923,23387],[598,948],[1635,75],[296,721],[4533,-419],[988,1355],[743,-610],[1305,-483],[-60,-317],[1415,-1221]],[[48904,22898],[-1164,-674],[-801,44],[-950,-500],[75,-1473],[-676,-14]],[[45388,20281],[-233,1538],[-447,605],[-1870,515],[-408,829],[-616,252],[-1410,-297],[-1155,-656],[-1275,-1234]],[[38359,25967],[1606,462],[919,-215],[1321,313],[2460,1141]],[[44665,27668],[862,548],[932,-834],[571,-162],[-50,-671],[-503,-312],[1488,93],[1036,-1404],[712,-602],[-970,-1177],[161,-249]],[[44949,29617],[91,-645],[-669,-605],[294,-699]],[[41164,33348],[969,-668],[2816,-3063]],[[53237,20756],[1282,-155],[-157,-658],[593,-860],[49,-763],[879,673],[1165,-132],[96,-2012],[-777,-1918]],[[56367,14931],[-813,79],[-512,-329],[-741,334],[-1309,-157],[-983,286],[-1101,805],[-1049,-1331],[-458,-1109],[-428,-111]],[[48973,13398],[-1218,105],[-563,459],[-588,-60]],[[46604,13902],[-821,1904],[-537,2279],[142,2196]],[[48904,22898],[708,-213],[320,-514],[167,-1290],[3138,-125]],[[84819,28227],[787,-41],[1346,-804],[122,-1705],[587,-301],[356,-1077],[1446,-997],[504,-1331],[750,-931],[536,205],[-92,-610],[-1214,-497],[1883,-3140],[442,363],[1059,-1312],[1970,-651],[-939,-707],[-262,-1628],[-324,-274],[-619,-1649],[547,-1410],[710,-755],[-186,-406],[-2040,-246],[-690,-673],[-484,21],[-3016,-1763],[-297,-500],[-709,-1],[-156,-556],[-1170,-161],[-827,-1032],[-1158,-131],[-697,-849],[-1414,-731],[-1339,217],[-327,-1286],[-640,-312],[-249,-566],[-747,1159],[239,3802],[-185,864],[-813,-838],[-864,-362],[-1155,2463],[290,2479],[-421,892],[-802,93],[-945,519],[-487,579],[-1774,-975],[-831,-1233],[-568,-107],[-1279,490],[-1066,1833],[-2961,-1552],[-571,485],[-38,-652],[-1071,-40],[-302,-769],[-862,-369]],[[61802,8761],[-611,515],[-1260,452],[9,3077],[-246,1121],[-900,361],[-1070,64],[-1357,580]],[[53237,20756],[1487,2221],[1047,-39],[1152,449]],[[68354,22682],[2256,452],[829,537],[1499,49],[1212,487],[797,-191],[1224,534],[767,597]],[[76938,25147],[616,-5],[1148,-738],[893,178],[751,1324],[669,2140],[493,558],[124,830]],[[68376,23436],[331,381],[-627,1251],[-912,282],[-509,1225],[-4313,5274]],[[66274,38273],[1044,-430],[158,-782],[1155,-1358],[227,-887],[852,254],[1844,-261],[-232,-1900],[-318,-640],[149,-582],[656,-287],[-335,-2085],[417,-999],[-623,-214],[-662,-833],[-318,-1254],[748,-943],[1658,1097],[262,949],[354,-75],[929,993],[749,2671],[2742,453],[-621,-1163],[222,-1216],[-157,-1350],[178,-271],[-598,-1008],[184,-1005]],[[61802,8761],[-710,-377],[-625,-1163],[-1569,-550],[-464,792],[-659,383],[-447,1190],[500,813],[-523,2163],[-552,808],[-1861,-190],[-1317,-391],[-1724,384],[-1667,606],[-1211,169]],[[55972,36098],[-777,-636],[-1034,138],[-448,554]],[[53713,36154],[-220,1696],[-485,519],[447,587],[108,1072],[-722,1172],[-1137,639],[-108,2776],[-829,725]],[[50767,45340],[522,804],[906,751],[10,780],[1601,225],[203,997],[1239,972],[569,1300],[187,1087]],[[53713,36154],[-646,1331],[-30,-576],[-2261,562],[-1361,-1053]],[[49415,36418],[-1067,640],[-60,594],[-1056,-175],[-1484,233],[-1413,1131],[-330,-459],[-435,1213],[-692,27]],[[42878,39622],[-534,1035],[-244,1008]],[[42100,41665],[1175,1139],[624,-124],[1061,263],[559,653],[3574,-365],[1055,531],[65,788],[554,790]],[[44949,29617],[1244,1715],[737,538],[985,1569],[318,1137],[1182,1842]],[[41164,33348],[434,702],[1560,545],[-480,707],[794,-60],[-236,823],[34,1707],[-466,1264],[74,586]],[[38855,40812],[1493,122],[446,513],[470,-153],[836,371]],[[59782,66068],[3630,1778],[7312,2262],[1994,-413],[1842,-1788],[1147,-544],[1560,-262],[13945,2153]],[[26972,45957],[2102,-1289],[3852,-2111]],[[46604,13902],[-2084,-56],[-123,3448],[-323,1389],[410,1475],[-138,938],[-832,701],[-2041,665],[-1550,-676],[-3943,-2201],[-3249,50],[-3152,-704],[-4353,1631],[406,2548],[764,-177]],[[20367,37403],[-3707,-914]],[[59782,66068],[-1750,2798],[-1304,863],[-1953,1584],[-284,566],[-1918,1490],[-318,790],[-920,913],[-301,678],[-945,482],[-1197,-467],[-3111,1468],[-2857,1659],[-939,1718],[-371,1379],[-681,1598],[-802,1450],[-1622,2244],[-623,2560],[-346,544],[-769,2364],[-890,1279],[-637,1717],[-90,795],[149,2983],[866,472],[417,-1542],[606,-1301],[677,-122],[1257,-1945],[206,-1050],[723,-2069],[608,-1093],[58,-1067],[390,-904],[1082,-1438],[296,-958],[958,-912],[154,-788],[2227,-3102],[2212,-1624],[696,-123],[558,-570],[1281,-95],[487,-531],[1280,-151],[1615,-961],[1712,-645],[683,-889],[1525,-849],[1092,-394],[915,-1323],[1457,-417],[1342,-790],[2457,202],[1243,-134],[2825,306],[748,-125],[746,791],[848,303],[706,-461],[1484,-274],[327,-1349],[-848,-531],[669,-943],[1388,-175],[862,-932],[1678,-367],[1013,337],[-506,364],[211,558],[1533,52],[834,-751],[1278,-192],[178,-284],[954,96],[3925,1420],[585,-49],[357,499],[3731,-183],[-670,-590],[-27,-676]],[[26972,45957],[1189,613],[89,1158],[-583,176],[-1171,-135],[-653,366],[-681,1038],[-90,1497],[557,835],[643,1523],[-883,-398],[-1069,688],[-114,1124],[577,815],[196,1008],[-814,2162],[-558,718],[437,1303],[959,586],[508,-306],[375,687],[1210,190],[315,-1071],[626,291],[987,-51],[1235,-616],[359,-491],[1273,-579],[104,-413],[-844,-2981],[-572,-1333],[-88,-1707],[211,-452],[-929,-1184],[-516,-1714],[208,-863],[432,-455],[508,-1803],[648,-551],[534,-1055],[953,-1136],[386,-884]],[[46604,13902],[77,-1142],[-1091,-2340],[-289,-1083],[298,-975],[1077,-898],[403,-902],[-311,-1380],[484,-624],[-87,-972],[-849,-828],[-783,-26],[-910,-1144],[-357,-761],[-802,1398],[-583,1977],[19,1739],[595,1112],[-1175,908],[-1152,1329],[-120,525],[833,2251],[50,935],[1236,3932],[-366,1754],[776,1640],[-237,608],[-888,494],[-585,-84],[-3047,-1583],[-446,-592],[-1029,-639],[-3549,-1015],[-2075,-1187],[-2153,-288],[-2217,461],[-1132,1194],[-688,346],[-2510,20],[-890,530],[-1603,77],[-813,263],[26,623],[-1017,615],[121,934],[1175,714],[1540,672],[2777,394],[607,590],[-813,554],[-1602,206],[-257,-182],[-1637,358],[-1642,-130],[-1709,360],[-2223,103],[-2191,-253],[-908,160],[-553,-423],[-632,-1367],[-716,-416],[-499,-782],[-39,-720],[-2580,-1365],[128,-1151],[467,-438],[-233,-484],[-1452,-1180],[-1798,-971],[-1651,-1290],[-732,-291],[-30,599],[-543,361],[-489,-423],[-610,162],[234,768],[1024,905],[1554,997],[1374,242],[2340,901],[420,1817],[-772,60],[-1273,-421],[-489,149],[-29,1027],[384,933],[-529,2184],[-854,1107],[8,518],[647,504],[684,35],[515,-1461],[1072,-812],[1808,1072],[-324,2211],[444,387],[-685,757],[-189,975],[448,930],[-1098,1322],[-169,1199],[-767,-47],[-320,731],[-946,331],[-431,792],[-599,61],[535,415],[1551,104],[1297,-144],[352,-811],[745,-326],[1764,-2077],[210,-1015],[1092,6],[1202,1370],[771,458],[503,817],[2045,1677],[1111,1370]],[[20367,37403],[38,-588],[-521,-835],[22,-1196],[-1207,-1744],[-1987,-1359],[-1135,-1856],[741,-534],[1139,641],[1603,-170],[754,495],[1315,133],[946,-200],[1387,-1067],[236,-383],[1104,176],[773,-287],[749,-1320],[1032,-575],[534,-2383],[-991,-548],[-503,-870]]],"transform":{"scale":[0.000007213021465801152,0.000004809115164399845],"translate":[8.283271133581254,46.885387529218406]}}