{"type":"Topology","objects":{"municipalities":{"type":"GeometryCollection","geometries":[{"type":"Polygon","id":4401,"properties":{"id":4401,"name":"Arbon"},"arcs":[[0,1,2,3]]},{"type":"Polygon","id":4406,"properties":{"id":4406,"name":"Dozwil"},"arcs":[[4,5,6]]},{"type":"Polygon","id":4411,"properties":{"id":4411,"name":"Egnach"},"arcs":[[-3,7,8,9,10,11],[12]]},{"type":"Polygon","id":4416,"properties":{"id":4416,"name":"Hefenhofen"},"arcs":[[-6,13,14,15,16,17,18]]},{"type":"Polygon","id":4421,"properties":{"id":4421,"name":"Horn"},"arcs":[[19,20]]},{"type":"Polygon","id":4426,"properties":{"id":4426,"name":"Kesswil"},"arcs":[[21,-7,-19,22,23,24]]},{"type":"Polygon","id":4431,"properties":{"id":4431,"name":"Roggwil (TG)"},"arcs":[[-2,25,-8]]},{"type":"Polygon","id":4436,"properties":{"id":4436,"name":"Romanshorn"},"arcs":[[26,-15,27,28]]},{"type":"Polygon","id":4441,"properties":{"id":4441,"name":"Salmsach"},"arcs":[[29,-11,30,-16,-27]]},{"type":"Polygon","id":4446,"properties":{"id":4446,"name":"Sommeri"},"arcs":[[-23,-18,31,32,33,34]]},{"type":"Polygon","id":4451,"properties":{"id":4451,"name":"Uttwil"},"arcs":[[-28,-14,-5,-22,35]]},{"type":"Polygon","id":4461,"properties":{"id":4461,"name":"Amriswil"},"arcs":[[-17,-31,-10,36,37,38,-32]]},{"type":"Polygon","id":4471,"properties":{"id":4471,"name":"Bischofszell"},"arcs":[[39,40,41,42,43]]},{"type":"Polygon","id":4476,"properties":{"id":4476,"name":"Erlen"},"arcs":[[-33,-39,44,45,46,47,48]]},{"type":"Polygon","id":4486,"properties":{"id":4486,"name":"Hauptwil-Gottshaus"},"arcs":[[49,-42,50]]},{"type":"Polygon","id":4495,"properties":{"id":4495,"name":"Hohentannen"},"arcs":[[51,-40,52,53,-46]]},{"type":"Polygon","id":4501,"properties":{"id":4501,"name":"Kradolf-Schönenberg"},"arcs":[[54,-53,-44,55,56,57,58]]},{"type":"Polygon","id":4506,"properties":{"id":4506,"name":"Sulgen"},"arcs":[[-47,-54,-55,59,60]]},{"type":"Polygon","id":4511,"properties":{"id":4511,"name":"Zihlschlacht-Sitterdorf"},"arcs":[[61,-51,-41,-52,-45,-38]]},{"type":"Polygon","id":4536,"properties":{"id":4536,"name":"Basadingen-Schlattingen"},"arcs":[[62,63,64]]},{"type":"Polygon","id":4545,"properties":{"id":4545,"name":"Diessenhofen"},"arcs":[[65,66,-65,67,68]]},{"type":"Polygon","id":4546,"properties":{"id":4546,"name":"Schlatt (TG)"},"arcs":[[-68,-64,69]]},{"type":"Polygon","id":4551,"properties":{"id":4551,"name":"Aadorf"},"arcs":[[70,71,72,73,74]]},{"type":"Polygon","id":4561,"properties":{"id":4561,"name":"Felben-Wellhausen"},"arcs":[[75,76,77,78,79]]},{"type":"Polygon","id":4566,"properties":{"id":4566,"name":"Frauenfeld"},"arcs":[[80,81,-75,82,83,84,85,86,-77]]},{"type":"Polygon","id":4571,"properties":{"id":4571,"name":"Gachnang"},"arcs":[[87,-84]]},{"type":"Polygon","id":4590,"properties":{"id":4590,"name":"Hüttlingen"},"arcs":[[88,89,90,-80,91]]},{"type":"Polygon","id":4591,"properties":{"id":4591,"name":"Matzingen"},"arcs":[[92,93,94,-71,-82]]},{"type":"Polygon","id":4601,"properties":{"id":4601,"name":"Neunforn"},"arcs":[[95,96,97]]},{"type":"Polygon","id":4606,"properties":{"id":4606,"name":"Stettfurt"},"arcs":[[98,99,-94,100]]},{"type":"Polygon","id":4611,"properties":{"id":4611,"name":"Thundorf"},"arcs":[[101,102,103,-101,-93,-81,-76,-91]]},{"type":"Polygon","id":4616,"properties":{"id":4616,"name":"Uesslingen-Buch"},"arcs":[[104,-86,105,-97,106]]},{"type":"Polygon","id":4621,"properties":{"id":4621,"name":"Warth-Weiningen"},"arcs":[[107,-78,-87,-105,108,109]]},{"type":"Polygon","id":4641,"properties":{"id":4641,"name":"Altnau"},"arcs":[[110,111,112,113]]},{"type":"Polygon","id":4643,"properties":{"id":4643,"name":"Bottighofen"},"arcs":[[114,115,116,117]]},{"type":"Polygon","id":4646,"properties":{"id":4646,"name":"Ermatingen"},"arcs":[[118,119,120,121,122,123]]},{"type":"Polygon","id":4651,"properties":{"id":4651,"name":"Gottlieben"},"arcs":[[124,-119,125]]},{"type":"Polygon","id":4656,"properties":{"id":4656,"name":"Güttingen"},"arcs":[[-24,-35,126,-111,127]]},{"type":"Polygon","id":4666,"properties":{"id":4666,"name":"Kemmental"},"arcs":[[128,129,130,131,132,133,134,135]]},{"type":"Polygon","id":4671,"properties":{"id":4671,"name":"Kreuzlingen"},"arcs":[[136,-117,137,-136,138,139]]},{"type":"Polygon","id":4681,"properties":{"id":4681,"name":"Langrickenbach"},"arcs":[[-112,-127,-34,-49,140,141,142]]},{"type":"Polygon","id":4683,"properties":{"id":4683,"name":"Lengwil"},"arcs":[[-116,143,-142,144,145,-129,-138]]},{"type":"Polygon","id":4691,"properties":{"id":4691,"name":"Münsterlingen"},"arcs":[[-113,-143,-144,-115,146]]},{"type":"Polygon","id":4696,"properties":{"id":4696,"name":"Tägerwilen"},"arcs":[[147,-139,-135,148,-120,-125,149]]},{"type":"Polygon","id":4701,"properties":{"id":4701,"name":"Wäldi"},"arcs":[[-149,-134,150,151,-121]]},{"type":"Polygon","id":4711,"properties":{"id":4711,"name":"Affeltrangen"},"arcs":[[152,153,154,155,-103,156]]},{"type":"Polygon","id":4716,"properties":{"id":4716,"name":"Bettwiesen"},"arcs":[[157,158,159,160,161]]},{"type":"MultiPolygon","id":4721,"properties":{"id":4721,"name":"Bichelsee-Balterswil"},"arcs":[[[162,163]],[[164,165,166,-73,167]]]},{"type":"Polygon","id":4723,"properties":{"id":4723,"name":"Braunau"},"arcs":[[168,169,170,171,172,-154]]},{"type":"Polygon","id":4724,"properties":{"id":4724,"name":"Eschlikon"},"arcs":[[173,174,-165,175,176]]},{"type":"Polygon","id":4726,"properties":{"id":4726,"name":"Fischingen"},"arcs":[[177,-163,178,-166,-175,179]]},{"type":"Polygon","id":4741,"properties":{"id":4741,"name":"Lommis"},"arcs":[[-156,180,-162,181,-99,-104]]},{"type":"Polygon","id":4746,"properties":{"id":4746,"name":"Münchwilen (TG)"},"arcs":[[182,183,-177,184,-160]]},{"type":"Polygon","id":4751,"properties":{"id":4751,"name":"Rickenbach (TG)"},"arcs":[[185,186]]},{"type":"Polygon","id":4756,"properties":{"id":4756,"name":"Schönholzerswilen"},"arcs":[[-58,187,-170,188,189]]},{"type":"Polygon","id":4761,"properties":{"id":4761,"name":"Sirnach"},"arcs":[[190,191,192,-180,-174,-184]]},{"type":"Polygon","id":4776,"properties":{"id":4776,"name":"Tobel-Tägerschen"},"arcs":[[-173,193,-158,-181,-155]]},{"type":"Polygon","id":4781,"properties":{"id":4781,"name":"Wängi"},"arcs":[[-182,-161,-185,-176,-168,-72,-95,-100]]},{"type":"Polygon","id":4786,"properties":{"id":4786,"name":"Wilen (TG)"},"arcs":[[-186,194,-192,195]]},{"type":"Polygon","id":4791,"properties":{"id":4791,"name":"Wuppenau"},"arcs":[[-57,196,-171,-188]]},{"type":"Polygon","id":4801,"properties":{"id":4801,"name":"Berlingen"},"arcs":[[197,198,199,200]]},{"type":"Polygon","id":4806,"properties":{"id":4806,"name":"Eschenz"},"arcs":[[201,202,203,204,205]]},{"type":"Polygon","id":4811,"properties":{"id":4811,"name":"Herdern"},"arcs":[[206,-110,207,208,209]]},{"type":"Polygon","id":4816,"properties":{"id":4816,"name":"Homburg"},"arcs":[[210,211,212,213,-210,214,215]]},{"type":"Polygon","id":4821,"properties":{"id":4821,"name":"Hüttwilen"},"arcs":[[-203,216,-208,-109,-107,-96,217,218]]},{"type":"Polygon","id":4826,"properties":{"id":4826,"name":"Mammern"},"arcs":[[219,-215,-209,-217,-202,220]]},{"type":"Polygon","id":4831,"properties":{"id":4831,"name":"Müllheim"},"arcs":[[-89,221,-213,222]]},{"type":"Polygon","id":4841,"properties":{"id":4841,"name":"Pfyn"},"arcs":[[-222,-92,-79,-108,-207,-214]]},{"type":"Polygon","id":4846,"properties":{"id":4846,"name":"Raperswilen"},"arcs":[[223,-122,-152,224,-211,225,-199]]},{"type":"Polygon","id":4851,"properties":{"id":4851,"name":"Salenstein"},"arcs":[[-123,-224,-198,226]]},{"type":"Polygon","id":4864,"properties":{"id":4864,"name":"Steckborn"},"arcs":[[-200,-226,-216,-220,227]]},{"type":"Polygon","id":4871,"properties":{"id":4871,"name":"Wagenhausen"},"arcs":[[-204,-219,228,-66,229]]},{"type":"Polygon","id":4881,"properties":{"id":4881,"name":"Amlikon-Bissegg"},"arcs":[[230,231,232,-157,-102,-90,233]]},{"type":"Polygon","id":4891,"properties":{"id":4891,"name":"Berg (TG)"},"arcs":[[234,235,236,-130,-146]]},{"type":"Polygon","id":4901,"properties":{"id":4901,"name":"Birwinken"},"arcs":[[-145,-141,-48,-61,237,-235]]},{"type":"Polygon","id":4911,"properties":{"id":4911,"name":"Bürglen (TG)"},"arcs":[[-60,-59,-190,238,239,-236,-238]]},{"type":"Polygon","id":4921,"properties":{"id":4921,"name":"Bussnang"},"arcs":[[-239,-189,-169,-153,-233,240]]},{"type":"Polygon","id":4941,"properties":{"id":4941,"name":"Märstetten"},"arcs":[[241,-231,242,-132]]},{"type":"Polygon","id":4946,"properties":{"id":4946,"name":"Weinfelden"},"arcs":[[-237,-240,-241,-232,-242,-131]]},{"type":"Polygon","id":4951,"properties":{"id":4951,"name":"Wigoltingen"},"arcs":[[-151,-133,-243,-234,-223,-212,-225]]},{"type":"MultiPolygon","id":9329,"properties":{"id":9329,"name":"Bodensee (TG)"},"arcs":[[[-4,-12,-30,-29,-36,-25,-128,-114,-147,-118,-137,243]],[[-150,-126,-124,-227,-201,-228,-221,-206,244]]]}]},"lakes":{"type":"GeometryCollection","geometries":[{"type":"MultiPolygon","id":9326,"properties":{"id":9326,"name":"Bodensee"},"arcs":[[[-21,245,-4,-12,-30,-29,-36,-25,-128,-114,-147,-118,-137,246],[247],[248]],[[-150,-126,-124,-227,-201,-228,-221,-206,249],[250]]]}]}},"arcs":[[[70840,29683],[-361,-209],[-637,-992],[-336,-1066],[-523,191]],[[68983,27607],[346,760],[-790,141],[-558,1505],[347,520],[-380,616],[727,-32],[-155,690],[195,627],[-1018,768],[168,837],[-300,341]],[[67565,34380],[168,1332],[338,426]],[[68071,36138],[1400,-2219],[67,-410],[733,-800],[189,212],[604,-618],[174,-619],[-429,-813],[31,-1188]],[[60833,46345],[-95,-481],[357,-487],[-506,-526],[-65,-603]],[[60524,44248],[-447,273],[-494,-456],[-122,352],[-689,-925],[197,1148]],[[58969,44640],[480,164],[274,1702],[305,-90],[282,657],[523,-728]],[[67565,34380],[-738,153],[-433,-669],[52,-1017],[-276,-1277],[251,-693],[-432,-539],[-984,285],[-771,-2139]],[[64234,28484],[-586,577],[-157,-854],[-961,314],[-405,432],[-456,-198],[166,923],[442,19],[485,955],[-231,86],[431,888],[480,198],[67,752],[-1203,87],[-468,1014],[189,585],[-72,1092]],[[61955,35354],[-92,596],[-765,357],[30,356],[-852,572],[144,449]],[[60420,37684],[1586,920],[1397,209],[846,-408],[512,858],[1101,766]],[[65862,40029],[333,-613],[-82,-568],[343,-829],[1615,-1881]],[[63235,30710],[426,-739],[84,545],[-510,194]],[[60524,44248],[157,-552],[-242,-1254],[272,-119]],[[60711,42323],[42,-1325],[519,-167],[71,-1452]],[[61343,39379],[-6,-391],[-723,78],[-9,-1088],[-282,-50]],[[60323,37928],[-886,508],[-223,2141],[-925,-29],[-393,910]],[[57896,41458],[-32,1891],[373,776],[28,1533]],[[58265,45658],[503,-32],[201,-986]],[[74566,25714],[-1117,-1116],[140,806],[-1177,464],[62,370],[-488,443],[180,761],[-121,906]],[[72045,28348],[386,-384],[1383,-833],[752,-1417]],[[61205,48792],[-509,-933],[288,-654],[-151,-860]],[[58265,45658],[-187,360]],[[58078,46018],[136,1311],[515,1346],[-502,682],[601,1205],[601,94],[143,406]],[[59572,51062],[1127,-1701],[506,-569]],[[68983,27607],[-557,-935],[-327,24],[-200,-1485],[-297,-267],[134,-827],[-529,-1611],[-482,295],[-330,1300],[-245,-51],[-412,975],[-437,116],[-784,-469],[474,1177],[-469,488],[521,531],[13,1420],[-822,196]],[[65751,40879],[-1435,0],[-291,-620],[-983,-127],[186,-717],[-1735,396],[-150,-432]],[[60711,42323],[233,445],[480,-95],[490,576],[501,1380],[282,-423],[711,1220],[175,1028]],[[63583,46454],[2160,-2006],[294,-970],[-329,-33],[223,-627],[-180,-1939]],[[65751,40879],[111,-850]],[[60420,37684],[-97,244]],[[57896,41458],[-507,-82],[-487,1165],[-621,10],[-84,380],[-1080,613]],[[55117,43544],[-134,473]],[[54983,44017],[47,961],[860,303],[130,887]],[[56020,46168],[291,519],[756,-181],[260,-640],[263,347],[488,-195]],[[61205,48792],[1064,-1145],[1314,-1193]],[[61955,35354],[-129,-662],[-786,160],[-86,-284],[-878,694],[-654,-895],[73,-1232],[-526,817],[-417,156],[-128,-523],[-715,-312]],[[57709,33273],[-166,567],[-441,-537],[-173,469],[-479,-501],[-188,1261],[-656,851],[-1818,-140]],[[53788,35243],[288,712],[-473,1730],[184,2150],[921,311],[-209,1506],[169,-64],[-69,1562],[518,394]],[[49733,29996],[432,-892],[15,-694],[718,-1189],[292,-174],[523,655],[-76,439],[521,916]],[[52158,29057],[399,113],[164,-913],[463,-646],[428,1392],[247,-101]],[[53859,28902],[39,-658],[674,-1345],[-1075,-1320],[-36,-1250],[-785,-512]],[[52676,23817],[-630,-2],[27,494],[-735,287],[-570,-164],[-478,-1083],[-397,230],[-220,1520],[296,580],[-1014,-66],[-855,898],[-596,-349],[-190,1373],[-299,-77]],[[47015,27458],[65,1546],[276,775],[943,862],[147,734],[397,103],[623,-891],[-43,-681],[310,90]],[[53788,35243],[-457,-445]],[[53331,34798],[-479,-8],[-179,1205],[-1256,-238]],[[51417,35757],[-4,622],[-367,517],[-1087,-207],[-786,104],[-178,590],[722,723],[289,965],[-278,728],[221,1129]],[[49949,40928],[586,237],[598,-220],[1008,944],[-270,866],[791,618],[-63,328],[709,493]],[[53308,44194],[511,327],[175,717],[93,-860],[475,-273],[-120,718],[251,371],[290,-1177]],[[58927,28649],[269,-1056],[598,730],[319,-828],[-33,-1486],[-416,-1017],[-1502,-2030],[-989,622],[-84,523],[-527,186],[-259,-832],[-1038,-607],[-342,-468],[-1510,266],[-213,962],[-524,203]],[[53859,28902],[798,-51],[446,390],[856,-1011],[642,1258],[217,-1170],[686,-862],[431,166],[632,-351],[-111,799],[471,579]],[[53331,34798],[-498,-1006],[-8,-1003],[-359,-720],[259,-2068],[-567,-944]],[[49733,29996],[25,2469],[672,817],[-43,704],[-371,632]],[[50016,34618],[1401,1139]],[[46552,35175],[387,-1107],[510,921],[231,-404],[1278,399],[242,-460],[816,94]],[[47015,27458],[-370,-547],[-416,833],[262,1099],[-347,-422],[-214,614]],[[45930,29035],[-1275,-486]],[[44655,28549],[-219,440],[513,742],[200,838],[545,449],[100,775],[-460,-87],[-372,460],[75,1525],[-154,974],[369,439],[-57,548]],[[45195,35652],[498,414],[45,590],[403,-386],[411,-1095]],[[46552,35175],[308,202],[-690,2726],[141,1906],[603,272],[696,-393],[365,951],[436,305],[-1,484],[577,492]],[[48987,42120],[440,-801],[291,213],[231,-604]],[[57709,33273],[-1037,-459],[245,-515],[-222,-886],[-280,-114],[76,-875],[-460,674],[-603,-314],[246,-882],[843,-398],[1003,112],[725,1237],[300,57],[65,733],[750,-1163],[469,-153],[-146,-750],[-538,-3],[-218,-925]],[[12028,65506],[-921,87],[-237,-2308],[-893,-1419],[-712,289],[-1000,-1617],[-1278,-800],[-80,698],[-1031,-141]],[[5876,60295],[-250,398],[28,1344],[249,335],[-817,257],[74,2242],[-378,1536]],[[4782,66407],[299,399],[-117,660],[870,-232],[725,372],[383,576],[330,-60],[-62,715],[673,-223],[23,-438],[727,106],[-5,601],[710,-183],[-190,-1069],[701,-692],[-86,-625],[1082,312],[92,225],[1105,-541],[-14,-804]],[[12042,68038],[90,-1745],[581,-434],[-300,-370]],[[12413,65489],[-385,17]],[[4782,66407],[-479,1576],[-31,598],[-659,-521],[-176,900],[31,1582],[-294,69],[-91,999]],[[3083,71610],[522,-511],[726,-7],[871,669],[799,35],[2276,-792],[813,-708],[645,-1112],[1601,-1409],[706,263]],[[5876,60295],[-567,250],[-524,-445],[-601,685],[-442,-487],[-842,1120],[-1019,561],[-290,1220],[-385,479],[-327,1529],[124,832],[-200,1014],[-670,665],[-133,660],[211,1631],[655,539],[1104,1852],[1113,-790]],[[22479,34952],[-389,-255],[281,-1179],[-62,-1455],[205,-1023],[1184,-502],[375,-949],[164,349]],[[24237,29938],[385,-509],[646,-1651],[-1198,-423],[-217,-1234],[-339,54],[-99,-621],[328,-106],[102,-916],[320,67],[-27,-1002],[630,-631],[94,-731]],[[24862,22235],[-127,-660],[-434,-249],[138,-1209],[-309,149],[21,-1252],[-667,184],[-24,755],[-899,-294],[150,574],[-759,217],[-187,-978],[-779,346]],[[20986,19818],[-367,248],[-95,1113],[-640,195],[74,768],[-329,253],[357,529],[52,1068],[1121,748],[-73,632],[-356,121],[52,2766],[340,996],[4,2882],[-191,405],[339,1043],[-1029,949]],[[20245,34534],[305,494],[-170,484],[244,736],[626,32],[731,1010],[382,-1126],[116,-1212]],[[27469,42431],[-372,216],[-543,-289],[-328,372],[-495,-549],[-641,59]],[[25090,42240],[-243,988],[-982,98],[-78,1042],[-331,-319],[-618,3689]],[[22838,47738],[171,99]],[[23009,47837],[1463,110],[1625,481]],[[26097,48428],[386,-2189],[232,139],[197,-2757],[377,-277],[180,-913]],[[25090,42240],[140,-954],[390,-701],[-721,-798]],[[24899,39787],[-439,107],[-571,-1459],[21,-2141],[-409,-900],[110,-553],[-1138,-97],[6,208]],[[20245,34534],[-382,260],[-299,-586],[-1144,818]],[[18420,35026],[379,707],[-388,658],[61,1023],[332,439],[724,177],[-337,498],[29,734],[-459,391],[69,1306],[-330,78],[-446,918],[118,1494],[-848,378],[-449,-1274]],[[16875,42553],[-631,-99],[40,612],[-510,-107],[-45,1262]],[[15729,44221],[221,1037],[851,256]],[[16801,45514],[480,-25],[2462,490],[995,475],[2100,1284]],[[18420,35026],[-1128,89],[-1354,452],[20,1002],[-629,1312],[-558,2943],[114,345],[866,-50],[289,617],[836,155],[-1,662]],[[29221,48528],[719,-372],[2404,-1590]],[[32344,46566],[-26,-1191],[-557,-354],[-273,-1296],[209,-357],[-153,-1401],[-754,-28]],[[30790,41939],[-585,1122],[-867,548],[-1,-805],[-1113,-239],[-423,-379],[-332,245]],[[26097,48428],[1610,170],[1514,-70]],[[24899,39787],[-107,-851],[569,-894],[-288,-823]],[[25073,37219],[165,-832],[491,-1212],[-87,-653],[-584,-400],[614,-2016],[-774,-750],[121,-308]],[[25019,31048],[-782,-1110]],[[12544,52612],[176,-1661],[400,-475]],[[13120,50476],[-564,-529],[-47,-869],[-336,-657],[-202,-1029]],[[11971,47392],[-2799,1583],[-513,188],[-1275,-113],[-232,954],[278,793],[-440,564],[-183,1100],[-228,161],[79,925],[507,145],[53,2052],[935,-1155],[506,290],[776,-678],[379,-56],[1453,-1451],[-144,-1198],[1323,-482],[98,1598]],[[28927,35061],[-718,-710],[-345,125],[-200,-672],[79,-1307],[565,-1287]],[[28308,31210],[-477,-223],[-848,327],[-738,-1042],[-468,548],[-758,228]],[[25073,37219],[944,48],[184,-638],[1022,-65],[998,-516],[-29,-576],[735,-411]],[[30790,41939],[280,-1868],[-318,-1171],[-401,-537],[767,186],[118,-696],[447,-70]],[[31683,37783],[250,-838],[-199,-851]],[[31734,36094],[-468,-411],[-1111,-146],[-246,234],[-346,-608],[-636,-102]],[[17985,50593],[-188,-3010],[-1025,-20],[154,-704],[-125,-1345]],[[15729,44221],[-730,635],[-90,-590],[-676,431],[-514,-704],[-863,347],[65,634],[-312,160],[132,1013],[-469,230],[449,590],[-750,425]],[[13120,50476],[257,525],[643,173],[160,688],[482,403],[-75,549],[618,-106],[388,767],[486,-1133],[649,-937],[626,134],[40,-694],[591,-252]],[[22474,49137],[535,-1300]],[[17985,50593],[1791,-568],[291,597]],[[20067,50622],[1413,-421],[827,-596],[167,-468]],[[56533,54761],[-556,-753],[-138,-584],[188,-794],[-304,-846],[-33,-981],[361,-821],[-377,-183],[-373,-1459],[-518,-667]],[[54783,47673],[-395,-127],[109,760],[-353,1053],[268,350],[-1207,2325],[232,307],[-258,896],[-536,775],[139,243]],[[52782,54255],[301,733],[428,-294],[218,371],[571,-216],[724,1311]],[[55024,56160],[237,79],[1272,-1478]],[[50853,59621],[-330,-858],[435,-687],[-390,-519],[357,-388],[-100,-588],[-513,-392],[-104,-485]],[[50208,55704],[-138,722],[-655,926],[-320,-746],[-204,1385]],[[48891,57991],[359,673],[364,2204]],[[49614,60868],[530,90],[175,-699],[534,-638]],[[41361,65552],[455,-332]],[[41816,65220],[-404,-1504],[-679,-713],[309,-1138],[-538,-1418],[-73,-1544]],[[40431,58903],[-563,183],[-599,714],[-286,-266],[-687,354],[-361,527],[-428,-10]],[[37507,60405],[-289,560]],[[37218,60965],[-40,607],[559,961],[-79,1427],[-571,390],[315,587],[-1116,1469],[404,1231]],[[36690,67637],[361,-33],[664,-777],[539,874],[659,-365],[138,-739],[420,-768],[734,-269],[715,177],[441,-185]],[[43451,65100],[-1635,120]],[[41361,65552],[875,258],[1215,-710]],[[56020,46168],[-787,347],[-50,-636],[-370,112],[192,883],[-222,799]],[[56533,54761],[1718,-1512],[779,-1478],[542,-709]],[[46654,55724],[-108,-261],[579,-723],[144,-985],[307,-170],[26,-1336]],[[47602,52249],[-154,-5],[-481,-1816],[-206,7],[35,-1438],[-271,-448],[-599,-88],[-247,412],[-340,-648],[-1054,544],[-335,-1027]],[[43950,47742],[-908,287],[-184,-645],[-833,-427],[-380,342],[-655,-213],[-164,497]],[[40826,47583],[-275,213],[249,1591],[-363,237],[-674,-241],[138,2367]],[[39901,51750],[-42,860]],[[39859,52610],[282,295],[453,1633],[972,1294],[-274,195]],[[41292,56027],[336,757],[21,832],[690,736],[643,-206],[569,156]],[[43551,58302],[579,-1035],[909,-1219],[776,-346],[-108,601],[-445,301],[652,2232],[748,-908],[-193,-669],[391,-636],[-206,-899]],[[47427,63443],[-110,-831],[395,128],[622,-1205],[639,17],[641,-684]],[[48891,57991],[-284,253],[-144,-600],[-525,193],[-532,-2335],[-752,222]],[[43551,58302],[387,1067],[47,715],[321,366],[54,750],[1010,1222],[-54,942],[346,1116]],[[45662,64480],[687,-1301],[490,-176],[588,440]],[[53308,44194],[-178,1376],[-465,-220],[-553,1722],[26,1385],[-981,394],[-94,493],[-533,-129]],[[50530,49215],[-40,354],[672,725],[-376,603],[305,487],[-563,1709],[28,1316],[247,139]],[[50803,54548],[346,-271],[641,1055],[388,-554],[199,355],[405,-878]],[[50208,55704],[376,-287],[-142,-564],[361,-305]],[[50530,49215],[-1006,-298],[-132,740]],[[49392,49657],[38,659],[-619,887],[-293,-413],[-287,684],[-629,775]],[[50853,59621],[428,-886],[628,180],[360,-621],[564,-46],[779,-539],[273,-500],[1139,-1049]],[[45170,65739],[492,-1259]],[[41292,56027],[-502,530],[-359,2346]],[[43451,65100],[827,692],[892,-53]],[[39859,52610],[-280,1053],[-2583,37],[-1755,-731],[-445,1118],[393,423],[-27,881],[428,674]],[[35590,56065],[605,1277],[-364,1313],[434,-443],[270,433],[640,188],[332,1572]],[[34712,39409],[-380,-1255],[224,-533],[725,429],[498,-227],[809,40],[-62,404],[713,464],[395,-1210],[36,-884],[311,153],[72,-873],[448,-629],[28,-996],[-361,-185],[96,-1587],[180,-332]],[[38444,32188],[-525,18],[-116,494],[-985,72]],[[36818,32772],[-267,-239],[-576,745],[-415,-458],[-472,142],[-153,804],[-1449,-617],[-571,-1254],[-496,-210],[-369,-609]],[[32050,31076],[-356,1801],[254,193],[-227,1302],[-440,300],[309,332],[144,1090]],[[31683,37783],[1083,1111],[375,-461],[808,951],[763,25]],[[31591,29351],[-115,-687],[710,-252],[628,519],[386,-474],[347,186],[322,-431],[492,10],[136,-1029]],[[34497,27193],[-553,-1001],[-1467,-729],[-257,408],[-488,-128]],[[31732,25743],[-436,2289],[-368,163],[-330,-662],[-314,23]],[[30284,27556],[-376,1101]],[[29908,28657],[923,1265],[617,-134],[143,-437]],[[23166,12888],[-580,-1037]],[[22586,11851],[-467,744],[253,599],[263,-568],[531,262]],[[25779,20947],[350,-745],[-253,-699],[51,-1098],[-281,-578],[365,-295],[-494,-620],[307,-642]],[[25824,16270],[-434,-1168],[781,-1453],[-598,-811],[453,-397],[-502,-125],[-524,526],[-765,-165]],[[24235,12677],[176,848],[-1019,-147],[-328,347],[-666,49],[-375,489],[-387,1237],[572,885],[-489,1199],[-294,192],[-446,1367],[7,675]],[[24862,22235],[105,-624],[333,150],[479,-814]],[[38444,32188],[737,-276],[281,-542],[44,-1090]],[[39506,30280],[10,-595]],[[39516,29685],[-109,-861],[-774,-861],[-453,-940]],[[38180,27023],[-673,-631],[-363,96],[-566,-445],[-167,387],[-642,-1154],[-163,603],[-336,-117],[-705,1467]],[[34565,27229],[430,656],[-487,1196],[176,159],[-38,1337],[827,450],[162,392],[539,-12],[248,-708],[826,-640],[394,353],[-449,627],[-21,855],[-354,878]],[[29109,21006],[-197,-364],[-66,-1431],[-683,-208],[-310,-520],[102,-667],[490,-438],[21,-1010]],[[28466,16368],[-57,-399],[-813,130],[117,-841],[-632,316],[-1174,-111],[-83,807]],[[25779,20947],[101,724],[452,-241],[832,540]],[[27164,21970],[515,-948],[547,365],[883,-381]],[[30550,13414],[-470,-1167],[-342,97],[-37,-1213],[209,-413],[-162,-2101],[-159,-625],[-618,257],[-489,-369],[-364,-1460],[171,-1025],[-348,-1537],[-267,-374],[-287,-1459],[-690,359],[-238,-1093],[-827,-697],[-214,-594],[-287,810],[308,1295],[-189,495],[-725,777],[-621,1263],[-676,755],[-1477,635],[98,676],[717,1654],[188,1339],[-314,972],[333,900],[-187,280]],[[23166,12888],[1069,-211]],[[28466,16368],[230,29],[986,-1491],[447,-96],[421,-1396]],[[32050,31076],[-556,-721],[97,-1004]],[[29908,28657],[-256,49],[-559,1506],[-552,-88],[-233,1086]],[[31732,25743],[-54,-618],[-734,-1320],[476,-285],[57,-1541],[1409,-885],[508,-475],[-145,-1243]],[[33249,19376],[-931,1711],[-359,342],[-1768,253],[-881,520],[-201,-1196]],[[27164,21970],[439,899],[-150,1128],[676,587],[431,-705],[114,873],[647,1295],[-1,446],[668,-194],[-148,538],[444,719]],[[34133,14871],[285,586],[-411,-52],[-36,584],[636,1658]],[[34607,17647],[538,-163],[509,-1004],[742,-484],[-528,-200],[168,-527],[-535,-147],[-510,384],[-434,-929],[-424,294]],[[44655,28549],[-649,-1552],[-689,-219],[-326,796],[143,688],[-551,957],[-72,777],[-372,-578],[-844,-636],[-290,316],[487,670],[-199,1011],[-469,251],[-627,-666],[-400,-897],[-281,218]],[[39506,30280],[624,290],[-298,1942],[189,1043],[-134,402],[572,-142],[510,495],[996,-422],[196,-655],[658,184],[125,625],[454,80],[13,1395],[268,235]],[[43679,35752],[325,-749],[1008,252],[183,397]],[[33249,19376],[-100,-848]],[[33149,18528],[-263,-690],[-4,-1180],[283,-378],[-666,-952],[151,-446]],[[32650,14882],[-305,-1098],[-1422,-586],[-373,216]],[[34565,27229],[-68,-36]],[[34133,14871],[-27,-1095],[-390,753],[-532,-712],[-534,1065]],[[33149,18528],[711,-633],[747,-248]],[[45930,29035],[-488,-932],[186,-731],[-381,-1577],[-462,-644],[-634,-54],[-436,-500],[-447,297],[-1206,-480],[68,-500],[-811,-407],[-286,1096],[-1395,-103],[-680,-357],[-778,2880]],[[34675,67359],[-4,-690],[-740,220],[611,-1433],[-203,-306],[122,-1274],[-101,-700]],[[34360,63176],[-776,295]],[[33584,63471],[-262,154],[-406,1118],[-687,431],[-426,894],[-645,-109],[-206,1185]],[[30952,67144],[859,271],[175,381],[618,163],[297,-470],[1125,298],[649,-428]],[[20961,60875],[-33,-2720],[397,-1037]],[[21325,57118],[-322,-483],[159,-844],[-1044,-861],[-132,-306],[-1389,725],[-823,838],[21,438],[-1451,410],[-40,568],[-358,-132],[-232,1182]],[[15714,58653],[576,474],[562,-39],[-26,1385],[-247,963],[303,765]],[[16882,62201],[613,-226],[485,1273]],[[17980,63248],[924,-741],[262,440],[599,-242],[189,-740],[591,-975],[416,-115]],[[27023,57006],[-454,-1392],[-213,190],[-1016,-780],[-107,-406],[300,-1365],[-874,-470],[-609,152],[-177,-500],[63,-1522],[-218,-755],[-604,-491],[-528,-56],[-112,-474]],[[20067,50622],[-81,1251],[291,566],[624,7],[-532,962],[300,717],[1075,1006],[358,844],[547,51],[-482,1235],[-555,172]],[[21612,57433],[249,205],[879,-140],[161,1142],[1162,702]],[[24063,59342],[61,-526],[682,-293],[240,-674],[827,9],[454,-504],[354,117],[342,-465]],[[33531,63174],[-12,-350],[604,30],[-449,-543],[-206,-918],[407,298],[131,-981],[-173,-964],[138,-596],[-703,-1260],[-42,-406],[-850,-1255],[157,-709]],[[32533,55520],[-72,-119]],[[32461,55401],[-921,-245],[-364,-487],[-1373,-315],[-100,-890],[202,-367],[-896,-225]],[[29009,52872],[20,362],[-1519,55],[-196,1598],[288,500],[-142,1132],[-437,487]],[[24063,59342],[208,-27],[1704,2721]],[[25975,62036],[851,-52],[762,-672],[228,538],[841,114],[690,-269],[112,996],[458,-447],[702,377],[478,-295],[-78,634],[977,245],[374,-781],[153,885],[1008,-135]],[[21325,57118],[287,315]],[[12544,52612],[77,1276],[836,797],[-227,396],[284,537],[-266,293],[153,1080],[631,430],[410,1042],[72,735]],[[14514,59198],[1200,-545]],[[25912,63257],[63,-1221]],[[20961,60875],[1105,-34],[857,890],[548,-425],[813,1299],[565,-79],[1063,731]],[[29221,48528],[-156,1295],[-56,3049]],[[32461,55401],[291,-326],[60,-842],[-189,-910],[418,112],[269,-1030],[-768,-498],[-1102,-1524],[566,-268],[-138,-710],[-632,-1029],[153,-677],[654,357],[471,-534],[-170,-956]],[[34360,63176],[148,-504],[814,-293],[111,-1624],[430,308],[265,-441],[336,665],[539,122],[215,-444]],[[35590,56065],[-660,200],[-2397,-745]],[[33531,63174],[53,297]],[[34675,67359],[384,354],[1631,-76]],[[25912,63257],[757,576],[342,-194],[958,988],[120,852],[517,85],[590,1040],[440,-238],[870,831],[446,-53]],[[14514,59198],[192,724],[-103,1452],[-1991,1244],[-48,2634],[-151,237]],[[12042,68038],[336,453],[689,-330],[642,247],[1233,-729],[739,-939],[257,-1230],[1255,-1006],[-852,-1665],[541,-638]],[[35202,45027],[725,-219],[109,716],[723,-25],[511,-360],[-133,-331],[523,-328]],[[37660,44480],[-591,-1178]],[[37069,43302],[-319,-814],[320,-301],[-188,-896],[-502,-839],[-689,-306],[-174,-877],[-805,140]],[[32344,46566],[1836,-1382],[1022,-157]],[[49392,49657],[-790,-42],[-702,-1029],[70,-2261],[258,-1338],[508,-237]],[[48736,44750],[-388,-1292],[-873,-765],[-275,357],[-63,834],[-633,-352],[16,-1358],[-599,43],[-79,-839],[-1033,620],[-1082,-58]],[[43727,41940],[66,912],[-436,-4],[197,1851],[516,-141],[-239,1378],[208,549],[-89,1257]],[[48987,42120],[-77,575],[286,1057],[-259,1249],[-201,-251]],[[43679,35752],[-381,1355],[-665,283],[30,789],[353,318],[-583,367],[77,309]],[[42510,39173],[533,2808],[684,-41]],[[37069,43302],[1688,-1801],[1073,-486],[1990,-1660],[690,-182]],[[40826,47583],[-317,-366],[-994,428],[-858,-989],[-997,-2176]],[[35202,45027],[-104,1695],[408,614],[220,2849],[626,60],[561,633],[498,-109],[1076,421],[398,374],[1016,186]],[[47427,63443],[456,355],[1470,-480],[1088,-53],[3851,818],[12747,-8695],[9309,-15603],[1047,-388],[-6555,-9714]],[[17980,63248],[365,233],[505,-473],[617,239],[601,-441],[839,-1111],[712,120],[437,436],[1322,576],[463,453],[1354,234],[447,748],[1432,1078],[692,780],[532,291],[488,1025],[917,402],[852,674],[1226,1386],[590,460],[893,24],[1841,-874],[2516,-914],[1409,279],[760,-414],[1716,-2112],[2126,-1007],[650,758],[888,-359]],[[72045,28348],[-375,1137],[-522,-131],[-308,329]],[[47427,63443],[-245,415],[1,1612],[-193,268],[1206,123],[1521,-872],[380,617],[574,117],[-664,2332],[163,1392],[-447,1207],[-1023,1628],[-778,660],[-193,945],[-416,402],[-193,1149],[192,608],[-667,5197],[-611,389],[-727,841],[-782,1374],[-151,657],[-1188,-405],[-991,1339],[-891,1540],[-2170,1582],[-2134,2603],[-831,1495],[-394,1037],[-605,831],[-163,780],[-1577,1969],[300,1355],[451,413],[145,953],[1370,-784],[471,232],[484,-646],[467,-1180],[1624,-2094],[732,-657],[904,-500],[506,-874],[1164,-1382],[385,-711],[399,-1481],[581,-799],[1129,-261],[488,-323],[1337,-1333],[998,-790],[1037,-1587],[1419,-683],[850,-788],[434,-892],[316,-71],[14,-2591],[474,-2199],[641,-1675],[1479,-2379],[826,-929],[189,-496],[1299,-1029],[853,-1378],[2168,-2266],[1077,-267],[760,-988],[1623,-1614],[674,-150],[1665,1257],[537,-226],[519,162],[340,537],[1658,69],[1381,-624],[956,-1752],[413,-323],[567,161],[1481,-1145],[332,-809],[746,600],[902,-485],[427,672],[416,-161],[1076,-1106],[528,-1536],[707,-1123],[185,-705],[-158,-686],[174,-1394],[385,-1283],[487,-264],[19,-1855],[204,-1069],[586,-943],[-141,-402],[756,-298],[650,-1517],[584,463],[72,-859],[439,571],[-222,-846],[1123,-377],[670,461],[466,-64],[755,435],[609,-232],[454,-734],[320,-2175],[1046,-1190],[191,317],[763,169],[215,-357],[-278,-496],[1041,-49],[398,-1180],[622,-885],[829,-325],[1281,348],[635,-173],[372,-1180],[1046,-482],[620,362],[92,-351],[887,245],[573,-688],[756,-1824],[309,-1336],[704,-426],[1110,-2296],[211,-1927],[-151,-930],[-554,-809],[-2127,389],[-295,-189],[-1045,519],[-439,-589],[-278,195],[-112,-769],[541,-1331],[-936,1146],[-414,158],[147,-714],[-335,-968],[-169,888],[47,-1551],[-734,51],[653,1661],[-830,-568],[-52,-2034],[-101,249],[46,1957],[-451,1587],[164,-1149],[-166,-1134],[-84,1553],[-635,1559],[429,-1427],[9,-1613],[-412,267],[-492,-817],[417,-727],[-705,317],[-481,-920],[-758,1528],[-156,945],[629,949],[183,725],[-523,192],[-676,-829],[-246,-804],[-705,-1129],[-735,-7],[-731,-1332],[-887,-224],[-1029,6],[-1395,1592],[-328,1646],[-695,-674],[-524,523],[-87,-1054],[-831,-1390],[-427,-1407],[-1138,-806],[-540,2],[-2311,-547],[-387,374],[-732,101],[-603,634],[-246,1341]],[[48608,75362],[-673,-545],[63,-547],[1118,-333],[49,915],[-557,510]],[[93670,39194],[-629,-211],[-118,-487],[479,-655],[479,38],[487,1221],[-698,94]],[[17980,63248],[-428,732],[789,-91],[511,-443],[517,123],[1088,-519],[451,-503],[878,707],[712,-43],[623,816],[717,434],[489,-376],[553,91],[79,486],[1036,1394],[992,804],[962,274],[409,1250],[1401,1075],[663,997],[787,2053],[-45,328],[-1119,2095],[-1856,1059],[-484,708],[-1238,1365],[-929,559],[-467,1054],[110,1046],[1107,1035],[691,161],[879,-640],[345,91],[975,-786],[1348,-1430],[703,160],[314,-499],[-92,-506],[464,-403],[152,464],[-348,704],[-992,1357],[-92,619],[-809,206],[-694,797],[89,1077],[837,15],[653,-1103],[2001,-2166],[1247,-694],[105,-451],[709,-310],[3247,-3005],[979,-360],[517,-915],[514,-303],[418,-1808],[454,-994],[-336,-314],[-960,-89],[-388,381],[-141,-641],[646,-233],[1131,231],[308,-333],[439,-1440],[731,-1312],[89,-1209],[1217,-525],[700,911],[802,172],[335,421],[161,-546],[-466,-771]],[[34391,75316],[332,-989],[-377,-639],[382,-1890],[2219,-1500],[1196,-673],[918,740],[-981,1096],[-792,1535],[-538,202],[-492,995],[-777,-157],[-417,1074],[-673,206]]],"transform":{"scale":[0.000010837611950330692,0.000004414121287414637],"translate":[8.668169023656166,47.37583703579061]}}