{"type":"Topology","objects":{"municipalities":{"type":"GeometryCollection","geometries":[{"type":"Polygon","id":5001,"properties":{"id":5001,"name":"Arbedo-Castione"},"arcs":[[0,1,2,3,4,5,6]]},{"type":"Polygon","id":5002,"properties":{"id":5002,"name":"Bellinzona"},"arcs":[[-3,7,8,9,10,11]]},{"type":"Polygon","id":5003,"properties":{"id":5003,"name":"Cadenazzo"},"arcs":[[12,13,14,15,16,17,18]]},{"type":"Polygon","id":5004,"properties":{"id":5004,"name":"Camorino"},"arcs":[[19,20,21,22]]},{"type":"Polygon","id":5005,"properties":{"id":5005,"name":"Giubiasco"},"arcs":[[23,-23,24,25,26,27,-10]]},{"type":"Polygon","id":5006,"properties":{"id":5006,"name":"Gnosca"},"arcs":[[-5,28,29,30]]},{"type":"Polygon","id":5007,"properties":{"id":5007,"name":"Gorduno"},"arcs":[[-4,-12,31,32,-29]]},{"type":"Polygon","id":5008,"properties":{"id":5008,"name":"Gudo"},"arcs":[[-26,33,-18,34,35]]},{"type":"Polygon","id":5009,"properties":{"id":5009,"name":"Isone"},"arcs":[[36,37,38,39,-13,40,-21]]},{"type":"Polygon","id":5010,"properties":{"id":5010,"name":"Lumino"},"arcs":[[-7,41,42]]},{"type":"Polygon","id":5012,"properties":{"id":5012,"name":"Moleno"},"arcs":[[43,44,45]]},{"type":"Polygon","id":5013,"properties":{"id":5013,"name":"Monte Carasso"},"arcs":[[-32,-11,-28,46,47,48]]},{"type":"Polygon","id":5014,"properties":{"id":5014,"name":"Pianezzo"},"arcs":[[49,50,-20,-24,-9]]},{"type":"Polygon","id":5015,"properties":{"id":5015,"name":"Preonzo"},"arcs":[[-30,-33,-49,51,52,53,54,-44,55,56]]},{"type":"Polygon","id":5017,"properties":{"id":5017,"name":"Sant'Antonino"},"arcs":[[-25,-22,-41,-19,-34]]},{"type":"Polygon","id":5018,"properties":{"id":5018,"name":"Sant'Antonio"},"arcs":[[-2,57,58,59,-50,-8]]},{"type":"Polygon","id":5019,"properties":{"id":5019,"name":"Sementina"},"arcs":[[-27,-36,60,-47]]},{"type":"Polygon","id":5048,"properties":{"id":5048,"name":"Acquarossa"},"arcs":[[61,62,63,64]]},{"type":"Polygon","id":5049,"properties":{"id":5049,"name":"Blenio"},"arcs":[[65,-65,66,67,68]]},{"type":"Polygon","id":5050,"properties":{"id":5050,"name":"Serravalle"},"arcs":[[69,70,71,72,73,-62,-66]]},{"type":"Polygon","id":5061,"properties":{"id":5061,"name":"Airolo"},"arcs":[[74,75,76,77]]},{"type":"Polygon","id":5063,"properties":{"id":5063,"name":"Bedretto"},"arcs":[[78,79,80,-77]]},{"type":"Polygon","id":5064,"properties":{"id":5064,"name":"Bodio"},"arcs":[[81,82,83,84,-73]]},{"type":"Polygon","id":5071,"properties":{"id":5071,"name":"Dalpe"},"arcs":[[85,86,87]]},{"type":"Polygon","id":5072,"properties":{"id":5072,"name":"Faido"},"arcs":[[-64,88,89,90,91,92,-88,93,94,-67]]},{"type":"Polygon","id":5073,"properties":{"id":5073,"name":"Giornico"},"arcs":[[95,-84,96,97,-90]]},{"type":"Polygon","id":5076,"properties":{"id":5076,"name":"Personico"},"arcs":[[-83,98,99,100,101,-97]]},{"type":"Polygon","id":5077,"properties":{"id":5077,"name":"Pollegio"},"arcs":[[102,-99,-82,-72]]},{"type":"Polygon","id":5078,"properties":{"id":5078,"name":"Prato (Leventina)"},"arcs":[[-94,-87,103,104]]},{"type":"Polygon","id":5079,"properties":{"id":5079,"name":"Quinto"},"arcs":[[-68,-95,-105,105,-75,106]]},{"type":"Polygon","id":5081,"properties":{"id":5081,"name":"Sobrio"},"arcs":[[-74,-85,-96,-89,-63]]},{"type":"Polygon","id":5091,"properties":{"id":5091,"name":"Ascona"},"arcs":[[107,108,109,110,111,112]]},{"type":"Polygon","id":5095,"properties":{"id":5095,"name":"Brione (Verzasca)"},"arcs":[[113,114,115,116,117,118]]},{"type":"Polygon","id":5096,"properties":{"id":5096,"name":"Brione sopra Minusio"},"arcs":[[119,120,121,122]]},{"type":"Polygon","id":5097,"properties":{"id":5097,"name":"Brissago"},"arcs":[[-110,123,124,125,126]]},{"type":"Polygon","id":5102,"properties":{"id":5102,"name":"Corippo"},"arcs":[[127,128,129,130]]},{"type":"Polygon","id":5105,"properties":{"id":5105,"name":"Frasco"},"arcs":[[-98,-102,131,132,-91]]},{"type":"Polygon","id":5108,"properties":{"id":5108,"name":"Gordola"},"arcs":[[133,134,135,136,137,138,139]]},{"type":"MultiPolygon","id":5109,"properties":{"id":5109,"name":"Gresso"},"arcs":[[[140,141]],[[142,143,144]]]},{"type":"MultiPolygon","id":5112,"properties":{"id":5112,"name":"Lavertezzo"},"arcs":[[[145,-135,146]],[[147,148,-54,149,-131,150,-115,151,-101]]]},{"type":"MultiPolygon","id":5113,"properties":{"id":5113,"name":"Locarno"},"arcs":[[[-146,152,-16,153,154,-136]],[[155,156,157,-113,158,159,160]]]},{"type":"Polygon","id":5115,"properties":{"id":5115,"name":"Losone"},"arcs":[[-112,161,162,-159]]},{"type":"Polygon","id":5117,"properties":{"id":5117,"name":"Mergoscia"},"arcs":[[163,-139,164,-123,165,-129]]},{"type":"Polygon","id":5118,"properties":{"id":5118,"name":"Minusio"},"arcs":[[166,167,168,169,170,-121]]},{"type":"Polygon","id":5119,"properties":{"id":5119,"name":"Mosogno"},"arcs":[[171,172,173]]},{"type":"Polygon","id":5120,"properties":{"id":5120,"name":"Muralto"},"arcs":[[174,-157,175,-169]]},{"type":"Polygon","id":5121,"properties":{"id":5121,"name":"Orselina"},"arcs":[[-176,-156,-170]]},{"type":"Polygon","id":5125,"properties":{"id":5125,"name":"Ronco sopra Ascona"},"arcs":[[176,-124,-109]]},{"type":"Polygon","id":5129,"properties":{"id":5129,"name":"Sonogno"},"arcs":[[-133,177,-119,178,-92]]},{"type":"Polygon","id":5131,"properties":{"id":5131,"name":"Tenero-Contra"},"arcs":[[-138,179,-167,-120,-165]]},{"type":"Polygon","id":5132,"properties":{"id":5132,"name":"Vergeletto"},"arcs":[[180,-144,181,-142,182,183,184]]},{"type":"Polygon","id":5135,"properties":{"id":5135,"name":"Vogorno"},"arcs":[[-53,185,-140,-164,-128,-150]]},{"type":"Polygon","id":5136,"properties":{"id":5136,"name":"Onsernone"},"arcs":[[186,-174,187,188,-183,-141,-182,-143,189]]},{"type":"Polygon","id":5137,"properties":{"id":5137,"name":"Isorno"},"arcs":[[190,191,-172,-187,192]]},{"type":"MultiPolygon","id":5138,"properties":{"id":5138,"name":"Cugnasco-Gerra"},"arcs":[[[-48,-61,-35,-17,-153,-147,-134,-186,-52]],[[-152,-114,-178,-132]]]},{"type":"Polygon","id":5141,"properties":{"id":5141,"name":"Agno"},"arcs":[[193,194,195,196,197,198]]},{"type":"Polygon","id":5143,"properties":{"id":5143,"name":"Aranno"},"arcs":[[199,200,201,202,203,204]]},{"type":"Polygon","id":5144,"properties":{"id":5144,"name":"Arogno"},"arcs":[[205,206,207,208,209,210]]},{"type":"Polygon","id":5146,"properties":{"id":5146,"name":"Astano"},"arcs":[[211,212,213,214,215]]},{"type":"Polygon","id":5148,"properties":{"id":5148,"name":"Bedano"},"arcs":[[216,217,218,219]]},{"type":"MultiPolygon","id":5149,"properties":{"id":5149,"name":"Bedigliora"},"arcs":[[[220,221,222,223,224,225]],[[-212,226,227]]]},{"type":"Polygon","id":5151,"properties":{"id":5151,"name":"Bioggio"},"arcs":[[228,229,230,231,-199,232,233,-201,234,235]]},{"type":"Polygon","id":5154,"properties":{"id":5154,"name":"Bissone"},"arcs":[[-209,236,237,238]]},{"type":"Polygon","id":5160,"properties":{"id":5160,"name":"Brusino Arsizio"},"arcs":[[239,240,241,242]]},{"type":"Polygon","id":5161,"properties":{"id":5161,"name":"Cademario"},"arcs":[[-200,243,-235]]},{"type":"Polygon","id":5162,"properties":{"id":5162,"name":"Cadempino"},"arcs":[[244,245,246,247]]},{"type":"Polygon","id":5167,"properties":{"id":5167,"name":"Canobbio"},"arcs":[[248,249,250,251]]},{"type":"Polygon","id":5171,"properties":{"id":5171,"name":"Caslano"},"arcs":[[252,253,254,255]]},{"type":"Polygon","id":5176,"properties":{"id":5176,"name":"Comano"},"arcs":[[-251,256,257,258,259]]},{"type":"Polygon","id":5178,"properties":{"id":5178,"name":"Croglio"},"arcs":[[260,261,262,263,264,265,-223]]},{"type":"Polygon","id":5180,"properties":{"id":5180,"name":"Cureglia"},"arcs":[[266,267,-245,268,269,-258]]},{"type":"MultiPolygon","id":5181,"properties":{"id":5181,"name":"Curio"},"arcs":[[[-261,-222,270]],[[-234,271,272,273,-221,274,-202]],[[-225,275,-213,-228,276]]]},{"type":"Polygon","id":5186,"properties":{"id":5186,"name":"Grancia"},"arcs":[[277,278]]},{"type":"Polygon","id":5187,"properties":{"id":5187,"name":"Gravesano"},"arcs":[[279,280,281,-218]]},{"type":"Polygon","id":5189,"properties":{"id":5189,"name":"Lamone"},"arcs":[[282,-269,-248,283,-280,-217,284]]},{"type":"MultiPolygon","id":5192,"properties":{"id":5192,"name":"Lugano"},"arcs":[[[-211,285,286,287]],[[288,289,290,291,292,293,294,295,296,-278,297,298,299,-231,300,301,302,303,304,-249,305,306,307,308]]]},{"type":"Polygon","id":5193,"properties":{"id":5193,"name":"Magliaso"},"arcs":[[309,-256,310,-196]]},{"type":"Polygon","id":5194,"properties":{"id":5194,"name":"Manno"},"arcs":[[-284,-247,311,-229,312,-281]]},{"type":"Polygon","id":5195,"properties":{"id":5195,"name":"Maroggia"},"arcs":[[313,314,-237,-208,315]]},{"type":"Polygon","id":5196,"properties":{"id":5196,"name":"Massagno"},"arcs":[[-303,316]]},{"type":"Polygon","id":5197,"properties":{"id":5197,"name":"Melano"},"arcs":[[317,318,319,-314,320]]},{"type":"Polygon","id":5198,"properties":{"id":5198,"name":"Melide"},"arcs":[[321,322,-293]]},{"type":"Polygon","id":5199,"properties":{"id":5199,"name":"Mezzovico-Vira"},"arcs":[[323,324]]},{"type":"Polygon","id":5200,"properties":{"id":5200,"name":"Miglieglia"},"arcs":[[-204,325,326,327]]},{"type":"Polygon","id":5202,"properties":{"id":5202,"name":"Monteggio"},"arcs":[[-265,328,329]]},{"type":"Polygon","id":5203,"properties":{"id":5203,"name":"Morcote"},"arcs":[[330,331,-295]]},{"type":"Polygon","id":5205,"properties":{"id":5205,"name":"Muzzano"},"arcs":[[-300,332,333,334,-194,-232]]},{"type":"Polygon","id":5206,"properties":{"id":5206,"name":"Neggio"},"arcs":[[-197,-311,335,-273,336]]},{"type":"Polygon","id":5207,"properties":{"id":5207,"name":"Novaggio"},"arcs":[[-203,-275,-226,-277,-227,-216,337,-326]]},{"type":"Polygon","id":5208,"properties":{"id":5208,"name":"Origlio"},"arcs":[[338,-259,-270,-283,339,340]]},{"type":"Polygon","id":5210,"properties":{"id":5210,"name":"Paradiso"},"arcs":[[-291,341]]},{"type":"MultiPolygon","id":5212,"properties":{"id":5212,"name":"Ponte Capriasca"},"arcs":[[[-341,342,343,344,345]],[[-59,346,-309,347,-38,348]]]},{"type":"Polygon","id":5213,"properties":{"id":5213,"name":"Ponte Tresa"},"arcs":[[-254,349,350,-263,351]]},{"type":"Polygon","id":5214,"properties":{"id":5214,"name":"Porza"},"arcs":[[-250,-305,352,353,-267,-257]]},{"type":"Polygon","id":5216,"properties":{"id":5216,"name":"Pura"},"arcs":[[-336,-255,-352,-262,-271,-274]]},{"type":"Polygon","id":5219,"properties":{"id":5219,"name":"Rovio"},"arcs":[[354,355,-321,-316,-207]]},{"type":"Polygon","id":5221,"properties":{"id":5221,"name":"Savosa"},"arcs":[[-304,-317,-302,356,-353]]},{"type":"Polygon","id":5222,"properties":{"id":5222,"name":"Sessa"},"arcs":[[-276,-224,-266,-330,357,-214]]},{"type":"Polygon","id":5225,"properties":{"id":5225,"name":"Sorengo"},"arcs":[[358,-333,-299]]},{"type":"MultiPolygon","id":5226,"properties":{"id":5226,"name":"Capriasca"},"arcs":[[[359,-344]],[[-348,-308,360,-306,-252,-260,-339,-346,361,-324,362,-39]]]},{"type":"Polygon","id":5227,"properties":{"id":5227,"name":"Torricella-Taverne"},"arcs":[[-343,-340,-285,-220,363,364]]},{"type":"Polygon","id":5230,"properties":{"id":5230,"name":"Vernate"},"arcs":[[-198,-337,-272,-233]]},{"type":"Polygon","id":5231,"properties":{"id":5231,"name":"Vezia"},"arcs":[[-268,-354,-357,-301,-230,-312,-246]]},{"type":"Polygon","id":5233,"properties":{"id":5233,"name":"Vico Morcote"},"arcs":[[-323,365,-331,-294]]},{"type":"Polygon","id":5236,"properties":{"id":5236,"name":"Collina d'Oro"},"arcs":[[-359,-298,-279,-297,366,-334]]},{"type":"Polygon","id":5237,"properties":{"id":5237,"name":"Alto Malcantone"},"arcs":[[-364,-219,-282,-313,-236,-244,-205,-328,367,368,369]]},{"type":"Polygon","id":5238,"properties":{"id":5238,"name":"Monteceneri"},"arcs":[[-14,-40,-363,-325,-362,-345,-360,-365,-370,370]]},{"type":"Polygon","id":5242,"properties":{"id":5242,"name":"Balerna"},"arcs":[[371,372,373,374,375]]},{"type":"Polygon","id":5249,"properties":{"id":5249,"name":"Castel San Pietro"},"arcs":[[376,377,-376,378,379,-318,-356,380]]},{"type":"Polygon","id":5250,"properties":{"id":5250,"name":"Chiasso"},"arcs":[[381,382,383,-373,384]]},{"type":"Polygon","id":5251,"properties":{"id":5251,"name":"Coldrerio"},"arcs":[[-379,-375,385,386]]},{"type":"Polygon","id":5254,"properties":{"id":5254,"name":"Mendrisio"},"arcs":[[-387,387,388,389,390,-241,391,392,-319,-380]]},{"type":"Polygon","id":5257,"properties":{"id":5257,"name":"Morbio Inferiore"},"arcs":[[393,-385,-372,-378,394]]},{"type":"Polygon","id":5260,"properties":{"id":5260,"name":"Novazzano"},"arcs":[[-374,-384,395,-388,-386]]},{"type":"Polygon","id":5263,"properties":{"id":5263,"name":"Riva San Vitale"},"arcs":[[-392,-240,396]]},{"type":"Polygon","id":5266,"properties":{"id":5266,"name":"Stabio"},"arcs":[[397,-390]]},{"type":"Polygon","id":5268,"properties":{"id":5268,"name":"Vacallo"},"arcs":[[-382,-394,398,399]]},{"type":"Polygon","id":5269,"properties":{"id":5269,"name":"Breggia"},"arcs":[[-399,-395,-377,400]]},{"type":"Polygon","id":5281,"properties":{"id":5281,"name":"Biasca"},"arcs":[[401,402,403,-103,-71]]},{"type":"Polygon","id":5282,"properties":{"id":5282,"name":"Claro"},"arcs":[[404,-42,-6,-31,-57,405]]},{"type":"Polygon","id":5283,"properties":{"id":5283,"name":"Cresciano"},"arcs":[[406,-406,-56,-46,407,408]]},{"type":"Polygon","id":5284,"properties":{"id":5284,"name":"Iragna"},"arcs":[[409,-148,-100,-404]]},{"type":"Polygon","id":5285,"properties":{"id":5285,"name":"Lodrino"},"arcs":[[-408,-45,-55,-149,-410,410]]},{"type":"Polygon","id":5286,"properties":{"id":5286,"name":"Osogna"},"arcs":[[411,-409,-411,-403]]},{"type":"Polygon","id":5304,"properties":{"id":5304,"name":"Bosco/Gurin"},"arcs":[[412,413,414,415]]},{"type":"Polygon","id":5307,"properties":{"id":5307,"name":"Campo (Vallemaggia)"},"arcs":[[416,417,418,-185,419,-414]]},{"type":"Polygon","id":5309,"properties":{"id":5309,"name":"Cerentino"},"arcs":[[420,421,-417,-413,422]]},{"type":"Polygon","id":5310,"properties":{"id":5310,"name":"Cevio"},"arcs":[[423,424,-418,-422,425,-423,-416,426,-80]]},{"type":"Polygon","id":5315,"properties":{"id":5315,"name":"Linescio"},"arcs":[[-421,-426]]},{"type":"Polygon","id":5317,"properties":{"id":5317,"name":"Maggia"},"arcs":[[427,428,-193,-190,-145,-181,-419,-425,-117]]},{"type":"Polygon","id":5323,"properties":{"id":5323,"name":"Lavizzara"},"arcs":[[-106,-104,-86,-93,-179,-118,-424,-79,-76]]},{"type":"Polygon","id":5324,"properties":{"id":5324,"name":"Avegno Gordevio"},"arcs":[[-151,-130,-166,-122,-171,-161,429,-428,-116]]},{"type":"Polygon","id":5391,"properties":{"id":5391,"name":"Comunanza Cadenazzo/Monteceneri"},"arcs":[[-60,-349,-37,-51]]},{"type":"Polygon","id":5394,"properties":{"id":5394,"name":"Comunanza Capriasca/Lugano"},"arcs":[[-361,-307]]},{"type":"Polygon","id":5396,"properties":{"id":5396,"name":"Terre di Pedemonte"},"arcs":[[-430,-160,-163,430,-191,-429]]},{"type":"Polygon","id":5397,"properties":{"id":5397,"name":"Centovalli"},"arcs":[[-162,-111,-127,431,-188,-173,-192,-431]]},{"type":"Polygon","id":5398,"properties":{"id":5398,"name":"Gambarogno"},"arcs":[[-15,-371,-369,432,433,-154]]},{"type":"Polygon","id":9710,"properties":{"id":9710,"name":"Lago di Lugano (ohne Campione, I)"},"arcs":[[-287,434,-238,-315,-320,-393,-397,-243,435,-350,-253,-310,-195,-335,-367,-296,-332,-366,-322,-292,-342,-290,436]]},{"type":"Polygon","id":9711,"properties":{"id":9711,"name":"Lago Maggiore"},"arcs":[[-180,-137,-155,-434,437,-125,-177,-108,-158,-175,-168]]}]}},"arcs":[[[90968,48419],[2825,-910],[1001,-565],[1554,-1473],[89,-561],[966,-637]],[[97403,44273],[-647,-205],[-2112,241],[-594,-80],[-1241,446],[-1671,227],[-935,-52],[-529,151]],[[89674,45001],[-571,341],[-1237,82],[-814,753],[-64,885],[-678,494],[-1491,-127],[-392,99],[286,1332],[-209,90]],[[84504,48950],[74,384],[-529,708],[-70,766]],[[83979,50808],[-674,669]],[[83305,51477],[357,274],[489,-481],[1723,465],[470,-6]],[[86344,51729],[-441,-949],[383,-939],[2735,-1071],[799,-575],[757,-49],[391,273]],[[89674,45001],[-857,52],[-1249,-513],[-586,-71]],[[86982,44469],[-1458,-128],[-1125,328]],[[84399,44669],[-1195,135],[-1323,-47],[-424,-249],[-1487,-183]],[[79970,44325],[476,1322],[360,475],[-3199,2030],[-541,235],[-1046,-112],[-1480,699],[-735,816]],[[73805,49790],[1171,-269],[1073,-379],[1605,123],[895,-177],[1404,114],[1497,-142],[1559,-275],[658,76],[734,-153],[103,242]],[[77053,39154],[-1132,-186],[293,-197]],[[76214,38771],[-477,-93],[-1330,74],[-1172,-357],[-356,485],[-1354,97],[-1090,500],[-232,449],[908,6],[399,168]],[[71510,40100],[-124,1056],[-476,23],[17,345],[-1684,265]],[[69243,41789],[-201,544]],[[69042,42333],[649,87]],[[69691,42420],[978,97]],[[70669,42517],[150,-282],[541,5],[184,-281],[1214,202],[229,-229],[653,100],[255,-692],[471,152],[215,-495],[2472,-1843]],[[82203,42963],[872,-202],[1005,123],[66,-535],[-381,-1012],[-83,-963]],[[83682,40374],[-936,-214],[-156,-205],[-1472,345],[-142,210],[-1615,-369]],[[79361,40141],[-25,457],[-614,906],[-757,179],[-456,-182],[-605,811]],[[76904,42312],[1745,640],[593,59],[337,-226],[1208,338],[1416,-160]],[[84399,44669],[-517,-477],[93,-252],[-747,-421],[-1039,-162],[14,-394]],[[76904,42312],[-932,-303],[-314,485],[-891,-281],[-214,378]],[[74553,42591],[818,220],[-175,565]],[[75196,43376],[678,104],[105,-257],[613,143],[-327,499],[1009,75],[2086,-13],[388,208]],[[79748,44135],[222,190]],[[83979,50808],[-622,58],[-176,-731],[-1211,-142],[-1179,425],[-1928,526],[-2550,367],[-767,579]],[[75546,51890],[1187,646],[1320,62],[673,179],[1134,-15],[1195,441]],[[81055,53203],[439,-669],[581,-477],[1230,-580]],[[73805,49790],[-79,462]],[[73726,50252],[1151,550],[669,1088]],[[74553,42591],[-648,58],[-1088,-148],[-60,205],[-2088,-189]],[[69691,42420],[-152,395],[960,163],[-272,296],[180,473],[489,2508],[-247,353],[575,898]],[[71224,47506],[831,312],[770,-564],[355,-884],[709,-247],[285,-810],[999,-1295],[23,-642]],[[83682,40374],[306,-709],[557,349],[577,-46],[930,-417],[-2,-606],[751,-413],[431,59]],[[87232,38591],[-790,-1073],[-380,-169],[-1402,323],[-1063,-179],[-940,300]],[[82657,37793],[-1133,225],[-1390,409],[-298,-51],[-1508,-774],[-284,-308],[-200,-852],[-220,58]],[[77624,36500],[-517,537],[-396,14],[-952,549],[219,950],[236,221]],[[77053,39154],[2308,987]],[[86344,51729],[257,426],[-117,479],[631,533],[88,524],[418,713],[-78,1829]],[[87543,56233],[145,-372],[1087,-646],[712,-911],[-213,-2754],[-649,-249],[441,-527],[652,229],[510,-1095],[9,-482],[731,-1007]],[[79836,55792],[-323,-385],[-1089,-460],[-178,-362],[-1732,122],[-1128,-317],[-871,-99],[-380,-438],[-2214,-977],[-813,561],[-462,79]],[[70646,53516],[97,754],[2064,794],[368,496],[143,-549],[922,132],[819,716],[591,-99],[675,458],[1655,-85],[431,174],[-156,525],[103,950],[689,356]],[[79047,58138],[45,-1498],[313,-711],[431,-137]],[[79748,44135],[-383,585],[173,208],[-692,155],[-784,530],[-2623,940],[-572,394],[-508,858],[-395,292],[-1767,194],[-706,374]],[[71491,48665],[133,683],[479,890]],[[72103,50238],[794,159],[829,-145]],[[86982,44469],[87,-436],[-891,-518],[177,-198],[-1260,-77],[-61,-329],[517,-9],[-125,-363],[612,126],[562,-140],[868,83],[307,-353],[-311,-361],[578,-682],[1017,-624],[-322,-1132],[-447,-441]],[[88290,39015],[-210,592],[-1453,1100],[-2090,20],[-855,-353]],[[72103,50238],[-540,715],[-923,41]],[[70640,50994],[-1841,656]],[[68799,51650],[955,1082],[-13,771]],[[69741,53503],[905,13]],[[79836,55792],[472,7]],[[80308,55799],[892,-314],[48,-420],[-360,-880],[167,-982]],[[97403,44273],[1759,-1015],[837,-101],[-338,-890],[-925,-211],[-1127,-680],[-804,-213],[-212,-418],[-782,-636],[-738,-1237],[-991,32],[-1053,-359],[-1001,-593],[-1053,-215],[-501,-312],[-862,-199]],[[89612,37226],[-42,257],[-770,528],[-614,870]],[[88186,38881],[104,134]],[[71224,47506],[267,1159]],[[78462,80223],[593,-617],[-257,-586],[467,-686],[-44,-624],[392,-709],[-566,-626],[-959,-251],[-301,-1534],[-904,-1],[-519,-477],[-149,416],[-2287,838],[-630,-582],[-1381,465],[-1522,-821],[527,-167],[-1150,-243],[-907,-569]],[[68865,73449],[-603,332]],[[68262,73781],[-259,425],[-656,290],[-441,586],[-527,142],[-127,517],[-2792,2282],[-650,1203],[-449,238],[-354,828],[774,747],[-327,446],[-730,289],[354,561],[-90,751],[244,384],[-373,463]],[[61859,83933],[1070,4],[1453,419],[1662,87],[-38,-1142],[1008,-637],[618,-227],[2160,-8],[1413,1154],[1196,-51],[276,-570],[-1214,-2007],[1845,-228],[3216,-819],[874,412],[1064,-97]],[[84496,82713],[-428,148],[-2107,6],[-94,-787],[-417,-293],[-2321,-732],[-667,-832]],[[61859,83933],[-792,575],[-698,-74],[-708,487],[-946,237],[-706,357],[-2040,523],[-1115,-100],[-636,477],[-406,51],[-1653,-227],[-494,-423],[-664,55],[-750,385],[-634,573]],[[49617,86829],[561,624],[-311,481],[903,683],[-265,340],[493,556],[807,1679],[-819,771],[858,90]],[[51844,92053],[1982,-534],[3737,995],[278,-919],[1465,-62],[1455,837],[2815,606],[245,190],[1274,291],[740,360],[1859,583],[972,687],[146,534],[-1270,1174],[-230,712],[241,456],[567,377],[891,128],[574,395],[506,-221],[787,-39],[981,-290],[1276,711],[227,975],[637,-241],[715,-1495],[-437,-916],[342,-989],[493,137],[908,-135],[1370,756],[1522,355],[1363,-89],[671,-375],[624,-579],[588,4],[937,-510],[774,114],[-73,-729],[1194,-650],[121,-665],[-827,-167],[-247,-838],[-706,-475],[-414,-658],[0,-512],[-445,-438],[180,-356],[-693,-959],[318,-1669],[-655,-234],[459,-499],[381,-1094],[-150,-805],[199,-544],[625,-555],[551,-154],[962,-1030],[-153,-292]],[[84496,82713],[785,-419],[361,-554],[-324,-289],[1081,-542],[874,-71],[1675,489],[1519,-605],[-41,-541],[1096,-948],[195,-350],[-496,-1469],[-543,-582],[320,-834],[-62,-583],[1531,-1796],[173,-813],[-1520,-540],[742,-817],[-642,-513],[-510,-843]],[[90710,70093],[-602,-134],[-524,199],[-1338,191],[-906,435],[-1282,223],[-973,25],[-1434,436],[-995,-100],[-1351,158],[-1696,-941],[-1396,214],[-401,-767],[411,-31],[760,-485],[-151,-289],[565,-499],[-318,-302],[-1123,147],[-1589,634],[0,906],[-2008,222],[-1182,-689],[321,-891]],[[73498,68755],[-692,218],[-262,1054],[-730,48]],[[71814,70075],[-1232,1071],[-222,1017]],[[70360,72163],[-570,565],[-525,229],[-400,492]],[[41564,92814],[-569,-219],[-1168,-168],[184,-584],[-297,-127],[-1149,-1375],[-1032,-719],[-288,-820],[-826,-528],[190,-224],[-561,-1548],[-448,-369],[-464,15],[-285,-695],[-605,86],[-528,-271],[886,-467],[178,-267],[-1699,-853],[-761,-1020]],[[32322,82661],[-1033,143],[-786,435],[-1304,162],[-1352,420],[-2225,-118],[-264,-642],[-486,-167],[-1707,-238],[-437,106]],[[22728,82762],[-433,483],[-156,1178],[-390,717],[-219,-63],[-284,683],[-931,765],[820,265],[-179,299],[-1399,1254],[-1895,188]],[[17662,88531],[-242,967],[-414,565],[209,455],[-336,449],[466,637],[509,362],[-134,700],[153,580],[496,61],[147,432],[660,397],[1016,272],[1172,-580],[834,-157],[1297,70],[1098,287],[518,-246],[500,-572],[1182,-436],[1394,20],[1288,172],[450,391],[1494,-233],[434,-334],[-152,-296],[277,-658],[496,-175],[1741,158],[1320,610],[1058,726],[2441,477],[892,-97],[750,171],[592,-232],[296,-660]],[[22728,82762],[-285,-555],[83,-1040],[-474,-244],[-744,-708],[-1284,-516]],[[20024,79699],[-575,386],[-946,202],[-224,328],[-792,-297],[-1142,-677],[-1310,-171],[-210,198],[-1667,-416],[32,-472],[-1062,-337],[-1128,-150],[-741,-607]],[[10259,77686],[-1178,579],[-135,449],[-729,575],[-964,-123],[-59,181],[-2195,-392],[-496,-267],[-1282,-72],[-628,-421],[-765,-5],[-460,-397],[-1050,78],[-318,940],[449,252],[-52,457],[906,291],[-426,668],[-409,275],[1127,1151],[-389,811],[84,385],[832,-59],[294,-232],[1283,51],[424,239],[677,-257],[1549,540],[1454,-196],[287,189],[849,1333],[521,54],[581,360],[741,784],[869,696],[687,228],[-62,308],[647,558],[1016,83],[566,207],[1355,76],[242,166],[1560,302]],[[71814,70075],[-63,-383],[-597,-554],[-889,-394],[330,-251],[-491,-295],[482,-213],[-465,-391]],[[70121,67594],[-1011,470],[-919,79],[-25,360],[-727,406],[-633,71],[-144,-435],[-867,376]],[[65795,68921],[569,640],[-219,192],[626,230]],[[66771,69983],[992,30],[801,401],[789,1228],[1007,521]],[[41812,78026],[706,730]],[[42518,78756],[1470,-116],[640,347],[1531,-315],[1363,184],[584,342],[919,-210],[-275,379],[-58,681],[353,491],[78,750],[866,770]],[[49989,82059],[1050,-866],[1004,-169],[45,-388],[493,-181],[-130,-383],[936,-90],[-224,-670],[-2020,-226],[-193,-464],[-501,-279],[304,-762],[1609,-727],[-531,-644],[-1034,-665],[-982,-235],[-744,954],[-21,246],[-1047,427],[-1757,109],[-487,423],[-3947,557]],[[68262,73781],[-806,-286],[-2324,-1265],[94,-211],[-686,-241]],[[64540,71778],[-1322,834],[-1016,1284],[-668,453],[-824,95],[239,-455],[-295,-94],[345,-843],[-41,-459],[-561,153],[-729,-345],[-279,-417],[-648,-412],[-449,-863],[1134,-433],[-327,-810],[-469,-341],[-1105,-306]],[[57525,68819],[-1817,677],[-359,472],[-1366,76],[-296,203],[-1528,439]],[[52159,70686],[-662,-58],[-1230,467],[-1557,210],[-374,500],[-558,310],[-1479,61]],[[46299,72176],[-350,1344],[-158,1299],[-1573,302],[-348,534],[-1828,851],[-343,527],[113,993]],[[49989,82059],[-2917,298],[-669,932]],[[46403,83289],[766,273],[461,846],[-481,199],[142,339],[-39,1097],[575,334],[-11,422],[1801,30]],[[64540,71778],[524,-487],[623,-289],[1084,-1019]],[[65795,68921],[-369,358],[-973,-799],[-1000,-369],[-764,-123],[-1561,-821],[-1821,-222]],[[59307,66945],[-1128,218],[-407,215],[211,371],[-458,1070]],[[70121,67594],[653,-623],[2160,-621],[549,-342]],[[73483,66008],[-3968,-2615],[-1351,-1785],[-1116,-345],[-564,-1152]],[[66484,60111],[-1377,-302],[-539,0],[31,686],[-351,376],[-648,171],[-622,654],[-949,131],[-1367,-61],[-862,717]],[[59800,62483],[174,390],[1412,903],[-50,507],[344,169],[25,796],[-1240,302],[-1158,1395]],[[73498,68755],[519,-391],[1124,-174],[-354,-338],[-564,-1306],[-740,-538]],[[42518,78756],[-640,620],[-616,1154],[-1463,354]],[[39799,80884],[452,482],[1729,792],[472,652],[1246,243],[919,557],[1178,-442],[608,121]],[[39799,80884],[-269,-259],[-1045,163],[-1976,850],[-841,-149],[-1553,112],[-382,357],[-984,328],[-427,375]],[[41564,92814],[1571,-330],[1341,735],[1431,-603],[832,72],[672,424],[1081,-339],[362,97],[2990,-817]],[[53195,40681],[-424,-383],[-570,-117],[-896,111],[-989,420],[-884,595],[-1862,-498],[-1538,-292]],[[46032,40517],[25,364],[800,312],[-1604,390],[-2325,-170],[-2614,-934]],[[40314,40479],[92,160]],[[40406,40639],[2457,894]],[[42863,41533],[3721,252],[921,200],[2233,207],[793,561]],[[50531,42753],[774,-491],[1890,-1581]],[[49120,62432],[262,-868],[1071,-479],[286,-691],[508,-564],[1094,194],[807,-132],[667,293],[843,-32],[-239,-405],[1280,-1597],[1101,65]],[[56800,58216],[489,55],[-74,-438],[816,-854],[-71,-332],[-1282,7],[-1344,-935],[186,-170],[-910,-347],[-879,-1161],[-104,-616],[-564,-316],[-545,-618]],[[52518,52491],[-618,-150],[-848,269],[-824,1553]],[[50228,54163],[437,1087],[-1340,1265],[-1227,198],[-336,244],[36,555],[-1793,782],[-490,304],[-383,814],[-2205,894],[-955,26],[-2337,802],[-58,534],[-643,153],[-424,419]],[[38510,62240],[236,663],[952,432],[493,1745],[1371,560],[1059,225]],[[42621,65865],[258,-729],[867,-1023],[1025,-528],[1402,-60],[488,-549],[1078,-526],[1381,-18]],[[57128,46566],[-91,-549],[1414,-663]],[[58451,45354],[98,-242],[-1934,19],[-1341,-525],[-300,623],[813,176],[-342,741],[465,260],[-1383,657],[-859,163],[-1085,-46]],[[52583,47180],[169,733]],[[52752,47913],[1577,53],[2233,-567],[566,-833]],[[40314,40479],[96,-174],[1181,-541],[858,-650],[1057,-478]],[[43506,38636],[-791,-1564],[-680,-579],[-73,-286],[-799,-628],[-534,-784]],[[40629,34795],[-1495,77],[-610,490],[-147,501],[-1521,-107],[-1428,420],[-165,412],[-1064,899]],[[34199,37487],[1187,141],[773,1464],[687,192],[-241,582],[628,820],[811,6],[586,221],[734,-262],[1042,-12]],[[59558,52342],[-258,-906],[300,-705],[1044,-977]],[[60644,49754],[-994,-71],[-791,256],[-1680,269],[-648,311],[-846,167],[-750,-93],[-273,-306],[-1175,-101]],[[53487,50186],[-351,480],[273,997]],[[53409,51663],[1322,598],[682,553],[479,-158],[1003,44],[1446,-310],[306,184],[907,36],[4,-268]],[[59800,62483],[-1243,387],[-606,-103],[-697,244],[-1377,87],[-887,-194],[-740,150],[-3525,495]],[[50725,63549],[531,837],[1166,487],[372,1297],[480,459],[490,823],[-319,1230],[-1159,461],[-127,1543]],[[63937,46413],[325,-622],[-333,-707],[338,-303]],[[64267,44781],[-260,-613]],[[64007,44168],[-1226,188],[-214,-1169],[-417,-250],[-797,-10]],[[61353,42927],[-20,474]],[[61333,43401],[268,661],[-176,268],[-1761,838],[-117,599],[554,1001]],[[60101,46768],[697,819]],[[60798,47587],[272,-242],[1315,-220],[1552,-712]],[[25180,49319],[-1329,243]],[[23851,49562],[290,916],[24,1397],[1401,-621],[-386,-1935]],[[33233,51250],[-345,-760],[-1535,-690],[-1036,-89],[-255,-265],[-2341,-810]],[[27721,48636],[1528,1355],[-28,328],[-631,127],[150,255],[-742,383],[-323,493],[-786,591],[856,0],[403,1021],[-198,1198]],[[27950,54387],[2050,-456],[847,-52],[635,-971],[-16,-705],[1066,-437],[701,-516]],[[66470,43828],[-2463,340]],[[64267,44781],[2123,-291],[80,-662]],[[66484,60111],[1468,-540],[160,-486]],[[68112,59085],[-365,-266],[-325,-694],[-176,-1659],[275,-440],[550,-195],[256,-398],[-182,-849],[178,-594],[656,-408],[762,-79]],[[68799,51650],[-557,-93],[-1607,267],[-982,-26],[-350,440],[-625,118],[-1378,-41],[-810,451],[-854,-399],[-344,240],[-890,99],[-94,-397],[-750,33]],[[53409,51663],[-891,828]],[[56800,58216],[570,695],[56,865],[616,173],[500,808],[1147,851],[-97,659],[208,216]],[[66470,43828],[991,-142],[1294,218],[-670,-1192],[288,-527],[669,148]],[[69243,41789],[-91,-463],[-886,68],[-624,615],[-413,-392],[-1045,102],[-3477,-450],[-31,-461],[-449,18]],[[62227,40826],[-235,502],[-242,-329],[-633,8],[29,452],[1000,10],[-1211,246],[-22,355],[959,446],[-1069,-224],[550,635]],[[52478,46468],[-147,-1269],[-251,-683],[469,-558],[502,-229]],[[53051,43729],[940,-455]],[[53991,43274],[383,-913],[-260,-1579],[-919,-101]],[[50531,42753],[136,96],[-1735,1084],[-986,840]],[[47946,44773],[-633,372],[671,158],[34,376]],[[48018,45679],[1884,9],[-415,372],[1102,-120],[627,614],[1262,-86]],[[42863,41533],[-552,592],[405,75],[422,581],[-18,597],[442,911]],[[43562,44289],[1194,-40],[711,363],[915,129],[932,-229],[632,261]],[[60644,49754],[432,-369],[103,-496],[-381,-1302]],[[60101,46768],[-1723,149],[-27,-269],[-781,-195],[-442,113]],[[52752,47913],[-227,249],[738,722],[515,763],[-291,539]],[[58451,45354],[856,-276],[415,-557],[-338,-857]],[[59384,43664],[-330,517],[-1161,146],[-664,-456],[-1176,-362],[-975,-142]],[[55078,43367],[-429,913]],[[54649,44280],[-596,468],[-284,622],[-708,448],[-153,521],[-430,129]],[[52478,46468],[105,712]],[[33659,48626],[561,-260],[-67,-289],[439,-1324],[730,-740],[-254,-875]],[[35068,45138],[-2047,-455],[-1504,-109],[-630,139],[-762,-157]],[[30125,44556],[-504,1659],[108,587],[703,-109],[939,267],[432,-82],[172,397],[-761,907],[784,603],[1107,-303],[554,144]],[[55078,43367],[-1087,-93]],[[53051,43729],[1598,551]],[[46032,40517],[-874,-257],[-533,-678],[-982,-664],[-137,-282]],[[50725,63549],[-1605,-1117]],[[42621,65865],[-231,600],[665,189],[1090,651],[881,1152],[349,165],[63,590],[-523,492],[-46,647],[281,527],[496,290],[653,1008]],[[61333,43401],[-653,-698],[-1296,961]],[[24061,55163],[582,-258],[2289,-555],[1018,37]],[[27721,48636],[-739,217],[-818,473],[-984,-7]],[[23851,49562],[-1208,196],[-1001,1],[-402,-233],[-577,74],[-427,-262],[-900,-187]],[[19336,49151],[-1380,435],[-621,-215],[-909,188],[-1011,542],[-1936,514],[-1184,20],[-1203,332],[-284,393],[-305,1021]],[[10503,52381],[1345,652],[286,390],[630,-182],[2552,193],[461,650],[562,139],[1174,-137],[1007,112],[421,203],[1906,180],[747,174],[622,533],[1052,-156],[793,31]],[[70640,50994],[-921,-1866],[-218,-803],[-630,6],[-553,-281],[-1932,-324],[-322,-195],[-907,168],[-900,-398],[-92,-730],[-228,-158]],[[34371,50720],[-524,-949],[-188,-1145]],[[30125,44556],[-1433,-518],[-1597,57],[-768,-237],[-1430,682],[-783,-464]],[[24114,44076],[-746,875],[-1270,253],[-105,749],[-1554,649],[-611,820],[-492,1729]],[[33233,51250],[287,-274],[851,-256]],[[41685,47560],[-610,-764],[-1192,-328],[-180,-379],[241,-550]],[[39944,45539],[-4303,-270],[-573,-131]],[[34371,50720],[1202,311],[459,-395],[1238,74],[643,-552],[1308,-397],[569,105],[698,-268],[435,-1170],[862,-355],[-100,-513]],[[68103,22885],[-793,-883],[202,-247]],[[67512,21755],[-769,-426],[-387,63],[-459,-491]],[[65897,20901],[-673,-70]],[[65224,20831],[-390,192]],[[64834,21023],[487,416],[84,514]],[[65405,21953],[1228,1447],[282,759],[1107,-928],[-503,-474],[584,128]],[[64862,26508],[-671,-451],[-48,-897],[351,-1112],[-71,-350]],[[64423,23698],[-615,-1],[-796,-397]],[[63012,23300],[-897,608]],[[62115,23908],[-294,214]],[[61821,24122],[833,1452]],[[62654,25574],[1098,480],[513,525],[597,-71]],[[78333,18846],[-291,-188],[711,-469],[2529,-703],[127,-1164],[323,-198],[-668,-694]],[[81064,15430],[-1603,168],[-770,-233],[-1702,255],[103,-222]],[[77092,15398],[-934,-99]],[[76158,15299],[232,1100],[-73,473],[341,474],[-321,306]],[[76337,17652],[488,1113],[-406,607],[284,827]],[[76703,20199],[83,-222],[1333,-404],[214,-727]],[[57070,25062],[347,-232]],[[57417,24830],[506,-474],[-503,-160],[562,-614],[-153,-275]],[[57829,23307],[-659,218],[-531,-480],[-375,-51],[-818,351],[-1877,275],[-191,206]],[[53378,23826],[1110,1201],[1803,427]],[[56291,25454],[779,-392]],[[70325,29224],[-491,-272],[-273,-497],[45,-574]],[[69606,27881],[-1480,43]],[[68126,27924],[128,1051],[-467,315],[-585,1063]],[[67202,30353],[1727,-975],[1396,-154]],[[60050,23193],[57,-601],[794,-241],[-24,-1114]],[[60877,21237],[-666,-143]],[[60211,21094],[-306,177],[279,490],[-294,808],[-396,13],[-493,-477],[-464,365],[-1105,-125]],[[57432,22345],[508,784]],[[57940,23129],[526,1040]],[[58466,24169],[1549,-618],[35,-358]],[[57070,25062],[774,539]],[[57844,25601],[-427,-771]],[[67557,27024],[722,-1099],[187,-866],[1634,-213]],[[70100,24846],[147,-212]],[[70247,24634],[-593,-495],[-977,-1073],[-7,-238]],[[68670,22828],[-567,57]],[[65405,21953],[-58,203],[-878,187],[-1719,105]],[[62750,22448],[386,542],[-124,310]],[[64423,23698],[636,-430],[452,110],[178,622],[605,-187],[33,419],[514,3],[441,575],[-511,146],[215,1440],[-825,-250],[236,703]],[[66397,26849],[425,323],[735,-148]],[[76158,15299],[-1429,-346]],[[74729,14953],[114,1037],[-297,358],[-487,43],[64,492],[799,-66],[355,980]],[[75277,17797],[1060,-145]],[[73200,14461],[-219,-449],[487,-225],[133,-1297],[-83,-401],[-490,-316]],[[73028,11773],[-778,-228],[-733,451],[-352,-512],[-781,30],[-1163,-365]],[[69221,11149],[-522,667]],[[68699,11816],[1531,641],[295,527],[470,182],[331,572],[654,244],[763,576],[457,-97]],[[64862,26508],[388,-190],[1147,531]],[[71669,27120],[-138,-468],[293,-455]],[[71824,26197],[-736,14],[-949,-266]],[[70139,25945],[23,556]],[[70162,26501],[744,432],[-142,270],[905,-83]],[[75908,27968],[172,-356],[-109,-1468],[-866,-514]],[[75105,25630],[-12,353],[-791,342]],[[74302,26325],[302,551],[657,697],[-134,538]],[[75127,28111],[781,-143]],[[65891,19246],[-1179,-542],[-73,-242],[497,-624],[-626,-435],[-899,-79],[-871,321],[471,768],[-570,460],[-637,-235]],[[62004,18638],[-94,205]],[[61910,18843],[1481,840],[515,523]],[[63906,20206],[849,-541],[1136,-419]],[[74302,26325],[-604,-193],[-951,31]],[[72747,26163],[342,1773]],[[73089,27936],[993,418]],[[74082,28354],[1045,-243]],[[60211,21094],[149,-306]],[[60360,20788],[790,-573],[6,-873]],[[61156,19342],[-475,-193],[-20,-459]],[[60661,18690],[-1281,919],[-68,430],[-1494,813],[-1036,-47]],[[56782,20805],[235,710],[303,152]],[[57320,21667],[112,678]],[[72747,26163],[-465,-328]],[[72282,25835],[-458,362]],[[71669,27120],[46,458]],[[71715,27578],[759,81],[615,277]],[[60877,21237],[83,-260],[-600,-189]],[[62750,22448],[-68,-249]],[[62682,22199],[-224,-295],[351,-535]],[[62809,21369],[-844,118],[-1088,-250]],[[60050,23193],[1404,-227],[662,89],[284,485],[-285,368]],[[57940,23129],[-111,178]],[[57844,25601],[257,-794],[443,-226],[-78,-412]],[[70174,19173],[488,-120],[52,-794],[-770,-797],[-198,905],[-328,-141]],[[69418,18226],[545,958],[211,-11]],[[69606,27881],[465,-984]],[[70071,26897],[-655,204],[-1004,40]],[[68412,27141],[-286,783]],[[71084,29166],[-11,-519],[736,-654],[-94,-415]],[[70162,26501],[-91,396]],[[70325,29224],[759,-58]],[[76703,20199],[-177,38]],[[76526,20237],[983,626],[2880,757],[494,436],[1001,141],[822,269]],[[82706,22466],[433,-909],[-727,-133],[-35,-383],[-595,-239],[-832,55],[-7,-586],[-915,-433],[-1161,94],[-16,-1085],[-518,-1]],[[88795,36819],[2122,-3389],[78,-418],[-682,-1010],[-734,-472],[-19,-1192],[-564,-345],[-1768,-220],[-1294,219],[-677,-433],[-687,3],[-1383,-740],[-844,-4],[-616,-349],[-42,-831],[-988,-722],[-261,-896],[206,-400],[1803,-1306]],[[82445,24314],[-1211,-550],[-1274,-922],[-1464,-69],[-1510,-511],[-894,111],[-614,561],[-633,-58],[-163,-263],[-498,161],[-721,-116],[-622,-1099]],[[72841,21559],[-1113,-581],[209,-309],[563,-40],[868,-418],[541,201]],[[73909,20412],[39,-1015]],[[73948,19397],[-576,90],[-951,-852],[-244,-422],[107,-775],[-385,-797],[-535,-418],[-628,-954]],[[70736,15269],[-684,-377],[-1017,253]],[[69035,15145],[50,108],[-2033,720]],[[67052,15973],[-57,692],[-429,1320]],[[66566,17985],[690,111],[-291,-342],[748,-531],[88,458],[445,-100],[269,396],[421,-178],[482,427]],[[70174,19173],[216,581],[-721,480],[893,739],[983,97],[29,565]],[[71574,21635],[581,723],[-629,248],[-244,595],[-625,-672],[-545,-324]],[[70112,22205],[-1442,623]],[[70247,24634],[570,-211]],[[70817,24423],[870,-245]],[[71687,24178],[-486,-346],[570,-509],[690,130],[739,580],[-173,323]],[[73027,24356],[42,408],[486,433]],[[73555,25197],[506,-90],[1044,523]],[[75908,27968],[767,1195],[-154,422],[372,769],[1270,768],[1606,321],[654,439],[1281,276],[-40,603],[647,-53],[416,257],[-92,661]],[[82635,33626],[366,376],[-136,487]],[[82865,34489],[631,1058],[496,498],[820,175],[1411,45]],[[86223,36265],[1038,449],[1089,250],[445,-145]],[[65897,20901],[100,-754],[-106,-901]],[[63906,20206],[450,343],[868,282]],[[70139,25945],[180,-339],[-219,-760]],[[67557,27024],[855,117]],[[76470,14333],[-545,-603]],[[75925,13730],[-733,401],[-118,576],[-345,246]],[[77092,15398],[-277,-237],[62,-520],[-407,-308]],[[71687,24178],[1131,266],[209,-88]],[[81400,13327],[-289,-781]],[[81111,12546],[-1975,-1433],[-462,183],[-921,23],[-648,294]],[[77105,11613],[112,500],[-750,994],[-72,376],[-470,247]],[[76470,14333],[676,-603],[636,-68],[426,258],[817,-46],[-4,-413],[487,-356],[863,11],[1029,211]],[[73948,19397],[-773,-810],[-223,-1390],[789,-284],[-103,-519],[-974,22],[-587,-235],[-218,-639],[-530,-707]],[[71329,14835],[-593,434]],[[72296,33988],[-636,-997]],[[71660,32991],[-426,-191],[-1685,-93],[-687,59],[-571,-181],[-1590,252],[-783,540],[-1271,392],[360,485],[-1445,1043],[1148,425],[649,-168],[2087,-29],[694,365],[609,64],[684,-545],[1171,-88],[-70,-537],[518,-86],[1244,-710]],[[61821,24122],[-282,14],[-611,726],[-621,383],[-1348,547],[-1330,419],[-268,323]],[[57361,26534],[237,909],[354,-127],[357,393]],[[58309,27709],[931,-108],[1250,-490],[1223,-247],[355,-402],[1,-575],[585,-313]],[[56782,20805],[-1449,273],[-2497,274],[-352,-364],[-541,33],[922,2301]],[[52865,23322],[991,-112],[342,-258],[-160,-407],[919,-398],[664,-40],[257,-324],[1442,-116]],[[69035,15145],[-387,-426],[-371,-1262],[439,-263],[538,125],[690,461],[250,-80]],[[70194,13700],[-877,-612],[-889,-332],[-2151,1364],[327,1013],[448,840]],[[70112,22205],[674,-73],[-364,-314]],[[70422,21818],[-1061,-173],[-1258,-441]],[[68103,21204],[-591,551]],[[63906,20206],[-1097,1163]],[[62682,22199],[251,-550],[569,-322],[937,-61],[-95,-421],[490,178]],[[56291,25454],[1070,1080]],[[73396,29193],[335,-232],[-25,-449],[376,-158]],[[71084,29166],[164,501]],[[71248,29667],[444,-302],[691,93],[1013,-265]],[[72841,21559],[1031,-462],[37,-685]],[[71248,29667],[-293,675],[566,589]],[[71521,30931],[268,83],[-861,412]],[[70928,31426],[-23,651]],[[70905,32077],[1021,-523],[212,-868],[1248,-521],[10,-972]],[[89612,37226],[-817,-407]],[[86223,36265],[-401,496],[-329,-158],[-1042,80],[-304,286],[-404,-423],[-1012,111],[-74,1136]],[[87232,38591],[453,314],[501,-24]],[[62004,18638],[-544,-458]],[[61460,18180],[-799,510]],[[61156,19342],[754,-499]],[[73555,25197],[-318,112],[-1543,-542]],[[71694,24767],[588,1068]],[[81064,15430],[300,-388],[986,-383],[-397,-1121]],[[81953,13538],[-553,-211]],[[70817,24423],[877,344]],[[52865,23322],[513,504]],[[71574,21635],[-1152,183]],[[71521,30931],[-593,495]],[[82865,34489],[-230,-863]],[[70905,32077],[1049,595],[-294,319]],[[72296,33988],[31,210],[767,-297],[1225,463],[1091,1109],[738,206],[1476,821]],[[67202,30353],[-620,712],[-1169,-157],[-1162,694],[-576,808]],[[63675,32410],[1324,59],[128,-797],[570,-140],[1106,298],[1781,-532],[2937,-367]],[[71329,14835],[-1135,-1135]],[[66566,17985],[-250,556],[354,747],[753,731],[680,1185]],[[58309,27709],[-918,380],[801,528],[1228,-337],[1350,1610],[-326,1716]],[[60444,31606],[504,12],[633,760],[641,307]],[[62222,32685],[868,-54],[585,-221]],[[62222,32685],[-247,884],[526,871],[-263,657],[684,74],[692,1484],[1431,1773],[435,83],[423,835],[-7,354],[452,669],[1036,12],[964,-206],[3162,-75]],[[80796,4263],[443,-161],[-322,-227],[458,-560],[976,-369]],[[82351,2946],[-936,-838],[389,-369],[-2117,326]],[[79687,2065],[351,957],[-1357,438],[208,114]],[[78889,3574],[341,156],[302,644]],[[79532,4374],[868,-296],[396,185]],[[83319,13291],[-87,-280],[-630,-273],[-348,303],[-646,-428],[8,-396],[458,-657],[-790,-459],[75,-246],[791,-426],[-210,-271],[482,-507],[20,-442],[466,25],[1326,573],[756,-41],[-227,-915],[-605,-268],[-58,-433],[-508,-243],[169,-390],[-960,-518],[145,-679],[-982,-680],[-655,-831]],[[81309,4809],[-513,-546]],[[79532,4374],[81,491],[-1101,23],[-1115,227]],[[77397,5115],[-183,205],[765,301],[215,434],[558,324],[532,-217],[-53,413],[1437,878],[279,1106],[-184,777],[515,579],[-123,494],[-725,1263],[352,217],[703,-34],[-374,691]],[[81953,13538],[966,40],[400,-287]],[[82640,2806],[1431,-179]],[[84071,2627],[252,-529],[-647,-1236],[278,-268],[-346,-269],[-1235,147],[-571,-472],[-1750,227],[-766,354],[-554,-109],[388,1528]],[[79120,2000],[567,65]],[[82351,2946],[289,-140]],[[78889,3574],[-1239,363],[-475,-397],[-626,525],[-715,197],[-315,545]],[[75519,4807],[798,386],[1080,-78]],[[75519,4807],[-513,-561],[-573,-246],[278,-422],[-867,-477]],[[73844,3101],[-1208,-86]],[[72636,3015],[-244,330],[1112,649],[290,472],[-2113,1121]],[[71681,5587],[770,387],[-494,392],[-590,-291],[-289,567],[-353,1563],[-662,849],[-324,16],[-389,557],[477,523],[-606,999]],[[73028,11773],[1441,-1956],[372,-1149],[336,-463],[1050,548],[-264,622],[309,297],[193,1071]],[[76465,10743],[316,72],[324,798]],[[83919,4392],[-522,-404],[317,-347],[-1074,-835]],[[81309,4809],[905,64],[408,-371],[330,97],[967,-207]],[[79120,2000],[-382,-90],[-977,616],[-606,-373],[-714,91],[-380,-494],[-1543,478],[114,357],[-765,293],[-23,223]],[[73200,14461],[2081,-1063],[575,-759],[-58,-839],[269,-445],[-145,-419],[543,-193]],[[72636,3015],[-1658,-467],[-616,-682],[-1108,102],[-1099,-449],[244,1444],[2387,2274],[895,350]],[[83919,4392],[983,-218],[1199,407]],[[86101,4581],[-107,-405],[-1262,-683],[-661,-866]],[[83319,13291],[912,-13],[831,160],[765,-843],[1424,85],[-163,-602],[1208,-462],[1038,-161],[-151,-662],[198,-828],[1281,364],[253,-662],[-476,-117],[-456,-511],[-468,32],[199,-417],[-216,-443],[-727,-340],[-744,-841],[-1196,-42],[-1013,-1527],[283,-880]],[[90710,70093],[456,-645],[569,-1297],[-329,-662],[229,-438],[-235,-806],[-505,-565],[-34,-403],[-841,-146],[-1620,-598]],[[88400,64533],[-2962,299],[-1250,-332],[-1203,130],[-616,263],[-1357,-449],[-819,-1109],[108,-267],[-1598,-460],[-985,34],[-1074,-383]],[[76644,62259],[-175,512],[-1123,1578],[-422,434],[-399,6],[-1042,1219]],[[86510,58564],[-90,-341],[482,-1223],[641,-767]],[[80308,55799],[713,300],[-603,751],[445,386],[2341,654],[982,418],[834,519],[804,59],[686,-322]],[[87943,62135],[1204,-1160],[-378,-742],[-542,-177],[-962,-1194],[-755,-298]],[[79047,58138],[-359,766],[-483,456]],[[78205,59360],[2078,155],[1541,1026],[142,270],[1526,566],[246,385],[2807,532],[1398,-159]],[[76644,62259],[-922,-430],[-1143,-131],[-1059,-491],[-1857,-1353],[-9,-207],[-3542,-562]],[[76644,62259],[312,-1770],[529,-1011],[720,-118]],[[88400,64533],[-369,-885],[408,-476],[-758,-650],[262,-387]],[[17815,63617],[665,-1174],[-825,-2321],[-2295,-301]],[[15360,59821],[-794,-54],[-819,210],[-921,-95],[-1075,-538],[-604,112],[-929,-386],[-271,152],[-1563,-6],[-887,474]],[[7497,59690],[-197,348],[350,382],[-40,676],[293,473],[1323,225],[226,723],[520,179],[649,661],[-119,1335]],[[10502,64692],[1047,-434],[1272,6],[1890,-389],[802,153],[1271,-153],[369,-307],[662,49]],[[15360,59821],[1997,-1181],[787,509],[1021,-682],[665,-135],[452,-354],[85,-706],[1176,-624],[1004,-93],[538,186]],[[23085,56741],[1051,-452],[550,-30]],[[24686,56259],[-625,-1096]],[[10503,52381],[-1208,326],[-1293,202],[-334,674],[763,437],[85,418],[954,296],[-786,1292],[-1988,1665],[-66,498],[-778,784],[610,481],[1035,236]],[[22863,63083],[-113,-774],[542,-1125],[715,-860],[847,-607],[-400,-1066],[-871,-511]],[[23583,58140],[-223,-849],[-404,-139],[129,-411]],[[17815,63617],[1381,373],[771,434],[913,-305],[1526,-961],[457,-75]],[[20024,79699],[-725,-526],[-139,-322],[531,-222],[291,-500],[405,-17],[1055,-650],[-100,-482],[-689,-1319],[649,-793],[-60,-469],[1313,-418],[987,-573],[-236,-714],[1084,-327],[568,-799],[-248,-1243],[797,-265],[1314,-704],[891,56],[1220,369],[392,-114],[933,-745],[-1100,-1314],[-97,-722],[-567,-466],[1622,-1334],[864,510],[1306,111],[561,242],[649,-1417],[1058,-519],[574,-481],[1197,-266],[2186,-1026]],[[38510,62240],[-2025,-122],[-584,-472],[-1621,108],[-800,-246],[-1329,-123],[-1389,203],[657,-516],[-1116,-558],[776,-770],[-51,-629],[-2279,-1080],[-120,-295],[-615,-85],[-677,-785],[-1229,-497],[-1157,32],[-265,-146]],[[23583,58140],[2296,345],[184,-328],[622,409],[-96,333],[497,429],[-350,1127],[-299,473],[271,542],[-951,435],[-1248,1162],[-891,-158],[-755,174]],[[10502,64692],[-286,1084],[391,566],[703,482],[-423,748],[-60,1454],[-698,824],[1306,1121],[-972,845],[-28,401],[645,675],[-664,731],[-613,285],[-202,377],[419,972],[-335,478],[776,540],[343,459],[-619,416],[74,536]],[[50228,54163],[-571,-12],[-585,-368],[-1244,-328],[-810,145],[-746,-663],[-475,-763],[500,-356],[-1117,-983],[-536,-615],[1549,-847],[-100,-358],[655,-113],[-699,-464],[38,-898]],[[46087,47540],[-980,16],[-405,-161],[-1364,125],[-602,-82],[-1051,122]],[[48018,45679],[-540,832],[-529,52],[-655,351],[-207,626]],[[43562,44289],[-1189,233],[-1778,-111],[-440,380],[-211,748]],[[34199,37487],[-3518,-229],[-1148,21],[-260,650],[-6,723],[-646,293],[-276,369],[-1200,575],[76,438],[775,360],[375,769],[-1903,115],[-12,588],[-512,215],[-611,-160],[-734,375],[-485,1487]],[[60444,31606],[-658,78],[-589,482],[-1140,357],[-935,823],[-1387,947],[-1211,484],[-798,-812],[-2157,-64],[-1908,804],[-901,89],[-714,451]],[[48046,35245],[401,73],[1100,695],[461,459],[996,530],[647,623],[1513,513],[1339,923],[2013,552],[1703,135],[746,511],[665,-53],[974,287],[257,262],[1366,71]],[[76526,20237],[-1311,126],[-1080,-2357],[1142,-209]],[[68699,11816],[-239,413],[-879,2],[-1437,1120],[-451,639],[72,612],[457,580],[-24,1592],[-392,519],[-1975,-293],[-430,335],[-972,256],[-333,488],[-636,101]],[[82445,24314],[261,-1848]],[[48046,35245],[-1715,2100],[-2308,-1453],[-1221,-1608],[-2173,511]]],"transform":{"scale":[0.000007771911834599946,0.000008140631477778642],"translate":[8.382267354825762,45.818234030032016]}}