{"type":"Topology","objects":{"municipalities":{"type":"GeometryCollection","geometries":[{"type":"Polygon","id":5001,"properties":{"id":5001,"name":"Arbedo-Castione"},"arcs":[[0,1,2,3,4,5,6]]},{"type":"Polygon","id":5002,"properties":{"id":5002,"name":"Bellinzona"},"arcs":[[-3,7,8,9,10,11]]},{"type":"Polygon","id":5003,"properties":{"id":5003,"name":"Cadenazzo"},"arcs":[[12,13,14,15,16,17,18]]},{"type":"Polygon","id":5004,"properties":{"id":5004,"name":"Camorino"},"arcs":[[19,20,21,22]]},{"type":"Polygon","id":5005,"properties":{"id":5005,"name":"Giubiasco"},"arcs":[[23,-23,24,25,26,27,-10]]},{"type":"Polygon","id":5006,"properties":{"id":5006,"name":"Gnosca"},"arcs":[[-5,28,29,30]]},{"type":"Polygon","id":5007,"properties":{"id":5007,"name":"Gorduno"},"arcs":[[-4,-12,31,32,-29]]},{"type":"Polygon","id":5008,"properties":{"id":5008,"name":"Gudo"},"arcs":[[-26,33,-18,34,35]]},{"type":"Polygon","id":5009,"properties":{"id":5009,"name":"Isone"},"arcs":[[36,37,38,39,-13,40,-21]]},{"type":"Polygon","id":5010,"properties":{"id":5010,"name":"Lumino"},"arcs":[[-7,41,42]]},{"type":"Polygon","id":5012,"properties":{"id":5012,"name":"Moleno"},"arcs":[[43,44,45]]},{"type":"Polygon","id":5013,"properties":{"id":5013,"name":"Monte Carasso"},"arcs":[[-32,-11,-28,46,47,48]]},{"type":"Polygon","id":5014,"properties":{"id":5014,"name":"Pianezzo"},"arcs":[[49,50,-20,-24,-9]]},{"type":"Polygon","id":5015,"properties":{"id":5015,"name":"Preonzo"},"arcs":[[-30,-33,-49,51,52,53,54,-44,55,56]]},{"type":"Polygon","id":5017,"properties":{"id":5017,"name":"Sant'Antonino"},"arcs":[[-25,-22,-41,-19,-34]]},{"type":"Polygon","id":5018,"properties":{"id":5018,"name":"Sant'Antonio"},"arcs":[[-2,57,58,59,-50,-8]]},{"type":"Polygon","id":5019,"properties":{"id":5019,"name":"Sementina"},"arcs":[[-27,-36,60,-47]]},{"type":"Polygon","id":5048,"properties":{"id":5048,"name":"Acquarossa"},"arcs":[[61,62,63,64]]},{"type":"Polygon","id":5049,"properties":{"id":5049,"name":"Blenio"},"arcs":[[65,-65,66,67,68]]},{"type":"Polygon","id":5050,"properties":{"id":5050,"name":"Serravalle"},"arcs":[[69,70,71,72,73,-62,-66]]},{"type":"Polygon","id":5061,"properties":{"id":5061,"name":"Airolo"},"arcs":[[74,75,76,77]]},{"type":"Polygon","id":5063,"properties":{"id":5063,"name":"Bedretto"},"arcs":[[78,79,80,-77]]},{"type":"Polygon","id":5064,"properties":{"id":5064,"name":"Bodio"},"arcs":[[81,82,83,84,-73]]},{"type":"Polygon","id":5071,"properties":{"id":5071,"name":"Dalpe"},"arcs":[[85,86,87]]},{"type":"Polygon","id":5072,"properties":{"id":5072,"name":"Faido"},"arcs":[[-64,88,89,90,91,92,-88,93,94,-67]]},{"type":"Polygon","id":5073,"properties":{"id":5073,"name":"Giornico"},"arcs":[[95,-84,96,97,-90]]},{"type":"Polygon","id":5076,"properties":{"id":5076,"name":"Personico"},"arcs":[[-83,98,99,100,101,-97]]},{"type":"Polygon","id":5077,"properties":{"id":5077,"name":"Pollegio"},"arcs":[[102,-99,-82,-72]]},{"type":"Polygon","id":5078,"properties":{"id":5078,"name":"Prato (Leventina)"},"arcs":[[-94,-87,103,104]]},{"type":"Polygon","id":5079,"properties":{"id":5079,"name":"Quinto"},"arcs":[[-68,-95,-105,105,-75,106]]},{"type":"Polygon","id":5081,"properties":{"id":5081,"name":"Sobrio"},"arcs":[[-74,-85,-96,-89,-63]]},{"type":"Polygon","id":5091,"properties":{"id":5091,"name":"Ascona"},"arcs":[[107,108,109,110,111,112]]},{"type":"Polygon","id":5095,"properties":{"id":5095,"name":"Brione (Verzasca)"},"arcs":[[113,114,115,116,117,118]]},{"type":"Polygon","id":5096,"properties":{"id":5096,"name":"Brione sopra Minusio"},"arcs":[[119,120,121,122]]},{"type":"Polygon","id":5097,"properties":{"id":5097,"name":"Brissago"},"arcs":[[-110,123,124,125,126]]},{"type":"Polygon","id":5102,"properties":{"id":5102,"name":"Corippo"},"arcs":[[127,128,129,130]]},{"type":"Polygon","id":5105,"properties":{"id":5105,"name":"Frasco"},"arcs":[[-98,-102,131,132,-91]]},{"type":"Polygon","id":5108,"properties":{"id":5108,"name":"Gordola"},"arcs":[[133,134,135,136,137,138,139]]},{"type":"MultiPolygon","id":5109,"properties":{"id":5109,"name":"Gresso"},"arcs":[[[140,141]],[[142,143,144]]]},{"type":"MultiPolygon","id":5112,"properties":{"id":5112,"name":"Lavertezzo"},"arcs":[[[145,-135,146]],[[147,148,-54,149,-131,150,-115,151,-101]]]},{"type":"MultiPolygon","id":5113,"properties":{"id":5113,"name":"Locarno"},"arcs":[[[-146,152,-16,153,154,-136]],[[155,156,157,-113,158,159,160]]]},{"type":"Polygon","id":5115,"properties":{"id":5115,"name":"Losone"},"arcs":[[-112,161,162,-159]]},{"type":"Polygon","id":5117,"properties":{"id":5117,"name":"Mergoscia"},"arcs":[[163,-139,164,-123,165,-129]]},{"type":"Polygon","id":5118,"properties":{"id":5118,"name":"Minusio"},"arcs":[[166,167,168,169,170,-121]]},{"type":"Polygon","id":5119,"properties":{"id":5119,"name":"Mosogno"},"arcs":[[171,172,173]]},{"type":"Polygon","id":5120,"properties":{"id":5120,"name":"Muralto"},"arcs":[[174,-157,175,-169]]},{"type":"Polygon","id":5121,"properties":{"id":5121,"name":"Orselina"},"arcs":[[-176,-156,-170]]},{"type":"Polygon","id":5125,"properties":{"id":5125,"name":"Ronco sopra Ascona"},"arcs":[[176,-124,-109]]},{"type":"Polygon","id":5129,"properties":{"id":5129,"name":"Sonogno"},"arcs":[[-133,177,-119,178,-92]]},{"type":"Polygon","id":5131,"properties":{"id":5131,"name":"Tenero-Contra"},"arcs":[[-138,179,-167,-120,-165]]},{"type":"Polygon","id":5132,"properties":{"id":5132,"name":"Vergeletto"},"arcs":[[180,-144,181,-142,182,183,184]]},{"type":"Polygon","id":5135,"properties":{"id":5135,"name":"Vogorno"},"arcs":[[-53,185,-140,-164,-128,-150]]},{"type":"Polygon","id":5136,"properties":{"id":5136,"name":"Onsernone"},"arcs":[[186,-174,187,188,-183,-141,-182,-143,189]]},{"type":"Polygon","id":5137,"properties":{"id":5137,"name":"Isorno"},"arcs":[[190,191,-172,-187,192]]},{"type":"MultiPolygon","id":5138,"properties":{"id":5138,"name":"Cugnasco-Gerra"},"arcs":[[[-48,-61,-35,-17,-153,-147,-134,-186,-52]],[[-152,-114,-178,-132]]]},{"type":"Polygon","id":5141,"properties":{"id":5141,"name":"Agno"},"arcs":[[193,194,195,196,197,198]]},{"type":"Polygon","id":5143,"properties":{"id":5143,"name":"Aranno"},"arcs":[[199,200,201,202,203,204]]},{"type":"Polygon","id":5144,"properties":{"id":5144,"name":"Arogno"},"arcs":[[205,206,207,208,209,210]]},{"type":"Polygon","id":5146,"properties":{"id":5146,"name":"Astano"},"arcs":[[211,212,213,214,215]]},{"type":"Polygon","id":5148,"properties":{"id":5148,"name":"Bedano"},"arcs":[[216,217,218,219]]},{"type":"MultiPolygon","id":5149,"properties":{"id":5149,"name":"Bedigliora"},"arcs":[[[220,221,222,223,224,225]],[[-212,226,227]]]},{"type":"Polygon","id":5151,"properties":{"id":5151,"name":"Bioggio"},"arcs":[[228,229,230,231,-199,232,233,-201,234,235]]},{"type":"Polygon","id":5154,"properties":{"id":5154,"name":"Bissone"},"arcs":[[-209,236,237,238]]},{"type":"Polygon","id":5160,"properties":{"id":5160,"name":"Brusino Arsizio"},"arcs":[[239,240,241,242]]},{"type":"Polygon","id":5161,"properties":{"id":5161,"name":"Cademario"},"arcs":[[-200,243,-235]]},{"type":"Polygon","id":5162,"properties":{"id":5162,"name":"Cadempino"},"arcs":[[244,245,246,247]]},{"type":"Polygon","id":5167,"properties":{"id":5167,"name":"Canobbio"},"arcs":[[248,249,250,251]]},{"type":"Polygon","id":5171,"properties":{"id":5171,"name":"Caslano"},"arcs":[[252,253,254,255]]},{"type":"Polygon","id":5176,"properties":{"id":5176,"name":"Comano"},"arcs":[[-251,256,257,258,259]]},{"type":"Polygon","id":5178,"properties":{"id":5178,"name":"Croglio"},"arcs":[[260,261,262,263,264,265,-223]]},{"type":"Polygon","id":5180,"properties":{"id":5180,"name":"Cureglia"},"arcs":[[266,267,-245,268,269,-258]]},{"type":"MultiPolygon","id":5181,"properties":{"id":5181,"name":"Curio"},"arcs":[[[-261,-222,270]],[[-234,271,272,273,-221,274,-202]],[[-225,275,-213,-228,276]]]},{"type":"Polygon","id":5186,"properties":{"id":5186,"name":"Grancia"},"arcs":[[277,278]]},{"type":"Polygon","id":5187,"properties":{"id":5187,"name":"Gravesano"},"arcs":[[279,280,281,-218]]},{"type":"Polygon","id":5189,"properties":{"id":5189,"name":"Lamone"},"arcs":[[282,-269,-248,283,-280,-217,284]]},{"type":"MultiPolygon","id":5192,"properties":{"id":5192,"name":"Lugano"},"arcs":[[[-211,285,286,287]],[[288,289,290,291,292,293,294,295,296,-278,297,298,299,-231,300,301,302,303,304,-249,305,306,307,308]]]},{"type":"Polygon","id":5193,"properties":{"id":5193,"name":"Magliaso"},"arcs":[[309,-256,310,-196]]},{"type":"Polygon","id":5194,"properties":{"id":5194,"name":"Manno"},"arcs":[[-284,-247,311,-229,312,-281]]},{"type":"Polygon","id":5195,"properties":{"id":5195,"name":"Maroggia"},"arcs":[[313,314,-237,-208,315]]},{"type":"Polygon","id":5196,"properties":{"id":5196,"name":"Massagno"},"arcs":[[-303,316]]},{"type":"Polygon","id":5197,"properties":{"id":5197,"name":"Melano"},"arcs":[[317,318,319,-314,320]]},{"type":"Polygon","id":5198,"properties":{"id":5198,"name":"Melide"},"arcs":[[321,322,-293]]},{"type":"Polygon","id":5199,"properties":{"id":5199,"name":"Mezzovico-Vira"},"arcs":[[323,324]]},{"type":"Polygon","id":5200,"properties":{"id":5200,"name":"Miglieglia"},"arcs":[[-204,325,326,327]]},{"type":"Polygon","id":5202,"properties":{"id":5202,"name":"Monteggio"},"arcs":[[-265,328,329]]},{"type":"Polygon","id":5203,"properties":{"id":5203,"name":"Morcote"},"arcs":[[330,331,-295]]},{"type":"Polygon","id":5205,"properties":{"id":5205,"name":"Muzzano"},"arcs":[[-300,332,333,334,-194,-232]]},{"type":"Polygon","id":5206,"properties":{"id":5206,"name":"Neggio"},"arcs":[[-197,-311,335,-273,336]]},{"type":"Polygon","id":5207,"properties":{"id":5207,"name":"Novaggio"},"arcs":[[-203,-275,-226,-277,-227,-216,337,-326]]},{"type":"Polygon","id":5208,"properties":{"id":5208,"name":"Origlio"},"arcs":[[338,-259,-270,-283,339,340]]},{"type":"Polygon","id":5210,"properties":{"id":5210,"name":"Paradiso"},"arcs":[[-291,341]]},{"type":"MultiPolygon","id":5212,"properties":{"id":5212,"name":"Ponte Capriasca"},"arcs":[[[-341,342,343,344,345]],[[-59,346,-309,347,-38,348]]]},{"type":"Polygon","id":5213,"properties":{"id":5213,"name":"Ponte Tresa"},"arcs":[[-254,349,350,-263,351]]},{"type":"Polygon","id":5214,"properties":{"id":5214,"name":"Porza"},"arcs":[[-250,-305,352,353,-267,-257]]},{"type":"Polygon","id":5216,"properties":{"id":5216,"name":"Pura"},"arcs":[[-336,-255,-352,-262,-271,-274]]},{"type":"Polygon","id":5219,"properties":{"id":5219,"name":"Rovio"},"arcs":[[354,355,-321,-316,-207]]},{"type":"Polygon","id":5221,"properties":{"id":5221,"name":"Savosa"},"arcs":[[-304,-317,-302,356,-353]]},{"type":"Polygon","id":5222,"properties":{"id":5222,"name":"Sessa"},"arcs":[[-276,-224,-266,-330,357,-214]]},{"type":"Polygon","id":5225,"properties":{"id":5225,"name":"Sorengo"},"arcs":[[358,-333,-299]]},{"type":"MultiPolygon","id":5226,"properties":{"id":5226,"name":"Capriasca"},"arcs":[[[359,-344]],[[-348,-308,360,-306,-252,-260,-339,-346,361,-324,362,-39]]]},{"type":"Polygon","id":5227,"properties":{"id":5227,"name":"Torricella-Taverne"},"arcs":[[-343,-340,-285,-220,363,364]]},{"type":"Polygon","id":5230,"properties":{"id":5230,"name":"Vernate"},"arcs":[[-198,-337,-272,-233]]},{"type":"Polygon","id":5231,"properties":{"id":5231,"name":"Vezia"},"arcs":[[-268,-354,-357,-301,-230,-312,-246]]},{"type":"Polygon","id":5233,"properties":{"id":5233,"name":"Vico Morcote"},"arcs":[[-323,365,-331,-294]]},{"type":"Polygon","id":5236,"properties":{"id":5236,"name":"Collina d'Oro"},"arcs":[[-359,-298,-279,-297,366,-334]]},{"type":"Polygon","id":5237,"properties":{"id":5237,"name":"Alto Malcantone"},"arcs":[[-364,-219,-282,-313,-236,-244,-205,-328,367,368,369]]},{"type":"Polygon","id":5238,"properties":{"id":5238,"name":"Monteceneri"},"arcs":[[-14,-40,-363,-325,-362,-345,-360,-365,-370,370]]},{"type":"Polygon","id":5242,"properties":{"id":5242,"name":"Balerna"},"arcs":[[371,372,373,374,375]]},{"type":"Polygon","id":5249,"properties":{"id":5249,"name":"Castel San Pietro"},"arcs":[[376,377,-376,378,379,-318,-356,380]]},{"type":"Polygon","id":5250,"properties":{"id":5250,"name":"Chiasso"},"arcs":[[381,382,383,-373,384]]},{"type":"Polygon","id":5251,"properties":{"id":5251,"name":"Coldrerio"},"arcs":[[-379,-375,385,386]]},{"type":"Polygon","id":5254,"properties":{"id":5254,"name":"Mendrisio"},"arcs":[[-387,387,388,389,390,-241,391,392,-319,-380]]},{"type":"Polygon","id":5257,"properties":{"id":5257,"name":"Morbio Inferiore"},"arcs":[[393,-385,-372,-378,394]]},{"type":"Polygon","id":5260,"properties":{"id":5260,"name":"Novazzano"},"arcs":[[-374,-384,395,-388,-386]]},{"type":"Polygon","id":5263,"properties":{"id":5263,"name":"Riva San Vitale"},"arcs":[[-392,-240,396]]},{"type":"Polygon","id":5266,"properties":{"id":5266,"name":"Stabio"},"arcs":[[397,-390]]},{"type":"Polygon","id":5268,"properties":{"id":5268,"name":"Vacallo"},"arcs":[[-382,-394,398,399]]},{"type":"Polygon","id":5269,"properties":{"id":5269,"name":"Breggia"},"arcs":[[-399,-395,-377,400]]},{"type":"Polygon","id":5281,"properties":{"id":5281,"name":"Biasca"},"arcs":[[401,402,403,-103,-71]]},{"type":"Polygon","id":5282,"properties":{"id":5282,"name":"Claro"},"arcs":[[404,-42,-6,-31,-57,405]]},{"type":"Polygon","id":5283,"properties":{"id":5283,"name":"Cresciano"},"arcs":[[406,-406,-56,-46,407,408]]},{"type":"Polygon","id":5284,"properties":{"id":5284,"name":"Iragna"},"arcs":[[409,-148,-100,-404]]},{"type":"Polygon","id":5285,"properties":{"id":5285,"name":"Lodrino"},"arcs":[[-408,-45,-55,-149,-410,410]]},{"type":"Polygon","id":5286,"properties":{"id":5286,"name":"Osogna"},"arcs":[[411,-409,-411,-403]]},{"type":"Polygon","id":5304,"properties":{"id":5304,"name":"Bosco/Gurin"},"arcs":[[412,413,414,415]]},{"type":"Polygon","id":5307,"properties":{"id":5307,"name":"Campo (Vallemaggia)"},"arcs":[[416,417,418,-185,419,-414]]},{"type":"Polygon","id":5309,"properties":{"id":5309,"name":"Cerentino"},"arcs":[[420,421,-417,-413,422]]},{"type":"Polygon","id":5310,"properties":{"id":5310,"name":"Cevio"},"arcs":[[423,424,-418,-422,425,-423,-416,426,-80]]},{"type":"Polygon","id":5315,"properties":{"id":5315,"name":"Linescio"},"arcs":[[-421,-426]]},{"type":"Polygon","id":5317,"properties":{"id":5317,"name":"Maggia"},"arcs":[[427,428,-193,-190,-145,-181,-419,-425,-117]]},{"type":"Polygon","id":5323,"properties":{"id":5323,"name":"Lavizzara"},"arcs":[[-106,-104,-86,-93,-179,-118,-424,-79,-76]]},{"type":"Polygon","id":5324,"properties":{"id":5324,"name":"Avegno Gordevio"},"arcs":[[-151,-130,-166,-122,-171,-161,429,-428,-116]]},{"type":"Polygon","id":5391,"properties":{"id":5391,"name":"Comunanza Cadenazzo/Monteceneri"},"arcs":[[-60,-349,-37,-51]]},{"type":"Polygon","id":5394,"properties":{"id":5394,"name":"Comunanza Capriasca/Lugano"},"arcs":[[-361,-307]]},{"type":"Polygon","id":5396,"properties":{"id":5396,"name":"Terre di Pedemonte"},"arcs":[[-430,-160,-163,430,-191,-429]]},{"type":"Polygon","id":5397,"properties":{"id":5397,"name":"Centovalli"},"arcs":[[-162,-111,-127,431,-188,-173,-192,-431]]},{"type":"Polygon","id":5398,"properties":{"id":5398,"name":"Gambarogno"},"arcs":[[-15,-371,-369,432,433,-154]]},{"type":"Polygon","id":9710,"properties":{"id":9710,"name":"Lago di Lugano (ohne Campione, I)"},"arcs":[[-287,434,-238,-315,-320,-393,-397,-243,435,-350,-253,-310,-195,-335,-367,-296,-332,-366,-322,-292,-342,-290,436]]},{"type":"Polygon","id":9711,"properties":{"id":9711,"name":"Lago Maggiore"},"arcs":[[-180,-137,-155,-434,437,-125,-177,-108,-158,-175,-168]]}]},"lakes":{"type":"GeometryCollection","geometries":[{"type":"Polygon","id":9710,"properties":{"id":9710,"name":"Lago di Lugano"},"arcs":[[-238,-315,-320,-393,-397,-243,438,-350,-253,-310,-195,-335,-367,-296,-332,-366,-322,-292,-342,-290,439,-287,440]]},{"type":"Polygon","id":9711,"properties":{"id":9711,"name":"Lago Maggiore"},"arcs":[[-125,-177,-108,-158,-175,-168,-180,-137,-155,-434,441]]}]}},"arcs":[[[90968,53854],[2825,-813],[1001,-507],[1554,-1317],[89,-502],[966,-570]],[[97403,50145],[-647,-183],[-2112,215],[-594,-71],[-1241,399],[-1671,203],[-935,-47],[-529,135]],[[89674,50796],[-571,306],[-1237,72],[-814,675],[-64,792],[-678,441],[-1491,-113],[-392,89],[286,1191],[-209,80]],[[84504,54329],[74,344],[-529,634],[-70,685]],[[83979,55992],[-674,598]],[[83305,56590],[357,245],[489,-430],[1723,416],[470,-6]],[[86344,56815],[-441,-849],[383,-840],[2735,-958],[799,-514],[757,-44],[391,244]],[[89674,50796],[-857,47],[-1249,-459],[-586,-64]],[[86982,50320],[-1458,-114],[-1125,294]],[[84399,50500],[-1195,120],[-1323,-41],[-424,-224],[-1487,-163]],[[79970,50192],[476,1183],[360,425],[-3199,1815],[-541,210],[-1046,-99],[-1480,625],[-735,730]],[[73805,55081],[1171,-241],[1073,-338],[1605,109],[895,-158],[1404,102],[1497,-127],[1559,-246],[658,67],[734,-136],[103,216]],[[77053,45565],[-1132,-166],[293,-176]],[[76214,45223],[-477,-83],[-1330,66],[-1172,-319],[-356,434],[-1354,86],[-1090,448],[-232,401],[908,5],[399,151]],[[71510,46412],[-124,945],[-476,20],[17,309],[-1684,237]],[[69243,47923],[-201,487]],[[69042,48410],[649,77]],[[69691,48487],[978,87]],[[70669,48574],[150,-252],[541,4],[184,-251],[1214,181],[229,-206],[653,90],[255,-619],[471,136],[215,-443],[2472,-1649]],[[82203,48973],[872,-181],[1005,111],[66,-479],[-381,-906],[-83,-861]],[[83682,46657],[-936,-191],[-156,-184],[-1472,309],[-142,188],[-1615,-330]],[[79361,46449],[-25,408],[-614,811],[-757,160],[-456,-163],[-605,726]],[[76904,48391],[1745,573],[593,52],[337,-202],[1208,302],[1416,-143]],[[84399,50500],[-517,-427],[93,-226],[-747,-376],[-1039,-145],[14,-353]],[[76904,48391],[-932,-271],[-314,434],[-891,-252],[-214,339]],[[74553,48641],[818,196],[-175,506]],[[75196,49343],[678,93],[105,-230],[613,128],[-327,447],[1009,66],[2086,-12],[388,187]],[[79748,50022],[222,170]],[[83979,55992],[-622,52],[-176,-655],[-1211,-127],[-1179,380],[-1928,471],[-2550,328],[-767,519]],[[75546,56960],[1187,577],[1320,56],[673,160],[1134,-13],[1195,394]],[[81055,58134],[439,-598],[581,-427],[1230,-519]],[[73805,55081],[-79,413]],[[73726,55494],[1151,492],[669,974]],[[74553,48641],[-648,52],[-1088,-133],[-60,183],[-2088,-169]],[[69691,48487],[-152,354],[960,145],[-272,266],[180,423],[489,2244],[-247,315],[575,803]],[[71224,53037],[831,279],[770,-504],[355,-791],[709,-221],[285,-725],[999,-1158],[23,-574]],[[83682,46657],[306,-634],[557,312],[577,-41],[930,-373],[-2,-542],[751,-369],[431,52]],[[87232,45062],[-790,-960],[-380,-151],[-1402,289],[-1063,-160],[-940,268]],[[82657,44348],[-1133,201],[-1390,366],[-298,-45],[-1508,-693],[-284,-276],[-200,-762],[-220,52]],[[77624,43191],[-517,481],[-396,13],[-952,490],[219,850],[236,198]],[[77053,45565],[2308,884]],[[86344,56815],[257,382],[-117,428],[631,477],[88,469],[418,637],[-78,1637]],[[87543,60845],[145,-333],[1087,-578],[712,-815],[-213,-2463],[-649,-224],[441,-471],[652,205],[510,-980],[9,-431],[731,-901]],[[79836,60450],[-323,-344],[-1089,-411],[-178,-325],[-1732,110],[-1128,-284],[-871,-89],[-380,-391],[-2214,-874],[-813,501],[-462,72]],[[70646,58415],[97,674],[2064,710],[368,444],[143,-491],[922,118],[819,640],[591,-88],[675,409],[1655,-75],[431,155],[-156,469],[103,851],[689,318]],[[79047,62549],[45,-1340],[313,-636],[431,-123]],[[79748,50022],[-383,523],[173,186],[-692,139],[-784,474],[-2623,841],[-604,393],[-476,727],[-395,262],[-1767,173],[-706,334]],[[71491,54074],[133,612],[479,795]],[[72103,55481],[794,142],[829,-129]],[[86982,50320],[87,-390],[-891,-463],[177,-177],[-1260,-69],[-61,-294],[517,-8],[-125,-325],[612,113],[562,-125],[868,74],[307,-316],[-311,-323],[578,-610],[1017,-558],[-322,-1013],[-447,-395]],[[88290,45441],[-210,530],[-1453,984],[-2090,18],[-855,-316]],[[72103,55481],[-540,640],[-923,37]],[[70640,56158],[-1841,587]],[[68799,56745],[955,968],[-13,690]],[[69741,58403],[905,12]],[[79836,60450],[472,7]],[[80308,60457],[892,-281],[48,-376],[-360,-787],[167,-879]],[[97403,50145],[1759,-908],[837,-90],[-338,-796],[-925,-189],[-1127,-609],[-804,-190],[-212,-374],[-782,-569],[-738,-1106],[-991,28],[-1053,-321],[-1001,-531],[-1053,-192],[-501,-279],[-862,-178]],[[89612,43841],[-42,230],[-770,472],[-614,779]],[[88186,45322],[104,119]],[[71224,53037],[267,1037]],[[78462,82307],[593,-552],[-257,-524],[467,-614],[-44,-558],[392,-634],[-566,-560],[-959,-225],[-301,-1372],[-904,-2],[-519,-426],[-149,372],[-2287,749],[-630,-520],[-1381,416],[-1522,-734],[527,-149],[-1150,-218],[-907,-509]],[[68865,76247],[-603,297]],[[68262,76544],[-259,380],[-656,260],[-441,523],[-527,128],[-127,462],[-2792,2042],[-650,1076],[-449,213],[-354,740],[774,669],[-327,399],[-730,258],[354,503],[-90,671],[244,344],[-373,414]],[[61859,85626],[1070,3],[1453,375],[1662,78],[-38,-1021],[1008,-571],[618,-202],[2160,-8],[1413,1033],[1196,-46],[276,-510],[-1214,-1796],[1845,-203],[3216,-732],[874,368],[1064,-87]],[[84496,84535],[-428,132],[-2107,5],[-94,-704],[-417,-262],[-2321,-655],[-667,-744]],[[61859,85626],[-792,515],[-698,-67],[-708,435],[-946,213],[-706,319],[-2040,468],[-1115,-89],[-636,427],[-406,45],[-1653,-203],[-494,-378],[-664,49],[-750,344],[-634,512]],[[49617,88216],[561,559],[-311,431],[903,611],[-265,304],[493,497],[807,1502],[-819,690],[858,81]],[[51844,92891],[1982,-478],[3737,889],[278,-821],[1465,-56],[1455,749],[2815,542],[245,170],[1274,261],[740,322],[1859,521],[972,614],[146,478],[-1270,1050],[-230,638],[241,407],[567,338],[891,114],[574,354],[506,-198],[787,-34],[981,-261],[1276,637],[227,872],[637,-216],[715,-1337],[-437,-820],[342,-884],[493,122],[908,-121],[1370,677],[1522,317],[1363,-79],[671,-335],[624,-519],[588,4],[937,-456],[774,101],[-73,-651],[1194,-582],[121,-595],[-827,-149],[-247,-750],[-706,-425],[-414,-589],[0,-458],[-445,-392],[180,-318],[-693,-858],[318,-1493],[-655,-210],[459,-446],[381,-979],[-150,-720],[199,-487],[625,-496],[551,-138],[962,-921],[-153,-261]],[[84496,84535],[785,-375],[361,-496],[-324,-258],[1081,-485],[874,-64],[1675,437],[1519,-541],[-41,-484],[1096,-848],[195,-313],[-496,-1314],[-543,-521],[320,-745],[-62,-523],[1531,-1606],[173,-728],[-1520,-482],[742,-731],[-642,-459],[-510,-755]],[[90710,73244],[-602,-119],[-524,177],[-1338,171],[-906,390],[-1282,199],[-973,22],[-1434,390],[-995,-89],[-1351,141],[-1696,-841],[-1396,191],[-401,-686],[411,-28],[760,-434],[-151,-258],[565,-447],[-318,-270],[-1123,132],[-1589,567],[0,810],[-2008,199],[-1182,-616],[321,-798]],[[73498,72047],[-692,196],[-262,942],[-730,43]],[[71814,73228],[-1232,958],[-222,910]],[[70360,75096],[-570,506],[-525,205],[-400,440]],[[41564,93571],[-569,-196],[-1168,-150],[184,-522],[-297,-114],[-1149,-1230],[-1032,-643],[-288,-734],[-826,-472],[190,-201],[-561,-1385],[-448,-330],[-464,14],[-285,-622],[-605,77],[-528,-242],[886,-419],[178,-239],[-1699,-762],[-761,-913]],[[32322,84488],[-1033,128],[-786,389],[-1304,145],[-1352,376],[-2225,-106],[-264,-574],[-486,-149],[-1707,-213],[-437,94]],[[22728,84578],[-433,432],[-156,1054],[-390,641],[-219,-55],[-284,610],[-931,685],[820,237],[-179,267],[-1399,1122],[-1895,169]],[[17662,89740],[-242,865],[-414,505],[209,407],[-336,402],[466,570],[509,324],[-134,626],[153,519],[496,54],[147,386],[660,356],[1016,243],[1172,-518],[834,-141],[1297,62],[1098,257],[518,-220],[500,-511],[1182,-390],[1394,17],[1288,154],[450,350],[1494,-209],[434,-298],[-152,-265],[277,-589],[496,-156],[1741,141],[1320,546],[1058,649],[2441,427],[892,-87],[750,153],[592,-207],[296,-591]],[[22728,84578],[-285,-497],[83,-930],[-474,-218],[-744,-633],[-1284,-461]],[[20024,81839],[-575,344],[-946,181],[-224,294],[-792,-266],[-1142,-605],[-1310,-154],[-210,178],[-1667,-373],[32,-422],[-1062,-301],[-1128,-135],[-741,-543]],[[10259,80037],[-1178,518],[-135,402],[-729,514],[-964,-110],[-59,163],[-2195,-352],[-496,-238],[-1282,-65],[-628,-376],[-765,-5],[-460,-355],[-1050,70],[-318,840],[449,226],[-52,409],[906,261],[-426,597],[-409,246],[1127,1030],[-389,725],[84,345],[832,-54],[294,-206],[1283,45],[424,214],[677,-230],[1549,483],[1454,-175],[287,168],[849,1193],[521,49],[581,321],[741,702],[869,623],[687,204],[-62,275],[647,499],[1016,75],[566,185],[1355,68],[242,148],[1560,271]],[[71814,73228],[-63,-342],[-597,-496],[-889,-353],[330,-224],[-491,-263],[482,-192],[-465,-350]],[[70121,71008],[-1011,421],[-919,70],[-25,323],[-727,363],[-633,64],[-144,-390],[-867,336]],[[65795,72195],[569,574],[-219,171],[626,206]],[[66771,73146],[992,26],[801,359],[789,1099],[1007,466]],[[41812,80341],[706,653]],[[42518,80994],[1470,-103],[640,310],[1531,-282],[1363,165],[584,306],[919,-188],[-275,339],[-58,609],[353,439],[78,672],[866,688]],[[49989,83949],[1050,-774],[1004,-151],[45,-348],[493,-162],[-130,-343],[936,-79],[-224,-600],[-2020,-202],[-193,-415],[-501,-250],[304,-682],[1609,-650],[-531,-576],[-1034,-595],[-982,-210],[-744,853],[-21,220],[-1047,383],[-1757,97],[-487,379],[-3947,497]],[[68262,76544],[-806,-257],[-2324,-1131],[94,-189],[-686,-215]],[[64540,74752],[-1322,746],[-1016,1148],[-668,406],[-824,85],[239,-407],[-295,-84],[345,-754],[-41,-411],[-561,137],[-729,-309],[-279,-373],[-648,-369],[-449,-771],[1134,-388],[-327,-724],[-469,-306],[-1105,-274]],[[57525,72104],[-1817,606],[-359,422],[-1366,69],[-296,181],[-1528,393]],[[52159,73775],[-662,-52],[-1230,417],[-1557,189],[-374,447],[-558,277],[-1479,55]],[[46299,75108],[-350,1202],[-158,1162],[-1573,271],[-348,478],[-1828,761],[-343,471],[113,888]],[[49989,83949],[-2917,267],[-669,834]],[[46403,85050],[766,244],[461,757],[-481,178],[142,303],[-39,981],[575,299],[-11,378],[1801,26]],[[64540,74752],[524,-436],[623,-258],[1084,-912]],[[65795,72195],[-369,321],[-973,-714],[-1000,-330],[-764,-111],[-1561,-735],[-1821,-198]],[[59307,70428],[-1128,195],[-407,192],[211,332],[-458,957]],[[70121,71008],[653,-557],[2160,-555],[549,-306]],[[73483,69590],[-3968,-2340],[-1351,-1597],[-1116,-309],[-564,-1030]],[[66484,64314],[-1377,-270],[-539,0],[31,613],[-351,337],[-648,153],[-622,585],[-949,117],[-1367,-55],[-862,642]],[[59800,66436],[174,350],[1412,807],[-50,454],[344,151],[25,712],[-1240,270],[-1158,1248]],[[73498,72047],[519,-349],[1124,-156],[-354,-303],[-564,-1168],[-740,-481]],[[42518,80994],[-640,555],[-616,1032],[-1463,318]],[[39799,82899],[452,430],[1729,709],[472,583],[1246,218],[919,498],[1178,-395],[608,108]],[[39799,82899],[-269,-232],[-1045,145],[-1976,761],[-841,-134],[-1553,100],[-382,320],[-984,294],[-427,335]],[[41564,93571],[1571,-295],[1341,657],[1431,-539],[832,64],[672,379],[1081,-303],[362,87],[2990,-730]],[[53195,46931],[-424,-342],[-570,-104],[-896,99],[-989,376],[-884,532],[-1862,-445],[-1538,-262]],[[46032,46785],[25,326],[800,279],[-1604,349],[-2325,-153],[-2614,-835]],[[40314,46751],[92,143]],[[40406,46894],[2457,800]],[[42863,47694],[3721,226],[921,178],[2233,186],[793,502]],[[50531,48786],[774,-440],[1890,-1415]],[[49120,66390],[262,-775],[1071,-429],[286,-618],[508,-505],[1094,173],[807,-118],[667,262],[843,-28],[-239,-363],[1280,-1428],[1101,58]],[[56800,62619],[489,49],[-74,-392],[816,-764],[-71,-296],[-1282,5],[-1344,-836],[186,-152],[-910,-310],[-879,-1039],[-104,-551],[-564,-283],[-545,-553]],[[52518,57497],[-618,-134],[-848,241],[-824,1389]],[[50228,58993],[437,973],[-1340,1132],[-1227,176],[-336,219],[36,496],[-1793,700],[-490,272],[-383,728],[-2205,800],[-955,23],[-2337,718],[-58,477],[-643,137],[-424,375]],[[38510,66219],[236,593],[952,387],[493,1560],[1371,501],[1059,202]],[[42621,69462],[258,-652],[867,-915],[1025,-473],[1402,-53],[488,-492],[1078,-470],[1381,-17]],[[57128,52196],[-91,-490],[1414,-594]],[[58451,51112],[98,-216],[-1934,17],[-1341,-470],[-300,557],[813,158],[-342,663],[465,233],[-1383,587],[-859,146],[-1085,-42]],[[52583,52745],[169,656]],[[52752,53401],[1577,48],[2233,-507],[566,-746]],[[40314,46751],[96,-156],[1181,-484],[858,-581],[1057,-428]],[[43506,45102],[-791,-1399],[-680,-518],[-73,-256],[-799,-562],[-534,-701]],[[40629,41666],[-1495,69],[-610,438],[-147,448],[-1521,-95],[-1428,376],[-165,368],[-1064,805]],[[34199,44075],[1187,125],[773,1310],[687,172],[-241,521],[628,734],[811,5],[586,197],[734,-234],[1042,-11]],[[59558,57364],[-258,-811],[300,-631],[1044,-873]],[[60644,55049],[-994,-64],[-791,229],[-1680,240],[-648,279],[-846,149],[-750,-83],[-273,-274],[-1175,-90]],[[53487,55435],[-351,429],[273,892]],[[53409,56756],[1322,535],[682,496],[479,-142],[1003,39],[1446,-277],[306,165],[907,32],[4,-240]],[[59800,66436],[-1243,347],[-606,-93],[-697,218],[-1377,79],[-887,-174],[-740,134],[-3525,443]],[[50725,67390],[531,749],[1166,436],[372,1160],[480,410],[490,737],[-319,1100],[-1159,413],[-127,1380]],[[63937,52060],[325,-557],[-333,-632],[338,-271]],[[64267,50600],[-260,-549]],[[64007,50051],[-1226,169],[-214,-1046],[-417,-224],[-797,-9]],[[61353,48941],[-20,424]],[[61333,49365],[268,592],[-176,239],[-1761,750],[-117,535],[554,896]],[[60101,52377],[697,733]],[[60798,53110],[272,-216],[1315,-197],[1552,-637]],[[25180,54660],[-1329,217]],[[23851,54877],[290,820],[24,1249],[1401,-556],[-386,-1730]],[[33233,56387],[-345,-680],[-1535,-617],[-1036,-80],[-255,-237],[-2341,-725]],[[27721,54048],[1528,1213],[-28,293],[-631,114],[150,228],[-742,343],[-323,441],[-786,528],[856,0],[403,914],[-198,1071]],[[27950,59193],[2050,-407],[847,-47],[635,-869],[-16,-631],[1066,-390],[701,-462]],[[66470,49747],[-2463,304]],[[64267,50600],[2123,-261],[80,-592]],[[66484,64314],[1468,-482],[160,-435]],[[68112,63397],[-365,-239],[-325,-621],[-176,-1484],[275,-394],[550,-174],[256,-356],[-182,-759],[178,-532],[656,-365],[762,-70]],[[68799,56745],[-557,-83],[-1607,238],[-982,-23],[-350,394],[-625,105],[-1378,-36],[-810,403],[-854,-356],[-344,214],[-890,89],[-94,-355],[-750,29]],[[53409,56756],[-891,741]],[[56800,62619],[570,622],[56,773],[616,155],[500,724],[1147,761],[-97,589],[208,193]],[[66470,49747],[991,-127],[1294,195],[-670,-1066],[288,-471],[669,132]],[[69243,47923],[-91,-414],[-886,61],[-624,550],[-413,-351],[-1045,91],[-3477,-402],[-31,-413],[-449,17]],[[62227,47062],[-235,448],[-242,-294],[-633,7],[29,405],[1000,9],[-1211,220],[-22,317],[959,399],[-1069,-200],[550,568]],[[52478,52109],[-147,-1136],[-261,-393],[479,-716],[502,-205]],[[53051,49659],[940,-407]],[[53991,49252],[383,-817],[-260,-1413],[-919,-91]],[[50531,48786],[136,86],[-1735,969],[-986,751]],[[47946,50592],[-633,333],[671,142],[34,336]],[[48018,51403],[1884,8],[-415,333],[1102,-107],[627,549],[1262,-77]],[[42863,47694],[-552,529],[405,67],[422,520],[-18,535],[307,254],[135,560]],[[43562,50159],[1194,-35],[711,325],[915,115],[932,-205],[632,233]],[[60644,55049],[432,-331],[103,-443],[-381,-1165]],[[60101,52377],[-1723,133],[-27,-240],[-781,-174],[-442,100]],[[52752,53401],[-227,223],[738,646],[515,683],[-291,482]],[[58451,51112],[856,-247],[415,-498],[-338,-766]],[[59384,49601],[-330,462],[-1161,131],[-664,-408],[-1176,-324],[-975,-128]],[[55078,49334],[-429,818]],[[54649,50152],[-596,418],[-284,557],[-708,400],[-153,467],[-430,115]],[[52478,52109],[105,636]],[[33659,54040],[561,-233],[-67,-258],[439,-1185],[730,-662],[-254,-783]],[[35068,50919],[-2047,-407],[-1504,-97],[-630,124],[-762,-140]],[[30125,50399],[-504,1483],[108,526],[703,-98],[939,239],[432,-73],[172,355],[-761,812],[784,538],[1107,-271],[554,130]],[[55078,49334],[-1087,-82]],[[53051,49659],[1598,493]],[[46032,46785],[-874,-230],[-533,-607],[-982,-593],[-137,-253]],[[50725,67390],[-1605,-1000]],[[42621,69462],[-231,537],[665,168],[1090,583],[881,1031],[349,148],[63,527],[-523,440],[-46,579],[281,472],[496,259],[653,902]],[[61333,49365],[-653,-625],[-1296,861]],[[24061,59887],[582,-230],[2289,-496],[1018,32]],[[27721,54048],[-739,195],[-818,423],[-984,-6]],[[23851,54877],[-1208,175],[-1001,2],[-402,-210],[-577,66],[-427,-233],[-900,-168]],[[19336,54509],[-1380,389],[-621,-192],[-909,168],[-1011,485],[-1936,460],[-1184,17],[-1203,297],[-284,353],[-305,913]],[[10503,57399],[1345,583],[286,349],[630,-163],[2552,172],[461,582],[562,125],[1174,-123],[1007,100],[421,182],[1906,161],[747,156],[622,476],[1052,-139],[793,27]],[[70640,56158],[-921,-1669],[-218,-719],[-630,5],[-553,-250],[-1932,-290],[-322,-175],[-907,150],[-900,-356],[-92,-653],[-228,-141]],[[34371,55913],[-524,-849],[-188,-1024]],[[30125,50399],[-1433,-464],[-1597,51],[-768,-213],[-1430,611],[-783,-415]],[[24114,49969],[-746,783],[-1270,226],[-105,671],[-1554,580],[-611,734],[-492,1546]],[[33233,56387],[287,-245],[851,-229]],[[41685,53086],[-610,-684],[-1192,-293],[-180,-339],[241,-492]],[[39944,51278],[-4303,-241],[-573,-118]],[[34371,55913],[1202,278],[459,-353],[1238,66],[643,-494],[1308,-355],[569,93],[698,-239],[435,-1047],[862,-317],[-100,-459]],[[68103,31011],[-793,-790],[202,-221]],[[67512,30000],[-769,-381],[-387,56],[-459,-439]],[[65897,29236],[-673,-63]],[[65224,29173],[-390,172]],[[64834,29345],[487,372],[84,460]],[[65405,30177],[1228,1294],[282,680],[1107,-830],[-503,-425],[584,115]],[[64862,34253],[-671,-404],[-48,-803],[351,-994],[-71,-314]],[[64423,31738],[-615,0],[-796,-355]],[[63012,31383],[-897,543]],[[62115,31926],[-294,191]],[[61821,32117],[833,1299]],[[62654,33416],[1098,430],[513,469],[597,-62]],[[78333,27397],[-291,-167],[711,-420],[2529,-629],[127,-1042],[323,-177],[-668,-621]],[[81064,24341],[-1603,151],[-770,-208],[-1702,227],[103,-198]],[[77092,24313],[-934,-89]],[[76158,24224],[232,984],[-73,423],[341,425],[-321,273]],[[76337,26329],[488,996],[-406,543],[284,740]],[[76703,28608],[83,-199],[1333,-361],[214,-651]],[[57070,32959],[347,-208]],[[57417,32751],[506,-424],[-503,-143],[562,-550],[-153,-245]],[[57829,31389],[-659,195],[-531,-430],[-375,-45],[-818,314],[-1877,246],[-191,184]],[[53378,31853],[1110,1075],[1803,381]],[[56291,33309],[779,-350]],[[70325,36682],[-491,-243],[-273,-445],[45,-514]],[[69606,35480],[-1480,39]],[[68126,35519],[128,940],[-467,282],[-585,951]],[[67202,37692],[1727,-872],[1396,-138]],[[60050,31286],[57,-537],[794,-216],[-24,-996]],[[60877,29537],[-666,-128]],[[60211,29409],[-306,158],[279,438],[-294,723],[-396,12],[-493,-426],[-464,326],[-1105,-112]],[[57432,30528],[508,701]],[[57940,31229],[526,931]],[[58466,32160],[1549,-553],[35,-321]],[[57070,32959],[774,481]],[[57844,33440],[-427,-689]],[[67557,34714],[722,-984],[187,-774],[1634,-190]],[[70100,32766],[147,-190]],[[70247,32576],[-593,-443],[-977,-960],[-7,-213]],[[68670,30960],[-567,51]],[[65405,30177],[-58,182],[-878,167],[-1719,94]],[[62750,30620],[386,485],[-124,278]],[[64423,31738],[636,-385],[452,99],[178,557],[605,-168],[33,375],[514,3],[441,514],[-511,131],[215,1288],[-825,-223],[236,628]],[[66397,34557],[425,289],[735,-132]],[[76158,24224],[-1429,-309]],[[74729,23915],[114,928],[-297,320],[-487,38],[64,440],[799,-59],[355,877]],[[75277,26459],[1060,-130]],[[73200,23475],[-219,-402],[487,-202],[133,-1160],[-83,-358],[-490,-283]],[[73028,21070],[-778,-204],[-733,403],[-352,-458],[-781,27],[-1163,-326]],[[69221,20512],[-522,596]],[[68699,21108],[1531,574],[295,471],[470,163],[331,512],[654,219],[763,515],[457,-87]],[[64862,34253],[388,-171],[1147,475]],[[71669,34799],[-138,-418],[293,-407]],[[71824,33974],[-736,12],[-949,-237]],[[70139,33749],[23,497]],[[70162,34246],[744,386],[-142,242],[905,-75]],[[75908,35558],[172,-318],[-109,-1314],[-866,-459]],[[75105,33467],[-12,315],[-791,307]],[[74302,34089],[302,493],[657,623],[-134,481]],[[75127,35686],[781,-128]],[[65891,27755],[-1179,-484],[-73,-217],[497,-558],[-626,-390],[-899,-70],[-871,287],[471,687],[-570,412],[-637,-211]],[[62004,27211],[-94,184]],[[61910,27395],[1481,751],[515,468]],[[63906,28614],[849,-483],[1136,-376]],[[74302,34089],[-604,-173],[-951,28]],[[72747,33944],[342,1586]],[[73089,35530],[993,374]],[[74082,35904],[1045,-218]],[[60211,29409],[149,-274]],[[60360,29135],[790,-512],[6,-782]],[[61156,27841],[-475,-172],[-20,-411]],[[60661,27258],[-1281,822],[-68,385],[-1494,727],[-1036,-41]],[[56782,29151],[235,635],[303,135]],[[57320,29921],[112,607]],[[72747,33944],[-465,-294]],[[72282,33650],[-458,324]],[[71669,34799],[46,410]],[[71715,35209],[759,73],[615,248]],[[60877,29537],[83,-233],[-600,-169]],[[62750,30620],[-68,-222]],[[62682,30398],[-224,-265],[351,-478]],[[62809,29655],[-844,106],[-1088,-224]],[[60050,31286],[1404,-203],[662,80],[284,434],[-285,329]],[[57940,31229],[-111,160]],[[57844,33440],[257,-709],[395,-143],[-30,-428]],[[70174,27690],[488,-107],[52,-710],[-770,-714],[-198,811],[-328,-127]],[[69418,26843],[545,857],[211,-10]],[[69606,35480],[465,-880]],[[70071,34600],[-655,182],[-1004,36]],[[68412,34818],[-286,701]],[[71084,36630],[-11,-464],[736,-585],[-94,-372]],[[70162,34246],[-91,354]],[[70325,36682],[759,-52]],[[76703,28608],[-177,34]],[[76526,28642],[983,560],[2947,716],[427,351],[1001,127],[822,240]],[[82706,30636],[433,-813],[-727,-119],[-35,-343],[-595,-214],[-832,50],[-7,-524],[-915,-388],[-1161,84],[-16,-971],[-518,-1]],[[88795,43477],[2122,-3032],[78,-374],[-682,-904],[-734,-422],[-19,-1067],[-564,-308],[-1768,-197],[-1294,196],[-677,-387],[-687,2],[-1383,-661],[-844,-4],[-616,-312],[-42,-744],[-988,-646],[-261,-802],[206,-357],[1803,-1169]],[[82445,32289],[-1211,-491],[-1274,-826],[-1464,-61],[-1510,-457],[-894,99],[-614,502],[-633,-52],[-163,-236],[-498,144],[-721,-103],[-622,-984]],[[72841,29824],[-1113,-519],[209,-276],[563,-36],[868,-374],[541,180]],[[73909,28799],[39,-908]],[[73948,27891],[-576,80],[-951,-762],[-244,-378],[107,-693],[-385,-713],[-535,-374],[-628,-853]],[[70736,24198],[-684,-338],[-1017,226]],[[69035,24086],[50,97],[-2033,644]],[[67052,24827],[-57,619],[-429,1181]],[[66566,26627],[690,100],[-291,-307],[748,-475],[88,411],[445,-90],[269,355],[421,-160],[482,382]],[[70174,27690],[216,520],[-721,429],[893,662],[983,86],[29,505]],[[71574,29892],[581,647],[-629,222],[-244,533],[-625,-601],[-545,-291]],[[70112,30402],[-1442,558]],[[70247,32576],[570,-189]],[[70817,32387],[870,-219]],[[71687,32168],[-486,-310],[570,-455],[690,117],[739,518],[-173,289]],[[73027,32327],[42,365],[486,387]],[[73555,33079],[506,-80],[1044,468]],[[75908,35558],[767,1069],[-154,378],[372,688],[1270,687],[1606,287],[654,393],[1281,247],[-40,539],[647,-47],[416,230],[-92,591]],[[82635,40620],[366,336],[-136,436]],[[82865,41392],[631,947],[496,445],[820,157],[1411,40]],[[86223,42981],[1038,401],[1089,224],[445,-129]],[[65897,29236],[100,-674],[-106,-807]],[[63906,28614],[450,307],[868,252]],[[70139,33749],[180,-304],[-219,-679]],[[67557,34714],[855,104]],[[76470,23361],[-545,-540]],[[75925,22821],[-733,359],[-118,515],[-345,220]],[[77092,24313],[-277,-212],[62,-465],[-407,-275]],[[71687,32168],[1131,237],[209,-78]],[[81400,22460],[-289,-699]],[[81111,21761],[-1975,-1281],[-462,163],[-921,21],[-648,263]],[[77105,20927],[112,447],[-750,889],[-72,337],[-470,221]],[[76470,23361],[676,-540],[636,-61],[426,231],[817,-41],[-4,-370],[487,-318],[863,9],[1029,189]],[[73948,27891],[-773,-725],[-223,-1243],[789,-255],[-103,-464],[-974,20],[-587,-211],[-218,-571],[-530,-633]],[[71329,23809],[-593,389]],[[72296,40944],[-636,-892]],[[71660,40052],[-426,-170],[-1685,-84],[-687,53],[-571,-162],[-1590,226],[-783,483],[-1271,350],[360,434],[-1445,933],[1148,380],[649,-150],[2087,-26],[694,326],[609,58],[684,-487],[1171,-80],[-70,-480],[518,-77],[1244,-635]],[[61821,32117],[-282,13],[-611,650],[-621,342],[-1348,489],[-1330,375],[-268,290]],[[57361,34276],[237,813],[354,-114],[357,352]],[[58309,35327],[931,-97],[1250,-439],[1223,-220],[355,-360],[1,-514],[585,-281]],[[56782,29151],[-755,87],[-480,256],[-2711,145],[-352,-325],[-541,29],[922,2059]],[[52865,31402],[991,-100],[342,-231],[-160,-364],[919,-356],[664,-36],[257,-290],[1442,-104]],[[69035,24086],[-387,-381],[-371,-1129],[439,-235],[538,112],[690,412],[250,-71]],[[70194,22794],[-877,-548],[-889,-296],[-2151,1220],[327,906],[448,751]],[[70112,30402],[674,-65],[-364,-280]],[[70422,30057],[-1061,-155],[-1258,-395]],[[68103,29507],[-591,493]],[[63906,28614],[-1097,1041]],[[62682,30398],[251,-493],[569,-288],[937,-54],[-95,-377],[490,159]],[[56291,33309],[1070,967]],[[73396,36654],[335,-207],[-25,-402],[376,-141]],[[71084,36630],[164,448]],[[71248,37078],[444,-270],[691,83],[1013,-237]],[[72841,29824],[1031,-413],[37,-612]],[[71248,37078],[-293,604],[566,527]],[[71521,38209],[268,74],[-861,369]],[[70928,38652],[-23,583]],[[70905,39235],[1021,-469],[212,-776],[1248,-466],[10,-870]],[[89612,43841],[-817,-364]],[[86223,42981],[-401,444],[-329,-142],[-1042,72],[-304,256],[-404,-379],[-1012,100],[-74,1016]],[[87232,45062],[453,281],[501,-21]],[[62004,27211],[-544,-409]],[[61460,26802],[-799,456]],[[61156,27841],[754,-446]],[[73555,33079],[-318,101],[-1543,-485]],[[71694,32695],[588,955]],[[81064,24341],[300,-346],[986,-343],[-397,-1003]],[[81953,22649],[-553,-189]],[[70817,32387],[877,308]],[[52865,31402],[513,451]],[[71574,29892],[-1152,165]],[[71521,38209],[-593,443]],[[82865,41392],[-230,-772]],[[70905,39235],[1049,532],[-294,285]],[[72296,40944],[31,188],[767,-266],[1225,414],[1091,993],[738,184],[1476,734]],[[67202,37692],[-620,637],[-1169,-140],[-1162,620],[-576,724]],[[63675,39533],[1324,52],[128,-713],[570,-125],[1106,267],[1781,-477],[2937,-328]],[[71329,23809],[-1135,-1015]],[[66566,26627],[-250,498],[354,668],[753,654],[680,1060]],[[58309,35327],[-918,340],[801,472],[1228,-302],[1350,1441],[-326,1535]],[[60444,38813],[504,10],[633,681],[641,275]],[[62222,39779],[868,-49],[585,-197]],[[62222,39779],[-247,790],[526,780],[-263,587],[684,67],[692,1327],[1431,1586],[435,74],[423,747],[-7,317],[452,599],[1036,10],[964,-184],[3162,-67]],[[80796,14351],[460,-124],[-339,-223],[458,-501],[976,-329]],[[82351,13174],[-936,-750],[389,-331],[-2117,292]],[[79687,12385],[351,856],[-1357,392],[208,102]],[[78889,13735],[341,140],[302,575]],[[79532,14450],[868,-264],[396,165]],[[83319,22428],[-87,-250],[-630,-245],[-348,271],[-646,-382],[8,-355],[458,-587],[-790,-411],[75,-221],[791,-381],[-210,-242],[482,-453],[20,-396],[466,22],[1326,513],[756,-37],[-227,-818],[-605,-240],[-58,-388],[-508,-217],[169,-349],[-960,-463],[145,-608],[-982,-608],[-655,-743]],[[81309,14840],[-513,-489]],[[79532,14450],[81,439],[-1101,21],[-1115,203]],[[77397,15113],[-183,184],[765,269],[215,388],[558,290],[532,-194],[-53,370],[1437,785],[279,990],[-184,695],[515,518],[-123,441],[-725,1130],[352,195],[703,-30],[-374,617]],[[81953,22649],[966,36],[400,-257]],[[82640,13048],[1431,-160]],[[84071,12888],[252,-474],[-647,-1105],[278,-240],[-346,-241],[-1235,132],[-571,-422],[-1750,202],[-766,317],[-554,-97],[388,1367]],[[79120,12327],[567,58]],[[82351,13174],[289,-126]],[[78889,13735],[-1239,324],[-475,-355],[-626,470],[-715,177],[-315,487]],[[75519,14838],[798,345],[1080,-70]],[[75519,14838],[-513,-501],[-573,-221],[278,-377],[-867,-427]],[[73844,13312],[-1208,-77]],[[72636,13235],[-244,295],[1112,581],[290,421],[-2113,1004]],[[71681,15536],[770,346],[-494,350],[-590,-260],[-289,508],[-353,1398],[-662,760],[-324,13],[-389,499],[477,468],[-606,894]],[[73028,21070],[1441,-1750],[372,-1028],[336,-414],[1050,490],[-264,557],[309,265],[193,958]],[[76465,20148],[316,65],[324,714]],[[83919,14467],[-522,-362],[317,-310],[-1074,-747]],[[81309,14840],[905,57],[408,-332],[330,87],[967,-185]],[[79120,12327],[-382,-81],[-977,551],[-606,-334],[-714,82],[-380,-441],[-1543,427],[114,319],[-765,262],[-23,200]],[[73200,23475],[2081,-951],[575,-679],[-58,-751],[269,-398],[-145,-374],[543,-174]],[[72636,13235],[-1658,-418],[-616,-610],[-1108,91],[-1099,-402],[244,1292],[2387,2034],[895,314]],[[83919,14467],[983,-195],[1199,364]],[[86101,14636],[-107,-362],[-1262,-612],[-661,-774]],[[83319,22428],[912,-11],[831,143],[765,-755],[1424,76],[-163,-538],[1208,-414],[1038,-143],[-151,-593],[198,-741],[1281,326],[253,-592],[-476,-105],[-456,-457],[-468,29],[199,-374],[-216,-395],[-727,-305],[-744,-752],[-1196,-37],[-1013,-1367],[283,-787]],[[90710,73244],[456,-576],[569,-1161],[-329,-592],[229,-392],[-235,-721],[-505,-506],[-34,-360],[-841,-131],[-1620,-535]],[[88400,68270],[-2962,268],[-1250,-298],[-1203,117],[-616,235],[-1357,-402],[-819,-992],[108,-238],[-1598,-412],[-985,31],[-1074,-343]],[[76644,66236],[-175,458],[-1123,1411],[-422,389],[-399,5],[-1042,1091]],[[86510,62930],[-90,-304],[482,-1095],[641,-686]],[[80308,60457],[713,268],[-603,672],[445,345],[2341,585],[982,374],[834,465],[804,52],[686,-288]],[[87943,66125],[1204,-1038],[-378,-664],[-542,-158],[-962,-1068],[-755,-267]],[[79047,62549],[-359,685],[-483,408]],[[78205,63642],[2078,139],[1541,918],[142,242],[1526,505],[246,346],[2807,475],[1398,-142]],[[76644,66236],[-922,-384],[-1143,-118],[-1059,-440],[-1857,-1209],[-9,-186],[-3542,-502]],[[76644,66236],[312,-1583],[529,-905],[720,-106]],[[88400,68270],[-369,-791],[408,-427],[-758,-581],[262,-346]],[[17815,67451],[665,-1051],[-825,-2076],[-2295,-269]],[[15360,64055],[-794,-48],[-819,187],[-921,-85],[-1075,-481],[-604,100],[-929,-345],[-271,136],[-1563,-5],[-887,424]],[[7497,63938],[-197,311],[350,341],[-40,606],[293,423],[1323,201],[226,647],[520,160],[649,591],[-119,1194]],[[10502,68412],[1047,-387],[1272,4],[1890,-348],[802,137],[1271,-137],[369,-274],[662,44]],[[15360,64055],[1997,-1057],[787,456],[1021,-611],[665,-120],[452,-317],[85,-632],[1176,-558],[1004,-83],[538,167]],[[23085,61300],[1051,-405],[550,-27]],[[24686,60868],[-625,-981]],[[10503,57399],[-1208,292],[-1293,181],[-334,602],[763,391],[85,374],[954,265],[-786,1155],[-1988,1491],[-66,445],[-778,701],[610,430],[1035,212]],[[22863,66973],[-113,-692],[542,-1007],[715,-769],[847,-543],[-400,-954],[-871,-457]],[[23583,62551],[-223,-759],[-404,-125],[129,-367]],[[17815,67451],[1381,333],[771,388],[913,-272],[1526,-860],[457,-67]],[[20024,81839],[-725,-471],[-139,-289],[531,-198],[291,-447],[405,-15],[1055,-582],[-100,-432],[-689,-1179],[649,-710],[-60,-419],[1313,-374],[987,-513],[-236,-638],[1084,-293],[568,-715],[-248,-1112],[797,-238],[1314,-629],[891,50],[1220,330],[392,-102],[933,-666],[-1100,-1176],[-97,-645],[-567,-418],[1622,-1193],[864,457],[1306,99],[561,216],[649,-1267],[1058,-465],[574,-430],[1197,-239],[2186,-917]],[[38510,66219],[-2025,-109],[-584,-422],[-1621,96],[-800,-220],[-1329,-110],[-1389,182],[657,-462],[-1116,-499],[776,-689],[-51,-563],[-2279,-966],[-120,-264],[-615,-76],[-677,-703],[-1229,-444],[-1157,29],[-265,-131]],[[23583,62551],[2296,309],[184,-294],[622,366],[-96,298],[497,383],[-350,1009],[-299,423],[271,485],[-951,389],[-1248,1040],[-891,-142],[-755,156]],[[10502,68412],[-286,971],[391,506],[703,431],[-423,669],[-60,1300],[-698,738],[1306,1003],[-972,756],[-28,359],[645,604],[-664,653],[-613,255],[-202,338],[419,869],[-335,428],[776,483],[343,411],[-619,372],[74,479]],[[50228,58993],[-571,-11],[-585,-329],[-1244,-293],[-810,130],[-746,-594],[-475,-683],[500,-318],[-1117,-879],[-536,-550],[1549,-758],[-100,-320],[655,-102],[-699,-415],[38,-803]],[[46087,53068],[-980,14],[-405,-144],[-1364,112],[-602,-73],[-1051,109]],[[48018,51403],[-540,744],[-529,47],[-655,314],[-207,560]],[[43562,50159],[-1189,209],[-1778,-100],[-440,341],[-211,669]],[[34199,44075],[-3518,-206],[-1148,19],[-260,582],[-6,647],[-646,261],[-276,331],[-1200,514],[76,392],[775,322],[375,688],[-1903,103],[-12,526],[-512,192],[-611,-143],[-734,336],[-485,1330]],[[60444,38813],[-658,69],[-589,432],[-1140,319],[-935,737],[-1387,847],[-1211,433],[-798,-727],[-2157,-57],[-1908,720],[-901,79],[-714,404]],[[48046,42069],[401,65],[1100,622],[461,410],[996,475],[647,557],[1513,459],[1339,825],[2013,494],[1703,121],[746,457],[665,-47],[974,257],[257,234],[1366,64]],[[76526,28642],[-1311,113],[-1080,-2108],[1142,-188]],[[68699,21108],[-239,370],[-879,2],[-1437,1001],[-451,572],[72,548],[457,519],[-24,1424],[-392,464],[-1975,-262],[-430,300],[-972,229],[-333,436],[-636,91]],[[82445,32289],[261,-1653]],[[48046,42069],[-1715,1878],[-2308,-1300],[-1221,-1438],[-2173,457]],[[68699,21108],[-719,-221],[-958,-949],[-689,255],[392,866],[-115,555],[-1094,566],[-401,973],[345,946],[428,420],[-468,430],[-97,634],[-1628,-71],[-285,458],[-993,139],[-785,335],[-172,358]],[[82445,32289],[1216,528],[2057,370],[594,-136],[1993,-34],[2761,83],[1041,285],[664,446],[1707,596],[872,-500],[251,-438],[-1222,-707],[-1434,-585],[-107,-196],[-1516,-594],[-942,91],[-339,-144],[-825,178],[-2981,255],[-1279,34],[-2250,-1185]],[[76526,28642],[-411,-393],[-35,-593],[-594,-388],[-209,-809]],[[48046,42069],[-334,-116],[-1633,16],[-503,-133],[-344,-966],[-1672,-952],[-115,-553],[991,-870],[352,-497],[-223,-829],[480,-696],[71,-970],[-165,-621],[276,-221],[925,-208],[590,-321],[653,-1015],[-7,-830],[-982,-1236],[-1471,-877],[-895,0],[-915,-663],[-821,-249],[-191,-928],[-475,-371],[-1383,-797],[-1109,-494],[-666,-152],[-2387,-1065],[-237,-196],[7,-978],[-706,-360],[-863,-11],[-1126,-573],[-966,-802],[-2073,-614],[-749,-765],[1091,-538],[-847,-314],[-1525,-7],[-718,-844],[-188,-907],[509,-183],[298,-695],[-381,-688],[619,-431],[542,-855],[-8,-316],[633,-510],[26,-307],[525,-182],[499,84],[47,-762],[352,-497],[93,-901],[372,-370],[-78,-473],[-969,-338],[-591,224],[-91,-355],[-706,-429],[140,-1010],[-274,-353],[-1225,-701],[-1261,-127],[-1349,339],[-530,-26],[-589,-401],[40,-415],[-587,-1023],[-18,-732],[1021,-859],[1129,158],[841,-116],[-919,-367],[5,-475],[663,-599],[-7,-306],[1073,-89],[501,-1131],[252,-1149],[686,251],[389,-231],[-260,-512],[870,-224],[720,358],[172,-366],[658,-136],[547,-320],[-1161,227],[-2673,172],[-1460,-293],[-622,984],[-117,614],[-487,380],[-1112,494],[-222,417],[195,522],[-658,164],[-72,696],[-1952,1111],[-337,418],[-366,1327],[-20,574],[-355,359],[771,1120],[46,554],[406,381],[509,-191],[849,200],[272,314],[600,173],[206,295],[-94,910],[1101,999],[-497,1369],[-332,1347],[-510,835],[-763,659],[-589,321],[-2142,552],[-820,363],[-1321,228],[-1738,1547],[44,494],[-272,437],[-1617,1023],[-1387,554],[145,325],[589,371],[1485,383],[991,-205],[37,197],[-1352,347],[499,75],[1355,-258],[542,-232],[2441,-594],[724,-253],[1204,-1008],[431,-4],[898,-602],[888,1061],[5,237],[862,566],[51,264],[1076,389],[998,150],[1359,611],[692,429],[1678,775],[466,396],[267,694],[456,521],[1740,1280],[395,530],[893,407],[681,725],[826,1080],[930,624],[515,608],[386,155],[507,-169],[662,378],[1701,258],[1295,571],[254,769],[-490,301],[-307,952],[218,669],[-859,840],[14,494],[-402,508],[-464,153],[299,471],[-278,280],[-245,744],[-14,712],[421,807],[289,234]]],"transform":{"scale":[0.000007771911834599946,0.000009099504933193114],"translate":[8.382267354825762,45.722347643364024]}}