{"type":"Topology","objects":{"municipalities":{"type":"GeometryCollection","geometries":[{"type":"Polygon","id":5401,"properties":{"id":5401,"name":"Aigle"},"arcs":[[0,1,2,3,4]]},{"type":"Polygon","id":5402,"properties":{"id":5402,"name":"Bex"},"arcs":[[5,6,7,8,9,10]]},{"type":"Polygon","id":5403,"properties":{"id":5403,"name":"Chessel"},"arcs":[[11,12,13,14]]},{"type":"Polygon","id":5404,"properties":{"id":5404,"name":"Corbeyrier"},"arcs":[[15,16,17,18,19]]},{"type":"Polygon","id":5405,"properties":{"id":5405,"name":"Gryon"},"arcs":[[20,-10,21]]},{"type":"Polygon","id":5406,"properties":{"id":5406,"name":"Lavey-Morcles"},"arcs":[[22,-7]]},{"type":"Polygon","id":5407,"properties":{"id":5407,"name":"Leysin"},"arcs":[[-4,23,-16,24]]},{"type":"Polygon","id":5408,"properties":{"id":5408,"name":"Noville"},"arcs":[[25,26,27,-15,28,29]]},{"type":"Polygon","id":5409,"properties":{"id":5409,"name":"Ollon"},"arcs":[[30,-22,-9,31,-1,32]]},{"type":"Polygon","id":5410,"properties":{"id":5410,"name":"Ormont-Dessous"},"arcs":[[33,-33,-5,-25,-20,34,35]]},{"type":"Polygon","id":5411,"properties":{"id":5411,"name":"Ormont-Dessus"},"arcs":[[36,-11,-21,-31,-34,37]]},{"type":"Polygon","id":5412,"properties":{"id":5412,"name":"Rennaz"},"arcs":[[38,-27,39]]},{"type":"Polygon","id":5413,"properties":{"id":5413,"name":"Roche (VD)"},"arcs":[[-18,40,-12,-28,-39,41]]},{"type":"Polygon","id":5414,"properties":{"id":5414,"name":"Villeneuve (VD)"},"arcs":[[42,-35,-19,-42,-40,-26,43,44,45]]},{"type":"Polygon","id":5415,"properties":{"id":5415,"name":"Yvorne"},"arcs":[[-24,-3,46,-13,-41,-17]]},{"type":"Polygon","id":5421,"properties":{"id":5421,"name":"Apples"},"arcs":[[47,48,49,50,51,52,53,54]]},{"type":"Polygon","id":5422,"properties":{"id":5422,"name":"Aubonne"},"arcs":[[55,56,57,58,59,60,61,62,63]]},{"type":"Polygon","id":5423,"properties":{"id":5423,"name":"Ballens"},"arcs":[[64,65,66,67,-53]]},{"type":"Polygon","id":5424,"properties":{"id":5424,"name":"Berolle"},"arcs":[[-67,68,69,70,71]]},{"type":"Polygon","id":5425,"properties":{"id":5425,"name":"Bière"},"arcs":[[-69,-66,72,73,74,75,76,77]]},{"type":"Polygon","id":5426,"properties":{"id":5426,"name":"Bougy-Villars"},"arcs":[[78,79,80,81,-60]]},{"type":"Polygon","id":5427,"properties":{"id":5427,"name":"Féchy"},"arcs":[[82,83,-79,-59]]},{"type":"Polygon","id":5428,"properties":{"id":5428,"name":"Gimel"},"arcs":[[84,85,-62,86,87,88,89,90,-77]]},{"type":"Polygon","id":5429,"properties":{"id":5429,"name":"Longirod"},"arcs":[[-89,91,92,93,94,95]]},{"type":"Polygon","id":5430,"properties":{"id":5430,"name":"Marchissy"},"arcs":[[-94,96,97,98,99]]},{"type":"Polygon","id":5431,"properties":{"id":5431,"name":"Mollens (VD)"},"arcs":[[100,-54,-68,-72,101]]},{"type":"Polygon","id":5432,"properties":{"id":5432,"name":"Montherod"},"arcs":[[102,-63,-86,103,-75]]},{"type":"Polygon","id":5434,"properties":{"id":5434,"name":"Saint-George"},"arcs":[[-96,104,-90]]},{"type":"Polygon","id":5435,"properties":{"id":5435,"name":"Saint-Livres"},"arcs":[[105,-64,-103,-74,106]]},{"type":"Polygon","id":5436,"properties":{"id":5436,"name":"Saint-Oyens"},"arcs":[[107,108,-92,-88]]},{"type":"Polygon","id":5437,"properties":{"id":5437,"name":"Saubraz"},"arcs":[[-104,-85,-76]]},{"type":"Polygon","id":5451,"properties":{"id":5451,"name":"Avenches"},"arcs":[[109,110,111,112]]},{"type":"Polygon","id":5456,"properties":{"id":5456,"name":"Cudrefin"},"arcs":[[113,114,115]]},{"type":"Polygon","id":5458,"properties":{"id":5458,"name":"Faoug"},"arcs":[[-110,116,117]]},{"type":"Polygon","id":5464,"properties":{"id":5464,"name":"Vully-les-Lacs"},"arcs":[[118,-112,119,120,-114,121]]},{"type":"Polygon","id":5471,"properties":{"id":5471,"name":"Bettens"},"arcs":[[122,123,124,125,126,127]]},{"type":"Polygon","id":5472,"properties":{"id":5472,"name":"Bournens"},"arcs":[[128,129,130,131,-126]]},{"type":"Polygon","id":5473,"properties":{"id":5473,"name":"Boussens"},"arcs":[[132,133,134,-129,-125,135]]},{"type":"Polygon","id":5474,"properties":{"id":5474,"name":"La Chaux (Cossonay)"},"arcs":[[136,137,138,139,140,141,142,143]]},{"type":"Polygon","id":5475,"properties":{"id":5475,"name":"Chavannes-le-Veyron"},"arcs":[[144,145,146,147,-141]]},{"type":"Polygon","id":5476,"properties":{"id":5476,"name":"Chevilly"},"arcs":[[148,149,-144,150,151]]},{"type":"Polygon","id":5477,"properties":{"id":5477,"name":"Cossonay"},"arcs":[[152,153,154,155,-138,156]]},{"type":"Polygon","id":5478,"properties":{"id":5478,"name":"Cottens (VD)"},"arcs":[[157,158,159,160,161]]},{"type":"Polygon","id":5479,"properties":{"id":5479,"name":"Cuarnens"},"arcs":[[-142,-148,162,163,164]]},{"type":"Polygon","id":5480,"properties":{"id":5480,"name":"Daillens"},"arcs":[[-127,-132,165,166,167,168,169]]},{"type":"Polygon","id":5481,"properties":{"id":5481,"name":"Dizy"},"arcs":[[170,-157,-137,-150,171]]},{"type":"Polygon","id":5482,"properties":{"id":5482,"name":"Eclépens"},"arcs":[[172,-169,173,174,175,176]]},{"type":"Polygon","id":5483,"properties":{"id":5483,"name":"Ferreyres"},"arcs":[[177,178,-152,179,180]]},{"type":"Polygon","id":5484,"properties":{"id":5484,"name":"Gollion"},"arcs":[[181,182,183,184,185,-155,186]]},{"type":"Polygon","id":5485,"properties":{"id":5485,"name":"Grancy"},"arcs":[[187,188,-162,189,-145,-140]]},{"type":"Polygon","id":5486,"properties":{"id":5486,"name":"L'Isle"},"arcs":[[-163,-147,190,191,192,193,194]]},{"type":"Polygon","id":5487,"properties":{"id":5487,"name":"Lussery-Villars"},"arcs":[[-168,195,-153,-171,196,-174]]},{"type":"Polygon","id":5488,"properties":{"id":5488,"name":"Mauraz"},"arcs":[[197,198,-192]]},{"type":"Polygon","id":5489,"properties":{"id":5489,"name":"Mex (VD)"},"arcs":[[199,200,201,202]]},{"type":"Polygon","id":5490,"properties":{"id":5490,"name":"Moiry"},"arcs":[[203,-180,-151,-143,-165,204,205,206,207]]},{"type":"Polygon","id":5491,"properties":{"id":5491,"name":"Mont-la-Ville"},"arcs":[[-205,-164,-195,208,209,210,211]]},{"type":"Polygon","id":5492,"properties":{"id":5492,"name":"Montricher"},"arcs":[[-199,212,-102,-71,213,214,-193]]},{"type":"Polygon","id":5493,"properties":{"id":5493,"name":"Orny"},"arcs":[[215,-176,216,217]]},{"type":"Polygon","id":5494,"properties":{"id":5494,"name":"Pampigny"},"arcs":[[-190,-161,218,-55,-101,-213,-198,-191,-146]]},{"type":"Polygon","id":5495,"properties":{"id":5495,"name":"Penthalaz"},"arcs":[[219,-187,-154,-196,-167]]},{"type":"Polygon","id":5496,"properties":{"id":5496,"name":"Penthaz"},"arcs":[[-166,-131,220,221,-182,-220]]},{"type":"Polygon","id":5497,"properties":{"id":5497,"name":"Pompaples"},"arcs":[[222,-218,223,224]]},{"type":"Polygon","id":5498,"properties":{"id":5498,"name":"La Sarraz"},"arcs":[[225,-224,-217,-175,-197,-172,-149,-179,226,227]]},{"type":"Polygon","id":5499,"properties":{"id":5499,"name":"Senarclens"},"arcs":[[-156,-186,228,-188,-139]]},{"type":"Polygon","id":5500,"properties":{"id":5500,"name":"Sévery"},"arcs":[[229,230,-48,-219,-160]]},{"type":"Polygon","id":5501,"properties":{"id":5501,"name":"Sullens"},"arcs":[[231,232,-203,233,-221,-130,-135]]},{"type":"Polygon","id":5503,"properties":{"id":5503,"name":"Vufflens-la-Ville"},"arcs":[[-234,-202,234,235,236,-183,-222]]},{"type":"Polygon","id":5511,"properties":{"id":5511,"name":"Assens"},"arcs":[[237,238,239,240,241,242,243]]},{"type":"Polygon","id":5512,"properties":{"id":5512,"name":"Bercher"},"arcs":[[244,245,246,247,248,249]]},{"type":"Polygon","id":5513,"properties":{"id":5513,"name":"Bioley-Orjulaz"},"arcs":[[-242,250,-136,-124,251]]},{"type":"Polygon","id":5514,"properties":{"id":5514,"name":"Bottens"},"arcs":[[252,253,254,255,-238,256,257]]},{"type":"Polygon","id":5515,"properties":{"id":5515,"name":"Bretigny-sur-Morrens"},"arcs":[[258,259,260,-239,-256]]},{"type":"Polygon","id":5516,"properties":{"id":5516,"name":"Cugy (VD)"},"arcs":[[261,262,263,264,-260]]},{"type":"Polygon","id":5518,"properties":{"id":5518,"name":"Echallens"},"arcs":[[265,-257,-244,266,267,268]]},{"type":"Polygon","id":5520,"properties":{"id":5520,"name":"Essertines-sur-Yverdon"},"arcs":[[269,270,271,272,273,274,275,276,277]]},{"type":"Polygon","id":5521,"properties":{"id":5521,"name":"Etagnières"},"arcs":[[-241,278,279,-133,-251]]},{"type":"Polygon","id":5522,"properties":{"id":5522,"name":"Fey"},"arcs":[[-247,280,281,282,283,284,285,286]]},{"type":"Polygon","id":5523,"properties":{"id":5523,"name":"Froideville"},"arcs":[[287,288,289,290,291,-254]]},{"type":"Polygon","id":5527,"properties":{"id":5527,"name":"Morrens (VD)"},"arcs":[[-261,-265,292,293,-279,-240]]},{"type":"Polygon","id":5529,"properties":{"id":5529,"name":"Oulens-sous-Echallens"},"arcs":[[294,295,-128,-170,-173,296]]},{"type":"Polygon","id":5530,"properties":{"id":5530,"name":"Pailly"},"arcs":[[297,298,-286,299,-272,300]]},{"type":"Polygon","id":5531,"properties":{"id":5531,"name":"Penthéréaz"},"arcs":[[301,302,303,304,305,306]]},{"type":"Polygon","id":5533,"properties":{"id":5533,"name":"Poliez-Pittet"},"arcs":[[307,-288,-253,308]]},{"type":"Polygon","id":5534,"properties":{"id":5534,"name":"Rueyres"},"arcs":[[-248,-287,-299,309]]},{"type":"Polygon","id":5535,"properties":{"id":5535,"name":"Saint-Barthélemy (VD)"},"arcs":[[-267,-243,-252,-123,-296,310]]},{"type":"Polygon","id":5537,"properties":{"id":5537,"name":"Villars-le-Terroir"},"arcs":[[-284,311,-269,312,-303,313]]},{"type":"Polygon","id":5539,"properties":{"id":5539,"name":"Vuarrens"},"arcs":[[-300,-285,-314,-302,314,-273]]},{"type":"Polygon","id":5540,"properties":{"id":5540,"name":"Montilliez"},"arcs":[[315,-309,-258,-266,-312,-283,316]]},{"type":"Polygon","id":5541,"properties":{"id":5541,"name":"Goumoëns"},"arcs":[[-313,-268,-311,-295,317,-304]]},{"type":"Polygon","id":5551,"properties":{"id":5551,"name":"Bonvillars"},"arcs":[[318,319,320,321,322,323,324,325]]},{"type":"Polygon","id":5552,"properties":{"id":5552,"name":"Bullet"},"arcs":[[326,327,328,329,330,331,332]]},{"type":"Polygon","id":5553,"properties":{"id":5553,"name":"Champagne"},"arcs":[[-324,333,334,335,336]]},{"type":"Polygon","id":5554,"properties":{"id":5554,"name":"Concise"},"arcs":[[337,338,339,-319,340,341]]},{"type":"Polygon","id":5555,"properties":{"id":5555,"name":"Corcelles-près-Concise"},"arcs":[[342,343,-320,-340]]},{"type":"MultiPolygon","id":5556,"properties":{"id":5556,"name":"Fiez"},"arcs":[[[-335,344,345,346]],[[-332,347,348,349]]]},{"type":"Polygon","id":5557,"properties":{"id":5557,"name":"Fontaines-sur-Grandson"},"arcs":[[350,-336,-347,351,352,353,-333,-350,354,355]]},{"type":"Polygon","id":5559,"properties":{"id":5559,"name":"Giez"},"arcs":[[-352,-346,356,357,358,359,360]]},{"type":"Polygon","id":5560,"properties":{"id":5560,"name":"Grandevent"},"arcs":[[361,-327,-354]]},{"type":"Polygon","id":5561,"properties":{"id":5561,"name":"Grandson"},"arcs":[[362,363,364,-357,-345,-334,-323]]},{"type":"Polygon","id":5562,"properties":{"id":5562,"name":"Mauborget"},"arcs":[[-356,365,366]]},{"type":"Polygon","id":5563,"properties":{"id":5563,"name":"Mutrux"},"arcs":[[367,-342,368]]},{"type":"Polygon","id":5564,"properties":{"id":5564,"name":"Novalles"},"arcs":[[-353,-361,369,-328,-362]]},{"type":"Polygon","id":5565,"properties":{"id":5565,"name":"Onnens (VD)"},"arcs":[[370,-321,-344]]},{"type":"Polygon","id":5566,"properties":{"id":5566,"name":"Provence"},"arcs":[[-369,-341,-326,371,372]]},{"type":"Polygon","id":5568,"properties":{"id":5568,"name":"Sainte-Croix"},"arcs":[[-331,373,374,375,-348]]},{"type":"Polygon","id":5571,"properties":{"id":5571,"name":"Tévenon"},"arcs":[[-325,-337,-351,-367,376,-372]]},{"type":"Polygon","id":5581,"properties":{"id":5581,"name":"Belmont-sur-Lausanne"},"arcs":[[377,378,379,380]]},{"type":"Polygon","id":5582,"properties":{"id":5582,"name":"Cheseaux-sur-Lausanne"},"arcs":[[-294,381,382,-232,-134,-280]]},{"type":"Polygon","id":5583,"properties":{"id":5583,"name":"Crissier"},"arcs":[[-383,383,384,385,386,387,388,-200,-233]]},{"type":"Polygon","id":5584,"properties":{"id":5584,"name":"Epalinges"},"arcs":[[389,390]]},{"type":"Polygon","id":5585,"properties":{"id":5585,"name":"Jouxtens-Mézery"},"arcs":[[391,392,-385,393,394]]},{"type":"MultiPolygon","id":5586,"properties":{"id":5586,"name":"Lausanne"},"arcs":[[[-264,395,396,-394,-384,-382,-293]],[[-292,397,398,399,400,401,402,403,404,405,406,-391,407,-262,-259,-255]]]},{"type":"Polygon","id":5587,"properties":{"id":5587,"name":"Le Mont-sur-Lausanne"},"arcs":[[-408,-390,-407,408,-396,-263]]},{"type":"Polygon","id":5588,"properties":{"id":5588,"name":"Paudex"},"arcs":[[409,410,-379,411]]},{"type":"Polygon","id":5589,"properties":{"id":5589,"name":"Prilly"},"arcs":[[-405,412,-392,413]]},{"type":"Polygon","id":5590,"properties":{"id":5590,"name":"Pully"},"arcs":[[414,-380,-411,415,-400]]},{"type":"Polygon","id":5591,"properties":{"id":5591,"name":"Renens (VD)"},"arcs":[[-393,-413,-404,416,417,-386]]},{"type":"Polygon","id":5592,"properties":{"id":5592,"name":"Romanel-sur-Lausanne"},"arcs":[[-409,-406,-414,-395,-397]]},{"type":"Polygon","id":5601,"properties":{"id":5601,"name":"Chexbres"},"arcs":[[418,419,420]]},{"type":"Polygon","id":5604,"properties":{"id":5604,"name":"Forel (Lavaux)"},"arcs":[[421,422,423,424,425,426]]},{"type":"Polygon","id":5606,"properties":{"id":5606,"name":"Lutry"},"arcs":[[427,428,-412,-378,429]]},{"type":"Polygon","id":5607,"properties":{"id":5607,"name":"Puidoux"},"arcs":[[430,431,432,-421,433,434,435,-424,436]]},{"type":"Polygon","id":5609,"properties":{"id":5609,"name":"Rivaz"},"arcs":[[437,438,-434,-420]]},{"type":"Polygon","id":5610,"properties":{"id":5610,"name":"Saint-Saphorin (Lavaux)"},"arcs":[[439,440,-438,-419,-433]]},{"type":"Polygon","id":5611,"properties":{"id":5611,"name":"Savigny"},"arcs":[[441,-426,442,-430,-381,-415,-399,443]]},{"type":"Polygon","id":5613,"properties":{"id":5613,"name":"Bourg-en-Lavaux"},"arcs":[[-436,444,-428,-443,-425]]},{"type":"Polygon","id":5621,"properties":{"id":5621,"name":"Aclens"},"arcs":[[-237,445,446,447,448,449,-184]]},{"type":"Polygon","id":5622,"properties":{"id":5622,"name":"Bremblens"},"arcs":[[450,451,452,453,454,-447]]},{"type":"Polygon","id":5623,"properties":{"id":5623,"name":"Buchillon"},"arcs":[[455,456,457,458]]},{"type":"Polygon","id":5624,"properties":{"id":5624,"name":"Bussigny"},"arcs":[[-388,459,460,-451,-446,-236,461]]},{"type":"Polygon","id":5625,"properties":{"id":5625,"name":"Bussy-Chardonney"},"arcs":[[462,463,464,465,-51,466]]},{"type":"Polygon","id":5627,"properties":{"id":5627,"name":"Chavannes-près-Renens"},"arcs":[[-403,467,-417]]},{"type":"Polygon","id":5628,"properties":{"id":5628,"name":"Chigny"},"arcs":[[468,469,470,471]]},{"type":"Polygon","id":5629,"properties":{"id":5629,"name":"Clarmont"},"arcs":[[472,473,-49,-231,474]]},{"type":"Polygon","id":5631,"properties":{"id":5631,"name":"Denens"},"arcs":[[475,476,477,478,-465,479]]},{"type":"Polygon","id":5632,"properties":{"id":5632,"name":"Denges"},"arcs":[[480,481,482,483]]},{"type":"Polygon","id":5633,"properties":{"id":5633,"name":"Echandens"},"arcs":[[484,-484,485,-452,-461]]},{"type":"Polygon","id":5634,"properties":{"id":5634,"name":"Echichens"},"arcs":[[-449,486,-454,487,488,489,490,-475,-230,-159,491]]},{"type":"Polygon","id":5635,"properties":{"id":5635,"name":"Ecublens (VD)"},"arcs":[[-418,-468,492,-481,-485,-460,-387]]},{"type":"Polygon","id":5636,"properties":{"id":5636,"name":"Etoy"},"arcs":[[493,-458,494,-57,495,496]]},{"type":"Polygon","id":5637,"properties":{"id":5637,"name":"Lavigny"},"arcs":[[497,-496,-56,-106,498]]},{"type":"Polygon","id":5638,"properties":{"id":5638,"name":"Lonay"},"arcs":[[-486,-483,499,500,-488,-453]]},{"type":"Polygon","id":5639,"properties":{"id":5639,"name":"Lully (VD)"},"arcs":[[-471,501,502,503,-476,504]]},{"type":"Polygon","id":5640,"properties":{"id":5640,"name":"Lussy-sur-Morges"},"arcs":[[-504,505,506,-477]]},{"type":"Polygon","id":5642,"properties":{"id":5642,"name":"Morges"},"arcs":[[-501,507,508,509,-469,510,-489]]},{"type":"Polygon","id":5643,"properties":{"id":5643,"name":"Préverenges"},"arcs":[[511,512,-508,-500,-482]]},{"type":"Polygon","id":5644,"properties":{"id":5644,"name":"Reverolle"},"arcs":[[-474,513,-467,-50]]},{"type":"Polygon","id":5645,"properties":{"id":5645,"name":"Romanel-sur-Morges"},"arcs":[[-455,-487,-448]]},{"type":"Polygon","id":5646,"properties":{"id":5646,"name":"Saint-Prex"},"arcs":[[514,515,-459,-494,516,-506,-503]]},{"type":"Polygon","id":5648,"properties":{"id":5648,"name":"Saint-Sulpice (VD)"},"arcs":[[517,-512,-493,-402]]},{"type":"Polygon","id":5649,"properties":{"id":5649,"name":"Tolochenaz"},"arcs":[[518,-515,-502,-470,-510]]},{"type":"Polygon","id":5650,"properties":{"id":5650,"name":"Vaux-sur-Morges"},"arcs":[[519,-463,-514,-473,-491]]},{"type":"Polygon","id":5651,"properties":{"id":5651,"name":"Villars-Sainte-Croix"},"arcs":[[-389,-462,-235,-201]]},{"type":"Polygon","id":5652,"properties":{"id":5652,"name":"Villars-sous-Yens"},"arcs":[[-507,-517,-497,-498,520,-478]]},{"type":"Polygon","id":5653,"properties":{"id":5653,"name":"Vufflens-le-Château"},"arcs":[[-490,-511,-472,-505,-480,-464,-520]]},{"type":"Polygon","id":5654,"properties":{"id":5654,"name":"Vullierens"},"arcs":[[-185,-450,-492,-158,-189,-229]]},{"type":"Polygon","id":5655,"properties":{"id":5655,"name":"Yens"},"arcs":[[-52,-466,-479,-521,-499,-107,-73,-65]]},{"type":"Polygon","id":5661,"properties":{"id":5661,"name":"Boulens"},"arcs":[[-281,-246,521]]},{"type":"Polygon","id":5662,"properties":{"id":5662,"name":"Brenles"},"arcs":[[522,523,524,525,526]]},{"type":"Polygon","id":5663,"properties":{"id":5663,"name":"Bussy-sur-Moudon"},"arcs":[[527,528,529]]},{"type":"Polygon","id":5665,"properties":{"id":5665,"name":"Chavannes-sur-Moudon"},"arcs":[[-525,530,531,532]]},{"type":"Polygon","id":5666,"properties":{"id":5666,"name":"Chesalles-sur-Moudon"},"arcs":[[533,-526,-533,534,535]]},{"type":"Polygon","id":5668,"properties":{"id":5668,"name":"Cremin"},"arcs":[[536,537,538]]},{"type":"Polygon","id":5669,"properties":{"id":5669,"name":"Curtilles"},"arcs":[[539,540,541,-536,542,543,544]]},{"type":"Polygon","id":5671,"properties":{"id":5671,"name":"Dompierre (VD)"},"arcs":[[545,546,547,-540,548]]},{"type":"Polygon","id":5672,"properties":{"id":5672,"name":"Forel-sur-Lucens"},"arcs":[[-538,549,550,551]]},{"type":"Polygon","id":5673,"properties":{"id":5673,"name":"Hermenches"},"arcs":[[552,553,554,555,556,557,558]]},{"type":"Polygon","id":5674,"properties":{"id":5674,"name":"Lovatens"},"arcs":[[559,560,-523,561,-541,-548]]},{"type":"Polygon","id":5675,"properties":{"id":5675,"name":"Lucens"},"arcs":[[562,-544,563,-530,564,565,-550,-537,566]]},{"type":"Polygon","id":5678,"properties":{"id":5678,"name":"Moudon"},"arcs":[[-543,-535,-532,567,568,569,-559,570,571,-528,-564]]},{"type":"Polygon","id":5680,"properties":{"id":5680,"name":"Ogens"},"arcs":[[572,-250,573,574]]},{"type":"Polygon","id":5683,"properties":{"id":5683,"name":"Prévonloup"},"arcs":[[575,-560,-547]]},{"type":"Polygon","id":5684,"properties":{"id":5684,"name":"Rossenges"},"arcs":[[576,-553,-570]]},{"type":"Polygon","id":5686,"properties":{"id":5686,"name":"Sarzens"},"arcs":[[-527,-534,-542,-562]]},{"type":"Polygon","id":5688,"properties":{"id":5688,"name":"Syens"},"arcs":[[577,578,-554,-577,-569]]},{"type":"Polygon","id":5690,"properties":{"id":5690,"name":"Villars-le-Comte"},"arcs":[[-566,579,580,-551]]},{"type":"Polygon","id":5692,"properties":{"id":5692,"name":"Vucherens"},"arcs":[[581,582,-555,-579,583]]},{"type":"Polygon","id":5693,"properties":{"id":5693,"name":"Montanaire"},"arcs":[[584,-580,-565,-529,-572,585,-317,-282,-522,-245,-573,586,587,588,589,590]]},{"type":"Polygon","id":5701,"properties":{"id":5701,"name":"Arnex-sur-Nyon"},"arcs":[[591,592,593,594]]},{"type":"Polygon","id":5702,"properties":{"id":5702,"name":"Arzier-Le Muids"},"arcs":[[595,596,597,598,599,600,601]]},{"type":"Polygon","id":5703,"properties":{"id":5703,"name":"Bassins"},"arcs":[[-99,602,603,604,-596,605]]},{"type":"Polygon","id":5704,"properties":{"id":5704,"name":"Begnins"},"arcs":[[606,607,608,-604,609]]},{"type":"Polygon","id":5705,"properties":{"id":5705,"name":"Bogis-Bossey"},"arcs":[[610,611,612,613,614,615]]},{"type":"Polygon","id":5706,"properties":{"id":5706,"name":"Borex"},"arcs":[[616,617,618,-594,619,620]]},{"type":"Polygon","id":5707,"properties":{"id":5707,"name":"Chavannes-de-Bogis"},"arcs":[[621,622,623,624,-614]]},{"type":"Polygon","id":5708,"properties":{"id":5708,"name":"Chavannes-des-Bois"},"arcs":[[625,626,627,628]]},{"type":"Polygon","id":5709,"properties":{"id":5709,"name":"Chéserex"},"arcs":[[629,-621,630,631,632]]},{"type":"Polygon","id":5710,"properties":{"id":5710,"name":"Coinsins"},"arcs":[[633,634,635,636]]},{"type":"Polygon","id":5711,"properties":{"id":5711,"name":"Commugny"},"arcs":[[637,638,-629,639,-624,640]]},{"type":"Polygon","id":5712,"properties":{"id":5712,"name":"Coppet"},"arcs":[[641,642,-638,643]]},{"type":"Polygon","id":5713,"properties":{"id":5713,"name":"Crans-près-Céligny"},"arcs":[[644,645,646,-592,647]]},{"type":"Polygon","id":5714,"properties":{"id":5714,"name":"Crassier"},"arcs":[[-631,-620,-593,648,-616,649,650]]},{"type":"Polygon","id":5715,"properties":{"id":5715,"name":"Duillier"},"arcs":[[651,652,653,654,-636]]},{"type":"Polygon","id":5716,"properties":{"id":5716,"name":"Eysins"},"arcs":[[655,-648,-595,-619,656]]},{"type":"Polygon","id":5717,"properties":{"id":5717,"name":"Founex"},"arcs":[[657,658,-644,-641,-623,659,-612]]},{"type":"Polygon","id":5718,"properties":{"id":5718,"name":"Genolier"},"arcs":[[660,-637,661,-598]]},{"type":"Polygon","id":5719,"properties":{"id":5719,"name":"Gingins"},"arcs":[[662,663,-633,664,665,666]]},{"type":"Polygon","id":5720,"properties":{"id":5720,"name":"Givrins"},"arcs":[[-662,-655,667,668,-599]]},{"type":"Polygon","id":5721,"properties":{"id":5721,"name":"Gland"},"arcs":[[669,670,671,672,-608,673]]},{"type":"Polygon","id":5722,"properties":{"id":5722,"name":"Grens"},"arcs":[[674,675,-617,-630,-664,676]]},{"type":"Polygon","id":5723,"properties":{"id":5723,"name":"Mies"},"arcs":[[677,678,-627,679]]},{"type":"Polygon","id":5724,"properties":{"id":5724,"name":"Nyon"},"arcs":[[680,681,-645,-656,682,-675,683,-653]]},{"type":"Polygon","id":5725,"properties":{"id":5725,"name":"Prangins"},"arcs":[[684,-672,685,-681,-652,-635]]},{"type":"Polygon","id":5726,"properties":{"id":5726,"name":"La Rippe"},"arcs":[[-632,-651,686,-665]]},{"type":"Polygon","id":5727,"properties":{"id":5727,"name":"Saint-Cergue"},"arcs":[[-669,687,-667,688,-600]]},{"type":"Polygon","id":5728,"properties":{"id":5728,"name":"Signy-Avenex"},"arcs":[[-657,-618,-676,-683]]},{"type":"Polygon","id":5729,"properties":{"id":5729,"name":"Tannay"},"arcs":[[-639,-643,689,-680,-626]]},{"type":"Polygon","id":5730,"properties":{"id":5730,"name":"Trélex"},"arcs":[[-654,-684,-677,-663,-688,-668]]},{"type":"Polygon","id":5731,"properties":{"id":5731,"name":"Le Vaud"},"arcs":[[690,-603,-98]]},{"type":"Polygon","id":5732,"properties":{"id":5732,"name":"Vich"},"arcs":[[-609,-673,-685,-634,-661,-597,-605]]},{"type":"Polygon","id":5741,"properties":{"id":5741,"name":"L'Abergement"},"arcs":[[691,692,693,694,695,696]]},{"type":"Polygon","id":5742,"properties":{"id":5742,"name":"Agiez"},"arcs":[[697,698,699,700,701,702]]},{"type":"Polygon","id":5743,"properties":{"id":5743,"name":"Arnex-sur-Orbe"},"arcs":[[703,704,705,-225,-226,706,707,-699]]},{"type":"Polygon","id":5744,"properties":{"id":5744,"name":"Ballaigues"},"arcs":[[708,709,710,711]]},{"type":"Polygon","id":5745,"properties":{"id":5745,"name":"Baulmes"},"arcs":[[712,713,714,-697,715,-375]]},{"type":"Polygon","id":5746,"properties":{"id":5746,"name":"Bavois"},"arcs":[[-305,-318,-297,-177,-216,-223,-706,716]]},{"type":"Polygon","id":5747,"properties":{"id":5747,"name":"Bofflens"},"arcs":[[-708,717,718,719,-700]]},{"type":"Polygon","id":5748,"properties":{"id":5748,"name":"Bretonnières"},"arcs":[[-720,720,721,722,-701]]},{"type":"Polygon","id":5749,"properties":{"id":5749,"name":"Chavornay"},"arcs":[[723,724,-306,-717,-705,725,726]]},{"type":"Polygon","id":5750,"properties":{"id":5750,"name":"Les Clées"},"arcs":[[727,728,-702,-723,729,730,-709,731,-694]]},{"type":"Polygon","id":5751,"properties":{"id":5751,"name":"Corcelles-sur-Chavornay"},"arcs":[[-274,-315,-307,-725,732]]},{"type":"MultiPolygon","id":5752,"properties":{"id":5752,"name":"Croy"},"arcs":[[[-181,-204,733]],[[-707,-228,734,-718]]]},{"type":"Polygon","id":5754,"properties":{"id":5754,"name":"Juriens"},"arcs":[[-207,735,-211,736,737]]},{"type":"Polygon","id":5755,"properties":{"id":5755,"name":"Lignerolle"},"arcs":[[-732,-712,738,-695]]},{"type":"Polygon","id":5756,"properties":{"id":5756,"name":"Montcherand"},"arcs":[[739,-703,-729,740,741]]},{"type":"Polygon","id":5757,"properties":{"id":5757,"name":"Orbe"},"arcs":[[742,743,744,-726,-704,-698,-740,745]]},{"type":"Polygon","id":5758,"properties":{"id":5758,"name":"La Praz"},"arcs":[[-206,-212,-736]]},{"type":"Polygon","id":5759,"properties":{"id":5759,"name":"Premier"},"arcs":[[-722,746,747,748,-730]]},{"type":"Polygon","id":5760,"properties":{"id":5760,"name":"Rances"},"arcs":[[749,750,751,752,-692,-715]]},{"type":"Polygon","id":5761,"properties":{"id":5761,"name":"Romainmôtier-Envy"},"arcs":[[-735,-227,-178,-734,-208,-738,753,-747,-721,-719]]},{"type":"Polygon","id":5762,"properties":{"id":5762,"name":"Sergey"},"arcs":[[754,-741,-728,-693,-753]]},{"type":"Polygon","id":5763,"properties":{"id":5763,"name":"Valeyres-sous-Rances"},"arcs":[[755,-746,-742,-755,-752]]},{"type":"Polygon","id":5764,"properties":{"id":5764,"name":"Vallorbe"},"arcs":[[-731,-749,756,757,758,759,-710]]},{"type":"Polygon","id":5765,"properties":{"id":5765,"name":"Vaulion"},"arcs":[[-754,-737,-210,760,-757,-748]]},{"type":"Polygon","id":5766,"properties":{"id":5766,"name":"Vuiteboeuf"},"arcs":[[761,762,-713,-374,-330,763]]},{"type":"Polygon","id":5782,"properties":{"id":5782,"name":"Carrouge (VD)"},"arcs":[[764,765,766,767,768,-582]]},{"type":"Polygon","id":5785,"properties":{"id":5785,"name":"Corcelles-le-Jorat"},"arcs":[[769,770,771,772,-290,773,-557]]},{"type":"Polygon","id":5788,"properties":{"id":5788,"name":"Essertes"},"arcs":[[774,-422,775,776]]},{"type":"Polygon","id":5789,"properties":{"id":5789,"name":"Ferlens (VD)"},"arcs":[[777,778,-766,779,780]]},{"type":"Polygon","id":5790,"properties":{"id":5790,"name":"Maracon"},"arcs":[[781,782]]},{"type":"Polygon","id":5791,"properties":{"id":5791,"name":"Mézières (VD)"},"arcs":[[-779,783,784,-767]]},{"type":"Polygon","id":5792,"properties":{"id":5792,"name":"Montpreveyres"},"arcs":[[785,-771,786,-768,-785,787,-444,-398,-291,-773]]},{"type":"MultiPolygon","id":5798,"properties":{"id":5798,"name":"Ropraz"},"arcs":[[[-786,-772]],[[-583,-769,-787,-770,-556]]]},{"type":"Polygon","id":5799,"properties":{"id":5799,"name":"Servion"},"arcs":[[788,-776,-427,-442,-788,-784,-778]]},{"type":"Polygon","id":5803,"properties":{"id":5803,"name":"Vulliens"},"arcs":[[789,-780,-765,-584,-578,-568]]},{"type":"Polygon","id":5804,"properties":{"id":5804,"name":"Jorat-Menthue"},"arcs":[[-571,-558,-774,-289,-308,-316,-586]]},{"type":"Polygon","id":5805,"properties":{"id":5805,"name":"Oron"},"arcs":[[-782,790,-437,-423,-775,791]]},{"type":"Polygon","id":5812,"properties":{"id":5812,"name":"Champtauroz"},"arcs":[[792,793,794,795,796,797]]},{"type":"Polygon","id":5813,"properties":{"id":5813,"name":"Chevroux"},"arcs":[[798,799,800,801]]},{"type":"Polygon","id":5816,"properties":{"id":5816,"name":"Corcelles-près-Payerne"},"arcs":[[802,803,804,805,806]]},{"type":"Polygon","id":5817,"properties":{"id":5817,"name":"Grandcour"},"arcs":[[-805,807,808,-799,809]]},{"type":"Polygon","id":5819,"properties":{"id":5819,"name":"Henniez"},"arcs":[[810,811,812,813]]},{"type":"Polygon","id":5821,"properties":{"id":5821,"name":"Missy"},"arcs":[[-807,814]]},{"type":"Polygon","id":5822,"properties":{"id":5822,"name":"Payerne"},"arcs":[[815,816,817,-808,-804]]},{"type":"Polygon","id":5827,"properties":{"id":5827,"name":"Trey"},"arcs":[[818,819,820,-817]]},{"type":"Polygon","id":5828,"properties":{"id":5828,"name":"Treytorrens (Payerne)"},"arcs":[[821,-793,822,823]]},{"type":"Polygon","id":5830,"properties":{"id":5830,"name":"Villarzel"},"arcs":[[824,-811,825,826]]},{"type":"MultiPolygon","id":5831,"properties":{"id":5831,"name":"Valbroye"},"arcs":[[[-825,827,-549,-545,-563,828,-812]],[[-820,829,-826,-814,830,-591,831,-794,-822,832]]]},{"type":"Polygon","id":5841,"properties":{"id":5841,"name":"Château-d'Oex"},"arcs":[[833,-38,-36,-43,834,835,836]]},{"type":"Polygon","id":5842,"properties":{"id":5842,"name":"Rossinière"},"arcs":[[-835,-46,837,838]]},{"type":"Polygon","id":5843,"properties":{"id":5843,"name":"Rougemont"},"arcs":[[-837,839]]},{"type":"Polygon","id":5851,"properties":{"id":5851,"name":"Allaman"},"arcs":[[-457,840,841,-83,-58,-495]]},{"type":"Polygon","id":5852,"properties":{"id":5852,"name":"Bursinel"},"arcs":[[842,843,844,845,846]]},{"type":"Polygon","id":5853,"properties":{"id":5853,"name":"Bursins"},"arcs":[[-846,847,848,849,850,851]]},{"type":"Polygon","id":5854,"properties":{"id":5854,"name":"Burtigny"},"arcs":[[852,853,-851,854,855,-610,-691,-97,-93,-109]]},{"type":"Polygon","id":5855,"properties":{"id":5855,"name":"Dully"},"arcs":[[-845,856,-670,857,-848]]},{"type":"Polygon","id":5856,"properties":{"id":5856,"name":"Essertines-sur-Rolle"},"arcs":[[-61,-82,858,859,860,-853,-108,-87]]},{"type":"Polygon","id":5857,"properties":{"id":5857,"name":"Gilly"},"arcs":[[861,862,-847,-852,-854,-861]]},{"type":"Polygon","id":5858,"properties":{"id":5858,"name":"Luins"},"arcs":[[-849,-858,-674,-607,-856,863]]},{"type":"Polygon","id":5859,"properties":{"id":5859,"name":"Mont-sur-Rolle"},"arcs":[[864,865,-859,-81]]},{"type":"Polygon","id":5860,"properties":{"id":5860,"name":"Perroy"},"arcs":[[-80,-84,-842,866,867,-865]]},{"type":"Polygon","id":5861,"properties":{"id":5861,"name":"Rolle"},"arcs":[[-868,868,-843,-863,869,-866]]},{"type":"Polygon","id":5862,"properties":{"id":5862,"name":"Tartegnin"},"arcs":[[-870,-862,-860]]},{"type":"Polygon","id":5863,"properties":{"id":5863,"name":"Vinzel"},"arcs":[[-850,-864,-855]]},{"type":"Polygon","id":5871,"properties":{"id":5871,"name":"L'Abbaye"},"arcs":[[-761,-209,-194,-215,870,871,872,-758]]},{"type":"Polygon","id":5872,"properties":{"id":5872,"name":"Le Chenit"},"arcs":[[873,-871,-214,-70,-78,-91,-105,-95,-100,-606,-602,874,875]]},{"type":"Polygon","id":5873,"properties":{"id":5873,"name":"Le Lieu"},"arcs":[[-873,876,-876,877,-759]]},{"type":"Polygon","id":5881,"properties":{"id":5881,"name":"Blonay"},"arcs":[[878,879,880,881]]},{"type":"Polygon","id":5882,"properties":{"id":5882,"name":"Chardonne"},"arcs":[[882,883,884,885,-440,-432,886]]},{"type":"Polygon","id":5883,"properties":{"id":5883,"name":"Corseaux"},"arcs":[[887,888,-885,889]]},{"type":"Polygon","id":5884,"properties":{"id":5884,"name":"Corsier-sur-Vevey"},"arcs":[[890,891,-890,-884,892,893]]},{"type":"Polygon","id":5885,"properties":{"id":5885,"name":"Jongny"},"arcs":[[-893,-883,894]]},{"type":"Polygon","id":5886,"properties":{"id":5886,"name":"Montreux"},"arcs":[[895,896,897,898,-880]]},{"type":"Polygon","id":5888,"properties":{"id":5888,"name":"Saint-Légier-La Chiésaz"},"arcs":[[-882,899,900,-891,901]]},{"type":"Polygon","id":5889,"properties":{"id":5889,"name":"La Tour-de-Peilz"},"arcs":[[-881,-899,902,903,-900]]},{"type":"Polygon","id":5890,"properties":{"id":5890,"name":"Vevey"},"arcs":[[-904,904,-888,-892,-901]]},{"type":"Polygon","id":5891,"properties":{"id":5891,"name":"Veytaux"},"arcs":[[-45,905,-897,906,-838]]},{"type":"Polygon","id":5902,"properties":{"id":5902,"name":"Belmont-sur-Yverdon"},"arcs":[[-276,907,908,909]]},{"type":"Polygon","id":5903,"properties":{"id":5903,"name":"Bioley-Magnoux"},"arcs":[[-587,-575,910,911,912]]},{"type":"Polygon","id":5904,"properties":{"id":5904,"name":"Chamblon"},"arcs":[[913,914,915,916]]},{"type":"Polygon","id":5905,"properties":{"id":5905,"name":"Champvent"},"arcs":[[917,918,-916,919,920,-750,-714,-763,921]]},{"type":"Polygon","id":5907,"properties":{"id":5907,"name":"Chavannes-le-Chêne"},"arcs":[[-823,-798,922,923,924,925]]},{"type":"Polygon","id":5908,"properties":{"id":5908,"name":"Chêne-Pâquier"},"arcs":[[-797,926,927,-923]]},{"type":"Polygon","id":5909,"properties":{"id":5909,"name":"Cheseaux-Noréaz"},"arcs":[[928,929,930,931,932]]},{"type":"Polygon","id":5910,"properties":{"id":5910,"name":"Cronay"},"arcs":[[933,934,935,936,937,938]]},{"type":"Polygon","id":5911,"properties":{"id":5911,"name":"Cuarny"},"arcs":[[939,-938,940,941,-930,942]]},{"type":"Polygon","id":5912,"properties":{"id":5912,"name":"Démoret"},"arcs":[[-796,943,-589,944,945,-927]]},{"type":"Polygon","id":5913,"properties":{"id":5913,"name":"Donneloye"},"arcs":[[946,-945,-588,-913,947,-934,948]]},{"type":"Polygon","id":5914,"properties":{"id":5914,"name":"Ependes (VD)"},"arcs":[[-909,949,950,-744,951,952,953,954]]},{"type":"Polygon","id":5915,"properties":{"id":5915,"name":"Essert-Pittet"},"arcs":[[955,-727,-745,-951]]},{"type":"Polygon","id":5919,"properties":{"id":5919,"name":"Mathod"},"arcs":[[956,-952,-743,-756,-751,-921]]},{"type":"Polygon","id":5921,"properties":{"id":5921,"name":"Molondin"},"arcs":[[-924,-928,-946,-947,957,958]]},{"type":"Polygon","id":5922,"properties":{"id":5922,"name":"Montagny-près-Yverdon"},"arcs":[[-364,959,960,961,-917,-919,962]]},{"type":"Polygon","id":5923,"properties":{"id":5923,"name":"Oppens"},"arcs":[[-574,-249,-310,-298,963,-911]]},{"type":"Polygon","id":5924,"properties":{"id":5924,"name":"Orges"},"arcs":[[-359,964,-922,-762,965]]},{"type":"Polygon","id":5925,"properties":{"id":5925,"name":"Orzens"},"arcs":[[-948,-912,-964,-301,-271,966,-935]]},{"type":"Polygon","id":5926,"properties":{"id":5926,"name":"Pomy"},"arcs":[[-937,967,968,969,-941]]},{"type":"Polygon","id":5928,"properties":{"id":5928,"name":"Rovray"},"arcs":[[-925,-959,970,971]]},{"type":"Polygon","id":5929,"properties":{"id":5929,"name":"Suchy"},"arcs":[[-908,-275,-733,-724,-956,-950]]},{"type":"Polygon","id":5930,"properties":{"id":5930,"name":"Suscévaz"},"arcs":[[-915,972,-953,-957,-920]]},{"type":"Polygon","id":5931,"properties":{"id":5931,"name":"Treycovagnes"},"arcs":[[973,-954,-973,-914,-962]]},{"type":"Polygon","id":5932,"properties":{"id":5932,"name":"Ursins"},"arcs":[[-967,-270,974,-968,-936]]},{"type":"Polygon","id":5933,"properties":{"id":5933,"name":"Valeyres-sous-Montagny"},"arcs":[[-365,-963,-918,-965,-358]]},{"type":"Polygon","id":5934,"properties":{"id":5934,"name":"Valeyres-sous-Ursins"},"arcs":[[-975,-278,975,-969]]},{"type":"Polygon","id":5935,"properties":{"id":5935,"name":"Villars-Epeney"},"arcs":[[976,-943,-929]]},{"type":"Polygon","id":5937,"properties":{"id":5937,"name":"Vugelles-La Mothe"},"arcs":[[-370,-360,-966,-764,-329]]},{"type":"Polygon","id":5938,"properties":{"id":5938,"name":"Yverdon-les-Bains"},"arcs":[[-931,-942,-970,-976,-277,-910,-955,-974,-961,977]]},{"type":"Polygon","id":5939,"properties":{"id":5939,"name":"Yvonand"},"arcs":[[-971,-958,-949,-939,-940,-977,-933,978,979]]},{"type":"MultiPolygon","id":9154,"properties":{"id":9154,"name":"Lac de Neuchâtel (VD)"},"arcs":[[[-801,980]],[[-979,-932,-978,-960,-363,-322,-371,-343,-339,981]],[[-115,-121,982]]]},{"type":"Polygon","id":9296,"properties":{"id":9296,"name":"Murtensee/Lac de Morat (VD)"},"arcs":[[-117,-113,-119,983]]},{"type":"Polygon","id":9751,"properties":{"id":9751,"name":"Lac de Joux"},"arcs":[[-874,-877,-872]]},{"type":"MultiPolygon","id":9758,"properties":{"id":9758,"name":"Lac Léman (VD)"},"arcs":[[[-678,-690,-642,-659,984]],[[-416,-410,-429,-445,-435,-439,-441,-886,-889,-905,-903,-898,-906,-44,-30,985,-646,-682,-686,-671,-857,-844,-869,-867,-841,-456,-516,-519,-509,-513,-518,-401]]]}]},"lakes":{"type":"GeometryCollection","geometries":[{"type":"Polygon","id":9151,"properties":{"id":9151,"name":"Lac de Neuchâtel"},"arcs":[[986,-979,-932,-978,-960,-363,-322,-371,-343,-339,987,-115,-121,988,-801]]},{"type":"Polygon","id":9294,"properties":{"id":9294,"name":"Murtensee"},"arcs":[[989,-117,-113,-119]]},{"type":"Polygon","id":9751,"properties":{"id":9751,"name":"Lac de Joux"},"arcs":[[-874,-877,-872]]},{"type":"Polygon","id":9757,"properties":{"id":9757,"name":"Lac Léman"},"arcs":[[990,-646,-682,-686,-671,-857,-844,-869,-867,-841,-456,-516,-519,-509,-513,-518,-401,-416,-410,-429,-445,-435,-439,-441,-886,-889,-905,-903,-898,-906,-44,-30,991,-678,-690,-642,-659]]}]}},"arcs":[[[81963,18340],[-89,-162],[519,-718],[-636,149],[-851,-896],[-187,-369],[-842,-380],[-436,-514],[-945,-478],[-582,-58],[-1182,-789],[18,-251],[-427,-273],[-857,-240],[-725,-682]],[[74741,12679],[-1001,681],[-486,2381],[-4,1096]],[[73250,16837],[594,-192],[1858,194],[442,-98],[1025,602]],[[77169,17343],[13,-878],[556,-185],[1952,749],[631,405],[1133,1083],[162,289]],[[81616,18806],[347,-466]],[[94968,14214],[22,-1080],[636,-711],[-178,-418],[-714,-348],[260,-1190],[-415,-532],[-549,-23],[-1362,-1777],[-560,-133],[-342,-1011],[-923,-793],[-447,-162],[-856,36],[-248,-940],[60,-689],[-219,-85],[-977,-1340],[-1023,-551],[-672,-692],[-715,-231],[-719,165]],[[85027,1709],[-183,241],[212,567],[-134,423],[-734,447],[-435,1240],[-558,-133],[-516,266],[-942,233],[-1015,-351],[-905,-563]],[[79817,4079],[-427,224],[-182,974],[-521,637],[-605,1129],[-180,884],[-1390,1428]],[[76512,9355],[1333,469],[1687,147],[765,321],[654,474],[469,660],[294,0],[972,694],[679,-117],[632,-341]],[[83997,11662],[-23,-372],[-368,-327],[-161,-797],[329,6],[88,-536],[706,5],[866,369],[393,811],[735,223],[1009,446],[693,-131],[977,408],[-19,1041],[128,206],[1689,915],[738,146]],[[91777,14075],[471,233],[2720,-94]],[[70825,21199],[640,-997],[-515,-424],[492,-227]],[[71442,19551],[-1216,-885]],[[70226,18666],[-694,1151],[-486,489],[8,350],[393,1036]],[[69447,21692],[681,-170],[37,-434],[660,111]],[[80217,24032],[-193,-789],[-199,-283],[-1118,-621],[318,-1004],[-33,-968],[-206,-464],[-351,-29],[-480,-528]],[[77955,19346],[40,476],[-1538,-985],[-381,-565],[-276,91],[-300,-258],[-289,96],[-532,1560],[547,504],[-108,606],[-638,218]],[[74480,21089],[477,451],[-508,29],[-134,594],[-490,144]],[[73825,22307],[821,387],[534,496],[348,527],[547,310],[1380,434],[720,661],[390,601],[187,-168],[744,832],[551,134]],[[80047,26521],[243,-808],[-238,-592],[307,-452],[-142,-637]],[[91308,14351],[469,-276]],[[83997,11662],[956,382],[195,591],[393,254],[239,416],[796,660],[393,483],[1499,531],[1096,-61],[1185,-235],[559,-332]],[[85027,1709],[-612,-192],[-396,-407],[-515,-214],[-1163,-695],[-473,-87],[-448,560],[-485,850],[-813,718],[-168,598],[-137,1239]],[[77169,17343],[84,336],[516,802],[186,865]],[[80217,24032],[762,72],[775,-204],[664,-730],[-234,-1406],[-251,-739],[-284,-270],[-103,-1269],[-132,-315],[202,-365]],[[72200,25383],[313,-318],[90,-459],[373,-540]],[[72976,24066],[-708,-75],[-562,-442],[97,-195],[-623,-318],[102,-420],[-143,-1045]],[[71139,21571],[-314,-372]],[[69447,21692],[-112,1109],[-365,501],[-508,346],[-1372,1554]],[[67090,25202],[594,-159],[931,280],[833,49],[693,-192],[424,255],[915,-114],[720,62]],[[89307,18275],[1189,-1208],[355,61],[349,-286],[126,-648],[-208,-596],[362,-187],[78,-616],[-250,-444]],[[76512,9355],[-506,628],[-164,1096],[-274,761],[-827,839]],[[81963,18340],[1039,156],[1622,-687],[522,79],[421,-450],[963,282],[239,-328],[401,-131],[1,-696],[743,419],[461,-33],[662,211],[270,1113]],[[90634,23541],[-484,-376],[-986,101],[-734,-164],[-685,-443],[-604,-122],[378,-226],[-378,-607],[-18,-501],[391,-670],[-649,75],[-83,-613],[900,-360],[125,-591],[-92,-488],[358,-365],[649,240],[585,-156]],[[80047,26521],[248,362],[2016,1860],[130,-27]],[[82441,28716],[298,292],[1905,79],[440,-293],[312,-915],[-23,-831],[168,-638],[331,224],[471,713],[797,573],[1807,-665],[92,-350],[542,-460],[402,-1096],[431,-805],[220,-1003]],[[95355,23341],[1228,-20],[-96,-592],[760,-1450],[258,-3],[608,372],[330,-388],[-316,-374],[-619,-220],[311,-1021],[-121,-2351],[-2730,-3080]],[[90634,23541],[448,-46],[790,330],[1004,-157],[249,-153],[949,-67],[610,-539],[671,432]],[[72708,22433],[-360,-482],[-485,253],[-724,-633]],[[72976,24066],[-6,-547],[-262,-1086]],[[74480,21089],[-557,-703],[-533,-250],[84,-328],[-1656,-336],[-376,79]],[[72708,22433],[660,-190],[457,64]],[[81054,30831],[-471,-359],[-280,-433],[71,-1380],[669,-48],[1360,251],[38,-146]],[[72200,25383],[253,166],[163,556],[465,822]],[[73081,26927],[643,8],[510,596],[482,221],[345,439],[1496,1059],[411,523],[379,-98],[662,376],[300,13],[458,358],[1158,164],[989,568]],[[80914,31154],[140,-323]],[[73250,16837],[-304,750],[-938,956],[-1337,-118],[-445,241]],[[31249,46204],[-9,-639],[1016,-327]],[[32256,45238],[26,-838],[-285,-306],[204,-155]],[[32201,43939],[-151,-260],[-388,256],[-513,-716],[82,-565],[-246,-191]],[[30985,42463],[-406,-474],[-460,-111]],[[30119,41878],[-54,428],[-514,35],[-453,347],[-697,207]],[[28401,42895],[236,1159],[-322,320],[-778,294],[77,678],[266,1057],[-418,488]],[[27462,46891],[-168,348]],[[27294,47239],[622,456],[195,-530],[479,47],[818,-655],[1841,-353]],[[28004,37694],[457,-273],[294,-592],[98,-808]],[[28853,36021],[24,-356]],[[28877,35665],[-377,-433],[-1210,-259]],[[27290,34973],[-254,629],[-553,265],[-838,1030],[-272,173],[-275,-314]],[[25098,36756],[-488,-486],[-595,-161],[-700,744],[148,203],[-440,359],[-298,-327]],[[22725,37088],[-493,410],[392,232],[-104,209]],[[22520,37939],[388,304]],[[22908,38243],[1361,-661],[420,-375],[588,483],[492,210],[270,-150],[-7,416],[-545,846],[362,303]],[[25849,39315],[349,-464],[510,-321],[529,-587],[391,63],[376,-312]],[[28401,42895],[-716,149],[-82,368],[-423,341],[-740,-962],[-345,-164]],[[26095,42627],[-1698,1182],[71,230]],[[24468,44039],[340,371],[-299,439],[264,417],[-83,411]],[[24690,45677],[432,163],[501,-372],[886,809],[366,116],[587,498]],[[24468,44039],[-643,334],[-374,-452],[-1077,707],[-1700,2019],[404,582],[-1193,134],[-696,323],[146,207]],[[19335,47893],[479,541]],[[19814,48434],[630,214]],[[20444,48648],[777,-237],[744,-574],[449,-14],[597,-328],[694,-803],[48,-275],[937,-740]],[[26095,42627],[-246,-111]],[[25849,42516],[-371,-155],[-18,-309],[-474,-253],[115,-731],[-205,-738]],[[24896,40330],[-500,-5],[-223,-231]],[[24173,40094],[-361,265],[-714,-63],[-1020,587],[-681,702],[-325,591]],[[21072,42176],[-280,180],[-839,1],[-345,739],[-614,445],[-417,828],[-780,158],[-860,821]],[[16937,45348],[384,58],[511,1503],[1111,1015],[392,-31]],[[25098,36756],[141,-172],[-211,-688],[205,-560]],[[25233,35336],[-427,-18],[-448,-416],[-198,83],[-284,668]],[[23876,35653],[-163,409],[-564,456],[-206,386]],[[22943,36904],[-218,184]],[[27290,34973],[-323,-58],[-450,-894]],[[26517,34021],[-485,114],[-405,1177],[-394,24]],[[21072,42176],[-530,-636],[646,-1311],[283,-385],[1575,-1284]],[[23046,38560],[-138,-317]],[[22520,37939],[-133,-199],[-1067,210]],[[21320,37950],[-490,416],[-1049,-68],[-589,92],[21,-443],[-260,-376]],[[18953,37571],[-782,625],[287,331],[-681,457]],[[17777,38984],[180,2],[765,568],[-83,613],[-719,286],[512,915],[-361,223],[-234,458],[-527,106],[-234,458],[-560,14],[-1099,803],[-667,-7]],[[14750,43423],[427,531],[363,195],[574,741],[823,458]],[[18953,37571],[-565,-815],[-406,-77]],[[17982,36679],[-202,-102],[-128,-658],[-575,-140]],[[17077,35779],[89,303],[-731,41],[-454,1237],[-214,235],[-1156,400],[-318,311],[-148,490],[-507,645],[-502,1127],[178,344]],[[13314,40912],[477,816]],[[13791,41728],[1005,-237],[-94,-286],[377,-944],[-26,-489],[686,-1313],[996,-559],[579,796],[463,288]],[[17077,35779],[-316,72],[-743,-478],[-381,-75]],[[15637,35298],[-69,317],[-708,284],[-766,-197],[-1265,372],[-1037,1854]],[[11792,37928],[-577,1130],[872,1062],[270,794]],[[12357,40914],[96,297],[861,-299]],[[27332,47746],[-38,-507]],[[20444,48648],[640,362],[2236,-59],[1391,159],[929,-201],[593,-265],[1099,-898]],[[24896,40330],[953,-1015]],[[23046,38560],[17,700],[303,17],[807,817]],[[13791,41728],[959,1695]],[[28675,39577],[-881,-494],[77,-535],[376,-325],[-243,-529]],[[25849,42516],[726,-161],[110,-557],[450,-142],[270,-456],[473,-150],[246,-653],[676,-791],[-125,-29]],[[21320,37950],[-302,-407],[-429,-224],[368,-249],[-842,-521],[-619,409],[-371,-416],[-144,108],[-735,-477]],[[18246,36173],[-264,506]],[[83632,87320],[327,-985],[269,-313],[810,201],[264,-80]],[[85302,86143],[441,-165],[-1201,-906],[-305,-355],[-24,-497],[635,-392],[122,-357],[-338,-586],[-345,-202],[-390,-540],[-285,-668],[-467,-269],[-518,-970],[-283,159],[-184,-317],[-699,636],[420,551],[-71,243],[544,390],[-822,676],[460,906],[-868,527],[-292,-204],[-444,557],[-174,-377],[-642,-549],[-599,150],[-472,568],[488,333],[817,872]],[[79806,85357],[416,800],[284,-162],[191,317],[843,808],[87,-111],[837,912]],[[82464,87921],[523,-479],[645,-122]],[[84041,92975],[-1398,-1015],[-1645,-782],[459,-469],[-389,-108],[-500,-400],[-297,367],[-415,90],[-65,263],[-782,-601],[-622,448],[-944,1202]],[[77443,91970],[751,434],[519,440],[553,189],[1371,839],[651,539],[164,395],[595,582],[332,1012]],[[82379,96400],[1002,-336],[958,-714],[-433,-715],[148,-282],[-199,-422],[182,-454],[-265,-69],[269,-433]],[[83632,87320],[817,-2],[332,308],[961,395],[371,269]],[[86113,88290],[496,-661],[259,-137],[-159,-382],[-385,-223],[186,-232],[-473,-442],[-735,-70]],[[84054,91133],[-886,-466],[-284,-416],[-971,-747],[-39,-798],[590,-785]],[[79806,85357],[-1852,1798],[-532,676],[277,317],[-219,197],[472,559],[-794,630],[-518,-303],[-602,429],[-291,410]],[[75747,90070],[1544,1213],[152,687]],[[84041,92975],[145,-1125],[-292,-471],[160,-246]],[[43824,54015],[0,-294],[558,-296]],[[44382,53425],[-284,-1086],[115,-117]],[[44213,52222],[-354,-588],[-226,116]],[[43633,51750],[-601,314],[-259,553],[-939,-293]],[[41834,52324],[132,543],[-290,8],[538,1211],[206,85]],[[42420,54171],[465,341],[719,-133],[220,-364]],[[43633,51750],[-363,-1036],[-334,36],[-117,-531]],[[42819,50219],[-476,91],[-400,-348],[-781,143]],[[41162,50105],[-125,258],[314,435],[-461,178],[15,510]],[[40905,51486],[264,585],[400,-138],[265,391]],[[44877,51544],[-155,-638],[240,-220],[-172,-898]],[[44790,49788],[-807,-517]],[[43983,49271],[-482,105],[-106,468],[-452,634],[-124,-259]],[[44213,52222],[284,-108],[380,-570]],[[35167,54476],[269,-844],[254,-151]],[[35690,53481],[-394,-978],[14,-541],[309,-188],[-142,-540]],[[35477,51234],[-466,-3],[-292,217],[-134,-329],[-744,114]],[[33841,51233],[-318,-135]],[[33523,51098],[-248,157],[173,1091],[-455,143]],[[32993,52489],[-374,335],[393,1022],[20,313],[-709,339],[163,336]],[[32486,54834],[422,332]],[[32908,55166],[154,-698],[363,241],[564,-323],[171,164],[632,-644],[41,394],[334,176]],[[33523,51098],[-439,-93],[-447,-605],[-190,92],[-260,-502],[-265,117]],[[31922,50107],[-335,609],[-676,516]],[[30911,51232],[231,-44],[483,333],[-203,490]],[[31422,52011],[434,53],[669,-146],[468,571]],[[36251,56939],[-13,-733],[-699,-578],[24,-155]],[[35563,55473],[-396,-997]],[[32908,55166],[1095,750],[662,233]],[[34665,56149],[573,635],[461,224],[552,-69]],[[37798,54042],[346,-572],[-296,-462],[576,-303]],[[38424,52705],[-327,-787],[147,-773],[468,-1081]],[[38712,50064],[-956,-653],[-559,158],[-338,-93]],[[36859,49476],[-339,305],[125,412],[-270,152],[218,661],[-1116,228]],[[35690,53481],[984,-277],[192,713],[300,-100],[118,293],[514,-68]],[[33615,47884],[-92,-1608]],[[33523,46276],[-948,-865]],[[32575,45411],[-147,754],[281,296],[-492,688],[231,238],[-401,1070]],[[32047,48457],[148,358]],[[32195,48815],[315,-26],[248,-889],[857,-16]],[[31422,52011],[-883,826],[313,220],[-383,299],[277,282],[-1393,618],[88,257]],[[29441,54513],[1429,1788]],[[30870,56301],[1075,-722],[33,-762],[508,17]],[[40905,51486],[-193,240]],[[40712,51726],[94,266],[-425,146],[168,230],[-697,238],[-517,677]],[[39335,53283],[531,328],[-198,190],[582,636],[158,546]],[[40408,54983],[295,-133],[324,1021],[559,104]],[[41586,55975],[161,-366],[-212,-533],[481,-158],[-60,-370],[464,-377]],[[37479,54605],[352,-127],[-33,-436]],[[35563,55473],[912,-345],[297,409],[431,-206],[276,-726]],[[42748,57781],[-397,-304],[-174,-686],[-618,-341],[27,-475]],[[40408,54983],[-853,488],[-102,-366],[-1001,301]],[[38452,55406],[121,802],[-208,5],[435,827],[613,-318],[-69,264],[587,16],[168,307]],[[40099,57309],[888,313],[563,12],[334,483]],[[41884,58117],[233,161],[631,-497]],[[34161,58677],[463,-134]],[[34624,58543],[813,-795],[436,309],[1097,-715],[-188,-370],[-531,-33]],[[34665,56149],[118,519],[-378,57],[-734,767],[196,297],[-32,1023]],[[33835,58812],[326,-135]],[[39263,50108],[56,-886],[-224,-333]],[[39095,48889],[-192,75],[46,-1115],[323,-184],[-278,-363]],[[38994,47302],[-448,225],[-557,-466],[-368,400],[-1068,-447]],[[36553,47014],[-2,559],[-198,527]],[[36353,48100],[-51,1102],[557,274]],[[38712,50064],[551,44]],[[33841,51233],[322,-275],[336,-786],[305,50],[-78,-627],[254,-653]],[[34980,48942],[-85,-308],[-394,-64],[43,-368],[-283,-238],[-646,-80]],[[32195,48815],[-273,1292]],[[30911,51232],[-335,-395]],[[30576,50837],[-504,280],[-525,-578],[-535,-111]],[[29012,50428],[-505,292],[-317,467],[328,209],[-692,608],[-722,797],[-570,-5],[-890,352],[-1516,247],[-1679,-291]],[[22449,53104],[531,813],[1083,465]],[[24063,54382],[719,740],[2370,-335],[1516,375],[773,-649]],[[39335,53283],[-662,-276],[-249,-302]],[[37479,54605],[60,165],[726,-118],[187,754]],[[30576,50837],[-1094,-753],[-399,148]],[[29083,50232],[-71,196]],[[43183,47943],[-202,-661],[133,-209]],[[43114,47073],[-309,-154],[-474,109],[-993,-433],[6,-541],[-196,-12]],[[41148,46042],[-220,138],[-36,1075],[-150,39],[229,803],[-25,381]],[[40946,48478],[901,-11],[606,-444],[412,92],[318,-172]],[[33741,58842],[94,-30]],[[30870,56301],[419,828]],[[31289,57129],[740,602]],[[32029,57731],[250,27]],[[32279,57758],[1158,1092],[304,-8]],[[24063,54382],[-218,832],[278,899],[-138,923],[-24,876],[188,673]],[[24149,58585],[632,323],[584,-405],[248,-363],[1934,721]],[[27547,58861],[605,119]],[[28152,58980],[781,-495],[2356,-1356]],[[29083,50232],[7,-514],[-357,-475],[4,-328],[-409,-706],[-996,-463]],[[19814,48434],[14,68]],[[19828,48502],[234,440],[-394,442],[1203,1140],[748,530],[1165,1169],[-691,276],[356,605]],[[41017,60281],[48,-1438],[160,-80],[-218,-611],[518,-159],[359,124]],[[40099,57309],[-924,152],[-1108,467]],[[38067,57928],[373,140],[-41,472],[232,210],[950,1652],[362,-251],[31,366],[1043,-236]],[[32047,48457],[-206,-23],[-61,-720],[-535,-800],[4,-710]],[[40712,51726],[-381,-86],[-766,-971],[-220,-26],[-82,-535]],[[41162,50105],[186,-1228],[-306,48]],[[41042,48925],[-674,106],[-519,-234],[-754,92]],[[41000,61058],[17,-777]],[[38067,57928],[-313,-185],[-1250,717],[-164,241]],[[36340,58701],[317,-46],[376,609],[280,-292],[173,702],[730,209],[602,1007],[297,-96],[432,242],[460,-67],[33,360],[960,-271]],[[35781,58986],[559,-285]],[[34624,58543],[473,536],[398,104]],[[35495,59183],[286,-197]],[[36353,48100],[-130,530],[-855,101],[-388,211]],[[32575,45411],[-109,-138]],[[32466,45273],[-210,-35]],[[43983,49271],[-237,-942],[-201,-163]],[[43545,48166],[-284,125],[-78,-348]],[[40946,48478],[96,447]],[[41148,46042],[3,-268]],[[41151,45774],[-408,-213],[-541,70],[-570,-259],[-387,166]],[[39245,45538],[-182,106],[-118,994],[49,664]],[[49257,53281],[-213,-751],[-277,-413]],[[48767,52117],[-191,-161],[-82,-738]],[[48494,51218],[-699,169],[-329,-749]],[[47466,50638],[-1111,599],[-121,299]],[[46234,51536],[-64,1046],[81,590]],[[46251,53172],[224,370]],[[46475,53542],[338,-184],[410,250],[808,-99],[470,200],[756,-428]],[[55296,62274],[-175,-494]],[[55121,61780],[-105,-804],[-316,-474],[-94,-547],[-329,-211],[-194,-498]],[[54083,59246],[-411,337],[-721,985]],[[52951,60568],[569,745],[320,1180],[-159,513]],[[53681,63006],[478,-117],[308,592]],[[54467,63481],[440,-297],[-81,-745],[470,-165]],[[46234,51536],[-79,-110],[-1278,118]],[[44382,53425],[481,-249],[201,428],[507,6],[96,199],[504,-132],[80,-505]],[[51404,53480],[281,-269],[-108,-590],[508,-176],[706,-567],[-83,-398]],[[52708,51480],[-82,-219],[-670,449],[-431,-262],[-267,-594],[-428,-538]],[[50830,50316],[-500,198],[-239,-397]],[[50091,50117],[-681,396],[132,222],[-390,199],[186,647],[-571,536]],[[49257,53281],[326,686]],[[49583,53967],[430,-348],[73,198],[650,-317],[496,-407],[172,387]],[[50091,50117],[197,-413],[-574,-205]],[[49714,49499],[-981,-440]],[[48733,49059],[-663,694],[5,612],[419,853]],[[49714,49499],[-541,-470],[551,-418],[-17,-309],[341,-1049]],[[50048,47253],[-532,42],[-205,-417],[-712,-346],[-94,545],[-490,531],[-253,14]],[[47762,47622],[-78,38]],[[47684,47660],[367,501],[219,732],[463,166]],[[50010,56050],[338,-174],[-265,-569],[-636,-648],[136,-692]],[[46475,53542],[226,1119],[238,457],[-571,359]],[[46368,55477],[468,861],[361,-415],[90,212]],[[47287,56135],[556,-166],[179,407],[409,-218],[185,150],[650,-454],[744,196]],[[49953,66296],[113,-484],[728,-877],[210,-33]],[[51004,64902],[-245,-500],[100,-425]],[[50859,63977],[-410,-378],[-229,-1096]],[[50220,62503],[-486,274],[-532,-287],[-259,448],[-105,-465],[-454,484],[-170,-489],[-255,-4]],[[47959,62464],[-510,-220],[-546,335],[198,542],[-298,9]],[[46803,63130],[293,387],[79,543]],[[47175,64060],[653,4],[417,773],[-48,1421],[146,847]],[[48343,67105],[343,580]],[[48686,67685],[460,-302],[298,-559],[509,-528]],[[47466,50638],[-458,-958],[-285,39],[-305,-613]],[[46418,49106],[-953,146],[-265,360],[-410,176]],[[54083,59246],[-161,-134]],[[53922,59112],[-386,-261],[-222,-442]],[[53314,58409],[-541,-549],[-157,-556],[-301,-89],[-916,689],[-525,-49],[16,-349],[-415,-349]],[[50475,57157],[-413,206],[-3,580],[653,870],[319,755],[-298,-71]],[[50733,59497],[340,685],[-23,423]],[[51050,60605],[337,6],[984,617]],[[52371,61228],[580,-660]],[[52708,51480],[559,82],[870,-531]],[[54137,51031],[87,-303],[475,-492],[-87,-190]],[[54612,50046],[-91,-550]],[[54521,49496],[22,-408],[-317,-1131]],[[54226,47957],[-520,-36],[-1179,1132],[-350,147],[24,345],[-347,216],[-424,-210],[-46,320],[-363,10],[-191,435]],[[47684,47660],[-1063,306]],[[46621,47966],[-203,1140]],[[43518,57754],[312,-308],[14,-554],[329,-279],[26,-404],[-238,-451],[213,-261],[-6,-702]],[[44168,54795],[-344,-780]],[[42748,57781],[367,-518],[54,456],[349,35]],[[51653,63917],[901,-514],[439,-545]],[[52993,62858],[-56,-514],[-248,-284],[-318,-832]],[[51050,60605],[-1006,826],[226,482],[-50,590]],[[50859,63977],[635,-197],[159,137]],[[47470,61201],[-152,-871]],[[47318,60330],[-512,-1071]],[[46806,59259],[-1104,-488],[-990,230],[-357,704],[-291,204]],[[44064,59909],[-81,222]],[[43983,60131],[316,339],[-210,728],[266,226],[264,-307],[875,110]],[[45494,61227],[286,-120],[425,382],[484,-75],[87,280],[695,43],[-1,-536]],[[53596,53979],[48,-727],[224,-369],[-162,-352],[93,-524],[474,-545],[-136,-431]],[[51404,53480],[-195,339],[96,453],[653,604],[1638,-897]],[[52993,62858],[123,637],[239,374],[267,-213],[59,-650]],[[44168,54795],[491,84],[133,467],[494,64],[186,302],[896,-235]],[[50475,57157],[-296,-408],[88,-474],[-257,-225]],[[47287,56135],[424,1156],[-524,157],[642,492],[220,523],[-1243,796]],[[47318,60330],[193,-266],[55,-649],[548,-209],[-10,-334],[664,-26],[-14,-355],[615,-4],[93,473],[424,-63],[847,600]],[[47470,61201],[220,21],[279,735],[-10,507]],[[54414,56677],[-379,-446],[313,-468],[-268,-833],[-557,-519],[73,-432]],[[53314,58409],[273,-334],[123,-968],[671,-173],[33,-257]],[[43518,57754],[265,200],[-12,559],[431,637],[-138,759]],[[51818,83820],[145,-635],[260,-36]],[[52223,83149],[34,-125]],[[52257,83024],[-646,-60],[110,-364],[-398,-138],[269,-1203],[494,-792],[-436,-505],[575,-1010],[-153,-134],[573,-676]],[[52645,78142],[-351,-657]],[[52294,77485],[-523,478],[-426,175],[-323,-253]],[[51022,77885],[-688,937],[-54,597],[185,344],[-448,406]],[[50017,80169],[167,512],[237,-13],[-167,862],[360,900],[-624,-274],[-158,937],[-569,208],[930,65]],[[50193,83366],[444,49],[735,464],[446,-59]],[[43667,82417],[-107,-486],[-264,-194],[149,-438],[324,186],[562,-612],[-416,-529],[736,-299],[69,-289],[-337,-249]],[[44383,79507],[-942,-634]],[[43441,78873],[-56,74],[-940,-546],[-107,-535],[-618,-940]],[[41720,76926],[-161,-42]],[[41559,76884],[-1094,-296],[-828,944],[-109,926],[-846,520],[96,735],[240,594],[792,842]],[[39810,81149],[283,-235],[906,327],[331,346],[723,397],[-73,198],[1400,983]],[[43380,83165],[476,-516],[-189,-232]],[[51022,77885],[0,-279],[-941,23],[-711,310],[-561,-144]],[[48809,77795],[-327,959]],[[48482,78754],[-45,368]],[[48437,79122],[187,321],[-21,747],[926,118],[135,-393],[353,254]],[[57015,84184],[-585,-1348],[622,452],[1165,-171],[250,-207]],[[58467,82910],[-275,-580],[-582,-475],[-442,-189],[-964,-928],[-509,-114],[-625,-394]],[[55070,80230],[-850,1166],[-512,527],[-333,1024],[-1152,202]],[[51818,83820],[1045,469]],[[52863,84289],[767,323],[678,-22],[574,-353],[736,-803],[590,296],[538,486],[269,-32]],[[55070,80230],[-777,-1084],[-364,-271]],[[53929,78875],[-651,1112],[156,126],[-1012,1925],[500,243],[-287,681],[-378,62]],[[48809,77795],[-253,-279],[-826,-381],[-329,52]],[[47401,77187],[-729,-78],[-708,456]],[[45964,77565],[454,480],[1384,480],[23,164],[657,65]],[[39810,81149],[-686,513]],[[39124,81662],[865,1014],[661,222],[542,521],[905,303]],[[42097,83722],[1150,-389],[133,-168]],[[46650,80742],[-11,-449],[313,-932],[624,-175],[471,195],[390,-259]],[[45964,77565],[-337,-32]],[[45627,77533],[-89,1124]],[[45538,78657],[144,156],[955,185],[-236,751],[-490,-119],[-515,844],[-651,531],[-312,747],[-333,79],[-433,586]],[[42097,83722],[1021,591],[1048,450]],[[44166,84763],[281,-799],[-138,-74],[957,-477],[338,-694],[-597,-325],[-110,-503],[274,-333],[340,86],[159,-767],[434,-297],[546,162]],[[47401,77187],[439,-151],[-575,-613],[65,-666],[272,-304],[-676,-269],[-40,-344]],[[46886,74840],[-267,-95],[-92,413],[-534,-194],[-92,445],[-845,-308],[-82,168]],[[44974,75269],[-157,1225],[-286,502],[218,330]],[[44749,77326],[60,263]],[[44809,77589],[818,-56]],[[45538,78657],[-501,-51],[-63,254],[-591,647]],[[52294,77485],[-438,-352],[-1574,-727],[-1107,-1040],[-834,-566],[-37,-776]],[[48304,74024],[-522,-228],[-644,131]],[[47138,73927],[-252,913]],[[44166,84763],[887,-74],[726,392]],[[45779,85081],[-79,-640],[455,-415],[204,-760],[-281,-202],[523,-370],[739,426],[210,-441],[-523,-221],[304,-695],[287,-250],[-685,-369],[117,-251],[-400,-151]],[[56891,84811],[181,-13],[-57,-614]],[[52863,84289],[-392,503],[473,-23],[1170,385],[963,124],[1364,-218],[450,-249]],[[44809,77589],[-618,-7],[-750,1291]],[[53929,78875],[-1284,-733]],[[50193,83366],[-1091,572],[-817,988],[-491,745]],[[47794,85671],[1290,1773],[141,535],[1791,1179],[1402,674],[3026,1251],[218,-610],[-507,-1852],[-60,-1194],[362,-81],[1609,-1288],[-175,-1247]],[[41559,76884],[-207,-852],[-790,-516],[-1056,29],[-286,-153]],[[39220,75392],[-278,57],[-2065,-615],[-2393,-1376],[-426,-93],[-362,200],[-1304,1854],[-366,321],[-742,-962]],[[31284,74778],[-308,1251],[818,478],[-91,956],[245,943],[1478,2392],[451,-92],[94,-365],[1321,-153],[3477,1225],[355,249]],[[45779,85081],[698,263],[1050,-28],[267,355]],[[54601,42535],[-790,-384],[-205,-429],[-547,-505],[-127,-595],[-668,-250],[-639,-632]],[[51625,39740],[-167,-67]],[[51458,39673],[-246,924],[380,485],[422,153],[811,963],[418,15],[625,575]],[[53868,42788],[733,-253]],[[46621,47966],[-559,-172],[-561,138],[-968,-1095]],[[44533,46837],[-472,303],[-558,32],[367,196],[-222,293],[-264,-454],[-229,284],[390,675]],[[44533,46837],[-212,-744],[-250,-342],[-192,-1391],[211,4]],[[44090,44364],[220,-781]],[[44310,43583],[-442,132],[-213,-630],[-332,-347]],[[43323,42738],[-964,621]],[[42359,43359],[140,321],[-149,434],[154,789],[-267,444]],[[42237,45347],[379,392],[-74,224],[454,477],[118,633]],[[49207,43707],[675,92],[184,254],[101,897],[233,424]],[[50400,45374],[231,522],[522,269],[318,-158],[-409,-393],[342,-466],[444,-306],[618,36],[-77,-857],[-458,-475],[-415,-863],[-1576,473],[-733,551]],[[45694,44220],[-214,-214],[121,-430],[-650,-317]],[[44951,43259],[-444,419],[-197,-95]],[[44090,44364],[472,916],[427,408]],[[44989,45688],[79,-497],[422,-345],[-36,-405],[240,-221]],[[47762,47622],[7,-361],[-607,-914],[-425,-247]],[[46737,46100],[-26,215],[-490,187],[-938,33],[-450,-516],[156,-331]],[[54226,47957],[1220,-112],[-244,-962]],[[55202,46883],[-704,-1202],[-528,-1296],[-262,-243],[-178,-906]],[[53530,43236],[-607,188],[-554,-793],[-645,-443],[-460,-125],[-231,-808],[-350,2],[-479,-771],[-402,-215],[-16,-591],[-665,-45],[-504,-256],[222,-779]],[[48839,38600],[-733,215],[-489,-180],[-766,475],[-1175,469],[-52,-166],[-975,767],[-541,-38]],[[44108,40142],[-172,394]],[[43936,40536],[404,872]],[[44340,41408],[515,-412],[511,50]],[[45366,41046],[192,517],[315,-43],[-32,362],[489,480],[-100,585],[51,1197]],[[46281,44144],[514,50]],[[46795,44194],[586,-755],[13,-374],[281,-284],[222,322],[440,18],[870,586]],[[50400,45374],[-332,175],[235,653],[-255,1051]],[[46795,44194],[-81,567],[139,733],[-250,344],[134,262]],[[51652,38475],[-687,53]],[[50965,38528],[493,1145]],[[51625,39740],[267,-259],[-239,-335],[-1,-671]],[[45366,41046],[-257,689],[7,1073],[-269,133],[104,318]],[[45694,44220],[587,-76]],[[53530,43236],[338,-448]],[[50965,38528],[-227,164],[-1667,-16],[-232,-76]],[[44340,41408],[-974,320],[303,465],[-373,465]],[[43296,42658],[27,80]],[[61112,36801],[229,-930],[-430,40],[401,-376],[-105,-518],[-284,-11]],[[60923,35006],[-390,425],[-445,106]],[[60088,35537],[-1092,781],[395,67],[18,343],[436,82],[171,-274],[-51,692],[1147,-427]],[[60095,45537],[786,-606],[454,-57]],[[61335,44874],[-75,-189],[394,-385],[746,-396]],[[62400,43904],[-584,-566],[-402,-681],[-534,-595],[-400,-791],[-1500,-758],[-587,-1764]],[[58393,38749],[-1269,655],[-1438,1315]],[[55686,40719],[1745,1586],[759,1224],[-256,727],[449,540],[-574,462],[-566,284],[-4,366],[502,475]],[[57741,46383],[833,-657],[189,379],[1332,-568]],[[55338,40275],[-252,-732],[-474,-527],[-394,-1114],[-356,-363]],[[53862,37539],[-346,271],[-574,157],[-906,438],[-384,70]],[[54601,42535],[-157,-407],[721,-472],[-270,-263],[321,-441],[-194,-657],[316,-20]],[[63155,41227],[479,-1158],[551,-533]],[[64185,39536],[-633,-285],[-49,-510],[-456,-743],[-218,0],[-92,-817],[325,-258],[-301,-183],[58,-459],[-811,-192],[21,-487]],[[62029,35602],[-369,231],[-548,968]],[[60088,35537],[174,-708]],[[60262,34829],[-1393,643],[-945,900]],[[57924,36372],[325,811],[-29,890],[173,676]],[[62400,43904],[794,-431],[-496,-1651],[-232,-163],[689,-432]],[[60923,35006],[49,-222]],[[60972,34784],[-710,45]],[[62029,35602],[-20,-1077]],[[62009,34525],[-1037,259]],[[57296,47018],[445,-635]],[[55686,40719],[-348,-444]],[[55202,46883],[637,134],[377,-469],[236,286],[844,184]],[[57924,36372],[-638,322],[-550,6],[-568,-355],[-748,-7],[-1558,1201]],[[39245,45538],[-101,-203]],[[39144,45335],[-82,142]],[[39062,45477],[-367,170],[-61,-327],[-1027,-2],[-764,400],[-212,-341]],[[36631,45377],[-287,48]],[[36344,45425],[236,786],[-348,457],[321,346]],[[39144,45335],[149,-490],[481,-485]],[[39774,44360],[-597,-566],[-526,-1014]],[[38651,42780],[-862,409],[-383,-276]],[[37406,42913],[-442,298],[379,673]],[[37343,43884],[239,342],[509,-46],[323,636],[403,231],[245,430]],[[31405,34469],[-1165,-224],[-1677,-1194],[-900,154]],[[27663,33205],[179,353],[1057,670],[28,527]],[[28927,34755],[381,68],[614,-212],[933,69],[-92,319]],[[30763,34999],[378,9],[264,-539]],[[42359,43359],[-545,-179],[-180,-305],[-535,227]],[[41099,43102],[-62,308],[-453,225],[-260,533],[-550,192]],[[41151,45774],[354,-28],[732,-399]],[[32422,42662],[387,78],[370,-188],[-19,-307]],[[33160,42245],[-394,-564],[299,-318]],[[33065,41363],[-1100,-544],[-170,202],[-364,-218]],[[31431,40803],[-672,441],[-640,634]],[[30985,42463],[310,-196],[853,580],[274,-185]],[[43936,40536],[-275,497],[-547,-269],[-518,104],[-181,370],[512,1112],[369,308]],[[35161,40593],[-70,-468],[627,-404],[-649,29],[-248,-324]],[[34821,39426],[-189,-245]],[[34632,39181],[-325,557]],[[34307,39738],[145,898],[709,-43]],[[33053,43665],[16,-218],[-488,-563]],[[32581,42884],[-354,200],[107,328],[-133,527]],[[32466,45273],[256,-414],[19,-749],[312,-445]],[[34040,39832],[-1094,-759]],[[32946,39073],[-353,199],[-457,-133]],[[32136,39139],[-465,318],[233,358],[-256,551]],[[31648,40366],[-217,437]],[[33065,41363],[1029,-865],[-179,-239],[125,-427]],[[40722,41692],[172,-110],[-314,-507],[41,-699],[-317,-689]],[[40304,39687],[-523,201],[-64,530],[-297,578]],[[39420,40996],[298,307],[-360,382],[138,127]],[[39496,41812],[293,76],[409,-403],[524,207]],[[41099,43102],[-98,-685],[185,-427],[-464,-298]],[[39496,41812],[-371,410],[-257,-84],[-217,642]],[[36631,45377],[96,-602],[555,-187],[-179,-482],[240,-222]],[[37406,42913],[-255,-1117],[43,-557],[241,-331]],[[37435,40908],[-902,-123],[-98,111],[-1088,-276],[-190,283]],[[35157,40903],[-553,732]],[[34604,41635],[33,858],[-214,147],[161,398],[-221,450],[-416,140],[-402,-256],[-492,293]],[[33523,46276],[491,-311],[497,50],[1371,-952],[-32,-316],[336,-125],[158,803]],[[43936,40536],[-1154,-395],[-578,-53],[-614,-329],[-908,60],[-378,-132]],[[31345,37635],[351,-823],[-489,-293],[-89,-274],[259,-360],[-385,-309],[132,-175],[-361,-402]],[[28927,34755],[-50,910]],[[28853,36021],[378,331],[-12,624],[578,194],[542,382],[66,292]],[[30405,37844],[502,-395],[438,186]],[[29728,39260],[-91,-382],[247,-195],[521,-839]],[[28675,39577],[498,-265],[555,-52]],[[39420,40996],[-714,-382],[-542,-115],[-238,-329]],[[37926,40170],[-491,738]],[[34632,39181],[-537,-616],[4,-300],[834,-925]],[[34933,37340],[-473,-325],[-733,626],[284,143],[-439,200]],[[33572,37984],[-640,656],[14,433]],[[34040,39832],[267,-94]],[[33572,37984],[-700,-687],[-886,40],[-596,609]],[[31390,37946],[142,812],[385,-10],[219,391]],[[37926,40170],[-14,-319]],[[37912,39851],[-585,-28],[-961,-1348],[-636,-257]],[[35730,38218],[-530,550],[-379,658]],[[35161,40593],[-4,310]],[[40304,39687],[187,-472],[-350,-257]],[[40141,38958],[-340,51],[-933,722],[-464,193],[-492,-73]],[[32581,42884],[-159,-222]],[[34933,37340],[142,-387]],[[35075,36953],[-824,-76],[-672,-752],[8,-678],[-582,5],[-684,-666],[-916,-317]],[[31345,37635],[45,311]],[[44108,40142],[-386,93],[-707,-533],[-745,-223],[-324,-421],[-567,-128],[-1238,28]],[[35730,38218],[-345,-529],[-60,-525],[-250,-211]],[[34604,41635],[-1444,610]],[[29728,39260],[491,147],[324,459],[242,-218],[319,436],[344,-251],[200,533]],[[55121,61780],[366,-222],[85,-483],[301,-155],[183,-445],[-81,-415],[318,-397],[389,32],[-124,-327],[-540,60],[-154,-531],[-492,-98],[-103,-503],[-645,-215],[7,767],[-422,-27],[-287,291]],[[67183,59999],[136,-437],[266,-65]],[[67585,59497],[603,-357],[-629,-1055],[331,-213],[-288,-574],[-459,203],[-499,-536],[-961,401],[160,252]],[[65843,57618],[147,408],[-231,371]],[[65759,58397],[296,107],[-150,621]],[[65905,59125],[905,904],[373,-30]],[[64301,61442],[-770,-927],[-473,-279],[-678,-63],[-512,189],[-431,399]],[[61437,60761],[1118,1242]],[[62555,62003],[523,492],[1097,-745],[126,-308]],[[65843,57618],[-477,210],[-419,-36],[-179,-335],[-284,88],[-552,-969],[-579,-594],[-78,266],[-588,94],[-663,-139]],[[62024,56203],[-129,437],[327,727],[376,485],[1016,825],[63,318],[571,385]],[[64248,59380],[317,-334],[-52,-483],[846,115],[400,-281]],[[65573,60142],[237,-148],[-261,-394],[409,-249],[-53,-226]],[[64248,59380],[441,274],[660,708]],[[65349,60362],[224,-220]],[[66516,65582],[-335,-289],[92,-289],[-788,-818],[-835,576]],[[64650,64762],[451,647],[-40,647],[307,273]],[[65368,66329],[668,-610],[480,-137]],[[67752,64377],[272,-327],[-335,-826],[39,-323]],[[67728,62901],[-701,-1004],[-412,201],[10,-804]],[[66625,61294],[-440,-145],[-137,-410],[-475,-597]],[[65349,60362],[-130,435],[-620,496]],[[64599,61293],[484,587],[396,244],[-134,494],[445,365],[312,-158],[1027,1586],[107,328]],[[67236,64739],[297,67],[219,-429]],[[70401,63399],[-479,-715]],[[69922,62684],[-403,275],[-487,-199],[-550,296],[-205,-246]],[[68277,62810],[-549,91]],[[67752,64377],[414,550],[615,-140],[1164,-666],[53,-542],[403,-180]],[[64650,64762],[-303,-399],[-626,31]],[[63721,64394],[-188,388],[-620,174],[426,314],[104,329],[-363,168]],[[63080,65767],[508,642],[927,268],[853,-348]],[[59354,56372],[478,-295]],[[59832,56077],[-253,-923],[-250,-331],[-157,-624]],[[59172,54199],[-346,-236]],[[58826,53963],[-416,-33],[-112,-423],[-352,-397]],[[57946,53110],[-714,-225],[-302,226]],[[56930,53111],[210,1913],[301,35],[782,1160],[410,-13],[254,347]],[[58887,56553],[467,-181]],[[68277,62810],[342,-384],[182,-500],[-660,-843],[369,-148],[258,403],[205,-175]],[[68973,61163],[-679,-817],[-384,293],[-487,-576],[162,-566]],[[67183,59999],[-436,767],[-122,528]],[[67340,65363],[100,-379],[-204,-245]],[[64599,61293],[-298,149]],[[62555,62003],[-158,204],[296,311],[-510,171]],[[62183,62689],[492,618],[162,-99],[653,639],[231,547]],[[66516,65582],[824,-219]],[[62024,56203],[-361,248],[-414,-311]],[[61249,56140],[-406,314],[-5,603],[-218,181]],[[60620,57238],[-380,308],[-738,-404],[-148,-770]],[[58887,56553],[-236,539]],[[58651,57092],[249,827],[-517,349],[90,318],[-659,437],[5,428],[382,222],[592,23],[312,-317],[796,688],[351,129],[-151,726],[238,445],[318,-333],[757,-54],[23,-219]],[[56213,64495],[-131,-555],[864,-167],[119,-512],[-261,-448],[-716,-231],[-208,-425],[-584,117]],[[54467,63481],[42,761]],[[54509,64242],[749,400],[692,7],[263,-154]],[[69922,62684],[176,-162],[-411,-881],[-140,59],[-356,-555],[-218,18]],[[60620,57238],[6,-537],[-232,-418],[-562,-206]],[[61249,56140],[-165,-318],[-37,-793]],[[61047,55029],[-334,-39],[-242,-599],[-707,35],[-173,-400],[-419,173]],[[62183,62689],[-245,296],[-543,-493],[-592,344],[-16,530],[1860,2290]],[[62647,65656],[433,111]],[[60383,52164],[-416,14],[-607,338]],[[59360,52516],[-22,208],[-606,957],[94,282]],[[61047,55029],[-34,-1220],[69,-415],[-274,-604],[-327,-189],[-98,-437]],[[61586,66715],[-219,-575],[-263,-200],[427,-460],[1116,176]],[[58651,57092],[-600,61],[-611,498],[-1176,220],[-147,-174],[-532,165],[-579,-486],[82,-192],[-358,-636],[-316,129]],[[56213,64495],[260,456],[-121,758]],[[56352,65709],[230,-152],[134,462],[303,-23],[478,744]],[[57497,66740],[289,-500]],[[57786,66240],[263,-433],[620,-376],[-38,-384],[327,-564],[695,405],[563,661],[8,421],[587,716]],[[60811,66686],[775,29]],[[11673,22478],[-300,-554],[-460,259],[-64,289],[-1036,-877]],[[9813,21595],[-559,334],[221,533]],[[9475,22462],[229,-119],[848,628],[-646,257],[976,341]],[[10882,23569],[228,-440],[752,-94],[-189,-557]],[[10921,41821],[-605,-1088],[-803,-1077],[-2064,-1700],[283,-358],[1277,-917],[886,-921],[66,-356],[544,-554],[1112,-346],[779,-568],[911,47],[377,-224],[379,-1000],[111,-1283]],[[14174,31476],[11,-264]],[[14185,31212],[-586,-289],[-436,31],[-8,690],[-953,-64],[-384,-660],[-443,-311]],[[11375,30609],[-745,-186],[-262,824],[-490,533]],[[9878,31780],[-620,151],[737,419],[-337,314],[-519,47],[-407,257],[-383,-175],[-441,234],[36,214],[-593,-6],[-1155,387],[-899,-329],[-568,262],[-446,0],[179,448],[-193,518],[-1196,334],[-278,964]],[[2795,35819],[1337,3442],[664,856],[1407,1657],[566,-311],[777,1046],[-407,333],[665,717]],[[7804,43559],[1376,-1443],[680,-159],[692,272],[369,-408]],[[11792,37928],[-232,-505],[508,-490],[1061,-1406],[505,-73],[-18,-254],[865,-482],[567,-1044],[498,-350]],[[15546,33324],[-229,-710],[-46,-570],[-612,-473],[-42,-368]],[[14617,31203],[-443,273]],[[10921,41821],[1436,-907]],[[16985,32929],[213,-452],[-401,-708],[430,-1065]],[[17227,30704],[-618,-173],[-675,-517]],[[15934,30014],[-540,-254],[-457,1164],[-320,279]],[[15546,33324],[775,-92],[664,-303]],[[9317,21326],[155,-283],[-431,-198],[136,-440],[663,-264],[471,-387],[738,-91],[-152,-590]],[[10897,19073],[-637,398],[-95,-142]],[[10165,19329],[-728,638],[-477,-581]],[[8960,19386],[-352,300],[-155,-185],[-518,438]],[[7935,19939],[-20,400],[304,681],[739,799]],[[8958,21819],[359,-493]],[[9449,24507],[775,-411],[311,264]],[[10535,24360],[138,-158]],[[10673,24202],[-218,-165],[427,-468]],[[9475,22462],[131,147],[-549,599],[232,36],[-592,727],[199,270]],[[8896,24241],[404,449],[149,-183]],[[8960,19386],[-228,-464]],[[8732,18922],[-110,-517],[-343,-411]],[[8279,17994],[-516,-525],[-580,437],[-314,-310],[-522,358]],[[6347,17954],[-50,567],[890,413],[748,1005]],[[6853,15873],[-211,-830]],[[6642,15043],[-169,-644]],[[6473,14399],[-1245,1314],[64,603],[400,425]],[[5692,16741],[510,-242],[249,326],[589,-475],[-187,-477]],[[10148,26183],[230,-231],[-12,-421],[-917,-1024]],[[8896,24241],[-159,137]],[[8737,24378],[201,170],[-982,910],[-135,453],[-390,-14],[-215,-295],[-257,494],[-1184,886],[-125,589],[-809,774],[-706,537],[-1157,47]],[[2978,28929],[531,1209],[614,-600],[172,67],[1074,-549],[1076,29],[834,-645],[665,-120],[529,-994],[138,-558],[353,-417],[300,98],[884,-266]],[[14988,29913],[622,-819],[185,-484],[-67,-814]],[[15728,27796],[-337,-5]],[[15391,27791],[-178,194],[-778,-132],[-541,178],[-338,-163],[-70,644]],[[13486,28512],[-14,639],[1229,550],[-46,334],[333,-122]],[[9681,17267],[-52,-173],[593,-387],[-230,-193],[342,-186],[-550,-902]],[[9784,15426],[-598,41],[-75,-236],[-471,-11],[-567,340],[-517,-93],[-703,406]],[[5692,16741],[339,460],[316,753]],[[8279,17994],[693,-520],[335,153],[374,-360]],[[11547,16815],[-606,-1259],[-504,-571]],[[10437,14985],[-653,441]],[[9681,17267],[123,185],[1743,-637]],[[12689,22622],[643,-304],[418,-499]],[[13750,21819],[-315,-249],[-868,-1398]],[[12567,20172],[-488,269],[-609,94],[-176,527],[-863,-9],[-618,542]],[[11673,22478],[478,-226],[52,470],[486,-100]],[[9813,21595],[-496,-269]],[[8958,21819],[-404,733],[-319,217],[-253,643]],[[7982,23412],[223,1064],[532,-98]],[[15391,27791],[69,-465],[-316,-93],[93,-288],[-502,-745],[-176,-695]],[[14559,25505],[-481,443],[-209,-273],[-453,437],[-623,30],[-157,543]],[[12636,26685],[507,486],[-282,340],[212,326],[-486,245]],[[12587,28082],[899,430]],[[12625,24355],[283,-246],[-314,-380],[95,-1107]],[[10673,24202],[276,-314],[478,656],[461,-290],[167,442],[467,-473],[103,132]],[[10897,19073],[882,-610],[299,-44]],[[12078,18419],[-277,-374],[9,-525],[-263,-705]],[[8732,18922],[351,-253],[270,753],[579,-368],[233,275]],[[14185,31212],[595,-409],[208,-890]],[[13486,28512],[-387,600],[-725,235],[86,242],[-508,105],[-577,915]],[[9819,28557],[158,-26],[785,-1335],[424,-352]],[[11186,26844],[-376,-561],[-662,-100]],[[2978,28929],[-324,159],[154,278],[-524,355],[-584,-418],[-780,468]],[[920,29771],[782,939]],[[1702,30710],[367,409],[766,555],[836,-426],[612,-610],[189,62],[1186,-217],[348,-235],[527,3],[784,-539],[1081,-515],[460,-392],[190,109],[771,-357]],[[12587,28082],[-1278,1258],[-357,1],[-576,319],[-801,841]],[[9575,30501],[-204,404],[-761,436],[178,230],[698,-173],[392,382]],[[18133,29478],[486,-184],[546,194],[508,-614]],[[19673,28874],[-455,-162],[-92,-1029],[-760,-1346],[118,-545],[-421,-465]],[[18063,25327],[-442,633],[-68,464],[-653,511],[-16,179],[-729,443]],[[16155,27557],[304,313],[-235,266],[-130,802],[223,485],[-383,591]],[[17227,30704],[906,-1226]],[[11959,26278],[58,-219]],[[12017,26059],[-348,-227],[-592,-983],[-542,-489]],[[11186,26844],[773,-566]],[[9972,14276],[-445,-686],[-456,-259],[-83,-284]],[[8988,13047],[-1444,595],[-1071,757]],[[6642,15043],[157,167],[463,-241],[688,130],[487,-357],[610,130],[187,-324],[738,-272]],[[14559,25505],[151,-582],[857,-687]],[[15567,24236],[-458,-773],[-587,-552],[-384,-684],[-388,-408]],[[12625,24355],[310,444],[-488,338],[275,765],[-705,157]],[[11959,26278],[677,407]],[[15728,27796],[427,-239]],[[18063,25327],[-386,-619],[-805,284],[-418,15],[-887,-771]],[[7982,23412],[-162,-233],[-575,-27],[-1181,1267],[-1881,1471],[43,-392],[-724,366],[-443,614],[-172,468],[-2601,770],[-286,157],[527,1050],[315,429],[78,419]],[[9575,30501],[-538,-1026],[348,-9],[372,-419],[62,-490]],[[1702,30710],[176,435],[-153,515],[-807,723],[165,485],[-285,319],[-53,706],[373,220],[1677,1706]],[[10437,14985],[-465,-709]],[[15637,35298],[-91,-1974]],[[32960,70590],[-91,-520],[1188,446],[491,-658],[685,480],[1543,-801]],[[36776,69537],[-362,-854],[30,-331],[-344,-684]],[[36100,67668],[-528,331],[-676,-36]],[[34896,67963],[-1172,1328],[-846,548],[-602,4],[-632,599]],[[31644,70442],[822,816],[258,110]],[[32724,71368],[236,-778]],[[38606,65760],[360,-140],[-164,-1665],[-181,-592],[275,-243]],[[38896,63120],[-580,105],[-49,-259],[-413,-85]],[[37854,62881],[-84,504],[-557,54],[-510,239],[25,231],[-670,140],[163,324],[-393,74]],[[35828,64447],[-280,577],[339,784]],[[35887,65808],[434,19]],[[36321,65827],[874,-281],[263,135],[819,-111],[329,190]],[[38896,63120],[622,-707],[588,-346]],[[40106,62067],[836,-189]],[[40942,61878],[58,-820]],[[35781,58986],[178,623],[736,-45],[118,600],[-79,444]],[[36734,60608],[383,893],[13,578],[366,105],[358,697]],[[31430,65883],[-541,-650]],[[30889,65233],[-1831,-608],[-382,465],[-535,43],[-493,852],[-513,291]],[[27135,66276],[517,736],[-265,614],[510,566],[521,344],[303,-83],[1087,335]],[[29808,68788],[290,-1300],[791,-375],[541,-1230]],[[39220,75392],[167,-441],[916,-334],[737,-780],[56,-214]],[[41096,73623],[104,-120],[-452,-1033],[-154,82],[-384,-569],[-326,-72],[-192,-390]],[[39692,71521],[-463,-33],[-362,-348],[83,-293],[-481,300],[-426,-67],[-364,-499],[-1593,686],[-1417,383],[-440,-124],[-511,-416],[-384,-27],[-374,-493]],[[32724,71368],[7,558],[563,1183],[-1994,1601],[-16,68]],[[40942,61878],[150,421],[1438,-368],[51,207],[1080,-1167],[38,-458],[284,-382]],[[36734,60608],[-150,56],[-86,907],[-444,55],[144,398],[-508,172],[-288,-102]],[[35402,62094],[48,246],[-455,424]],[[34995,62764],[-63,476],[299,-100],[119,750],[397,232],[81,325]],[[34995,62764],[-488,-165],[-277,150],[-368,-203]],[[33862,62546],[-377,748],[117,577],[-341,-51],[-183,685],[-517,110],[125,809]],[[32686,65424],[902,127],[712,-165],[195,278],[1011,-203],[381,347]],[[43895,64686],[107,-69]],[[44002,64617],[-324,-668],[226,-500],[329,-272],[-149,-869],[1404,-545],[6,-536]],[[40106,62067],[138,1480],[868,1132],[457,-187],[955,1524],[-181,11],[626,1070]],[[42969,67097],[396,-206],[-613,-651],[-330,-514],[69,-323],[752,-532],[652,-185]],[[36100,67668],[634,247],[204,-487]],[[36938,67428],[108,-352],[-549,-679],[-176,-570]],[[32686,65424],[-699,138],[-512,-619]],[[31475,64943],[-172,-128],[-414,418]],[[31430,65883],[564,197],[378,581],[956,-1],[79,123],[1005,-306],[370,560],[114,926]],[[44002,64617],[690,-655],[337,218],[858,-289],[-71,-599],[134,-371],[474,-85],[379,294]],[[33741,58842],[-22,499],[932,-198],[-490,-466]],[[35495,59183],[-802,503],[-231,704],[325,770],[-270,546],[885,388]],[[32029,57731],[-235,594],[206,283],[-302,732],[-666,250],[-707,442],[-695,-189],[-1478,-863]],[[27547,58861],[225,822],[377,481],[-64,363],[415,617],[440,-95],[798,190],[819,595]],[[30557,61834],[601,-72],[231,-225],[366,204],[1004,-97],[371,-307],[-140,-254],[200,-719],[152,293],[355,-247],[-233,-558],[226,-152],[-188,-448],[-295,408],[-794,-872],[-134,-1030]],[[29808,68788],[594,185],[560,340],[726,667],[-44,462]],[[39118,67042],[-323,-377],[-270,-728],[81,-177]],[[36938,67428],[140,42]],[[37078,67470],[379,155],[449,-293],[629,165],[583,-455]],[[43519,67861],[187,-130]],[[43706,67731],[-360,-247]],[[43346,67484],[-377,-387]],[[39118,67042],[-63,587],[592,235],[271,294],[528,-199],[456,-505],[733,484],[630,-930],[1254,853]],[[33862,62546],[-300,48],[-565,-307],[-767,9],[-507,135],[-738,-337]],[[30985,62094],[-349,599],[-301,-151],[-375,631],[-531,-384],[-645,99]],[[28784,62888],[1097,536],[1100,353],[737,884],[-243,282]],[[39692,71521],[726,-104],[334,-993]],[[40752,70424],[288,-502],[-480,-514]],[[40560,69408],[-605,-501],[-618,416],[-587,-206],[-555,324],[-736,-282]],[[37459,69159],[-210,597],[-473,-219]],[[30557,61834],[428,260]],[[37459,69159],[-83,-783],[-298,-906]],[[40560,69408],[16,-722],[394,-309],[334,-2],[426,401],[1789,-915]],[[28784,62888],[-1192,-820],[-630,351],[-127,-413],[-1062,-93],[-612,-474],[59,-155],[-1033,-880]],[[24187,60404],[-1155,186]],[[23032,60590],[-2488,1611]],[[20544,62201],[1413,906],[310,21],[1199,506],[878,580],[153,398],[507,567],[359,-143],[613,297],[-24,543],[307,280],[752,-12],[124,132]],[[24149,58585],[38,1819]],[[42179,76274],[646,-772],[-28,-548]],[[42797,74954],[135,-1049],[-846,227],[-371,-413],[-619,-96]],[[41720,76926],[459,-652]],[[60383,52164],[429,-539],[-206,-688],[458,-81],[-56,-519],[647,-203]],[[61655,50134],[147,-714],[-189,-187],[-307,218],[-260,-145],[-969,36]],[[60077,49342],[294,569],[-625,342],[-325,-413],[-254,135],[-450,-510],[24,-564],[-790,-450]],[[57951,48451],[-79,709]],[[57872,49160],[365,700],[536,255],[-91,459],[551,1285],[127,657]],[[57946,53110],[-428,-711],[-131,-494],[213,-152],[-149,-389],[259,-104],[-369,-980],[134,-762],[-86,-591]],[[57389,48927],[-113,-24]],[[57276,48903],[-267,271],[-301,-776]],[[56708,48398],[-1013,-451],[3,316],[-699,311],[-119,921],[-359,1]],[[54612,50046],[307,68],[-61,590],[167,395],[581,302],[231,397],[254,-22],[420,539],[419,796]],[[62066,47065],[-1,-338],[-328,-652],[146,-165],[-629,-785],[81,-251]],[[60095,45537],[617,647],[301,-38],[313,327],[384,730]],[[61710,47203],[356,-138]],[[62053,48216],[-308,-11],[-18,-354],[-836,545],[-843,45]],[[60048,48441],[29,901]],[[61655,50134],[324,73]],[[61979,50207],[255,-933],[-219,-728],[38,-330]],[[67892,43145],[-263,552],[89,632],[-324,-133],[225,543],[-206,429],[499,503],[-354,313],[626,526]],[[68184,46510],[225,-554],[418,262],[430,-629],[306,693],[345,31],[485,330],[310,-112],[-207,-365],[276,-667],[-1221,-396],[-1178,-1485],[-481,-473]],[[60048,48441],[-133,-295],[97,-623],[-520,-420],[-96,336],[-1078,334],[-506,30]],[[57812,47803],[139,648]],[[56708,48398],[568,505]],[[57389,48927],[483,233]],[[57812,47803],[-516,-785]],[[62053,48216],[-343,-1013]],[[62024,56203],[409,-436],[-353,-647],[-220,-877],[455,-656],[101,-707],[-139,-776],[171,-791],[-162,-1008],[-307,-98]],[[67892,43145],[-272,-277],[-333,-1091],[-233,104],[62,569],[-434,653],[-1065,-380],[-754,-116],[-614,72],[200,561],[-255,-101],[-501,-628],[-127,-591],[-411,-693]],[[62066,47065],[468,468],[689,43],[-112,290],[204,600],[544,-231],[267,-765],[931,-251],[597,776],[362,200],[555,-166],[966,-485],[316,-350],[331,-684]],[[61181,71007],[523,-497],[334,19],[-112,-634]],[[61926,69895],[-261,-377],[220,-232],[-923,-1117]],[[60962,68169],[-638,441],[-214,-226],[-260,241]],[[59850,68625],[-57,223],[377,506]],[[60170,69354],[12,509],[445,669]],[[60627,70532],[554,475]],[[72755,85791],[-641,-1003],[-632,-454]],[[71482,84334],[-331,-245],[-651,575],[-246,-49],[-389,466]],[[69865,85081],[868,835],[42,416],[1650,1006]],[[72425,87338],[652,-696],[-484,-517],[162,-334]],[[77327,82591],[-261,-691],[295,-314],[-226,-368],[-31,-588],[331,-525],[262,101],[343,-379],[-216,-411],[1,-643],[536,-197],[4,-326],[-613,-1030],[-853,150],[-797,578],[-586,-959]],[[75516,76989],[-914,741],[311,404],[-686,849],[471,843],[73,427],[477,489],[-384,757],[-78,501]],[[74786,82000],[1018,517],[257,-64]],[[76061,82453],[403,248]],[[76464,82701],[270,161],[278,-402],[315,131]],[[74786,82000],[-808,-226],[-870,-694]],[[73108,81080],[-252,79],[-255,605],[-362,110],[-593,668],[-1396,-544],[-372,430],[750,171],[730,376],[176,-296],[803,522],[-855,1133]],[[72755,85791],[610,-22],[246,-430],[190,135],[300,-713],[322,-134],[243,-493],[456,-437],[277,-557],[228,70],[434,-757]],[[69979,68615],[378,-481],[-168,-428],[389,-115],[-283,-631]],[[70295,66960],[-279,-221],[-400,216],[-157,338],[-374,29],[-899,-1255],[-456,322]],[[67730,66389],[1321,2037]],[[69051,68426],[336,480],[512,-421],[80,130]],[[76464,82701],[-1000,1726],[352,338],[330,-101],[638,489],[349,-376],[949,-1323],[-755,-863]],[[75516,76989],[250,-237],[-431,-403],[113,-448],[745,-1047],[-900,-1124],[73,-733],[-443,-259],[-131,-311],[-374,221],[-576,-363]],[[73842,72285],[-340,698],[-443,-390],[-663,-321],[-297,132],[-133,546]],[[71966,72950],[387,958],[865,1285],[-312,433],[-689,168],[-697,-877],[-541,297],[497,842],[-82,646],[-449,724],[-97,560],[644,1291],[706,989],[910,814]],[[73842,72285],[-138,-357],[-478,-397],[-27,-343],[355,-123],[-561,-492],[-739,-896],[-477,333]],[[71777,70010],[197,295],[-263,268],[168,206],[-428,215],[92,375],[-311,170],[260,537]],[[71492,72076],[417,440],[57,434]],[[63706,71817],[-632,-631],[-67,-325],[-934,-960],[-147,-6]],[[61181,71007],[282,866],[496,570]],[[61959,72443],[552,346],[1195,-972]],[[72290,65031],[186,567],[-599,442],[-63,281],[-486,-415],[-78,397],[-955,657]],[[69979,68615],[373,359],[1031,-344],[73,216]],[[71456,68846],[510,127],[268,-370],[882,333],[590,-557],[340,-538],[-440,-868],[-31,-560],[-1285,-1382]],[[72290,65031],[-284,-470],[-480,-11],[-580,-455],[-545,-696]],[[67340,65363],[518,464],[-203,78],[75,484]],[[71777,70010],[-522,-640],[201,-524]],[[69051,68426],[-536,496],[106,243],[-380,205],[-728,675],[-389,-242],[77,652],[-289,224],[-389,736],[-260,121],[-235,-502],[220,-13],[-375,-713],[-1295,-1154],[117,-231],[-690,-819],[-96,-330],[-515,-477],[-61,-410],[-693,-210],[-180,198],[-502,-368],[-372,208]],[[60811,66686],[9,1244],[142,239]],[[63706,71817],[562,-550],[175,455],[482,-278],[314,215],[261,538],[262,-257],[631,547],[-107,111],[831,478],[334,-226],[58,-613],[1333,-698],[726,355],[506,-128],[916,524],[187,277],[315,-491]],[[95465,30834],[-173,-841],[520,-544],[116,-464],[508,-525],[283,-593],[-238,-957],[62,-650],[-266,-310],[-276,-895],[-567,-1124],[-79,-590]],[[81054,30831],[249,-395],[871,658],[813,-355],[647,524],[721,202],[187,350],[1203,638],[128,190],[963,373],[722,898],[245,457],[-6,633],[274,-14],[-197,1042],[-395,443]],[[87479,36475],[410,272],[429,679],[1171,548],[186,473],[441,206],[347,401],[439,1486],[229,217],[90,539],[309,226],[905,-151],[1011,668]],[[93446,42039],[81,-903],[316,-274],[-353,-705],[-526,-616],[317,-359],[-7,-784],[1080,-725],[198,-240],[25,-667],[-337,-694],[170,-594],[-239,-167],[558,-1235],[-109,-478],[656,-749],[634,-386],[-256,-407],[-189,-1222]],[[80914,31154],[-93,342],[-394,194]],[[80427,31690],[117,-41],[247,1355],[-77,128],[558,580],[86,306],[1031,1019],[549,359],[361,456],[305,113],[558,544],[403,216],[560,-321],[438,294],[939,-231],[773,195],[204,-187]],[[93446,42039],[985,723],[795,964],[731,-604],[549,-1077],[258,149],[1089,1667],[1159,738],[19,-905],[733,-1007],[-67,-657],[133,-229],[168,-1126],[-152,-919],[111,-372],[-317,-766],[-10,-394],[-408,-662],[-587,-138],[255,-243],[52,-607],[-802,-202],[-226,67],[87,-1119],[495,-1369],[-326,-1114],[458,-377],[-543,-293],[-20,-695],[-273,-460],[-799,-301],[-680,-55],[-249,200],[-599,-22]],[[27663,33205],[-802,569],[-230,-48]],[[26631,33726],[-114,295]],[[21469,31432],[154,-257]],[[21623,31175],[-234,-528],[-655,-839]],[[20734,29808],[-895,677]],[[19839,30485],[166,525],[-129,270]],[[19876,31280],[531,437],[163,-232],[686,192],[213,-245]],[[19839,30485],[-359,-224],[-385,277]],[[19095,30538],[-346,274]],[[18749,30812],[8,547],[-1298,1832]],[[17459,33191],[405,538],[-89,484],[382,188]],[[18157,34401],[229,-620],[590,-771],[900,-1730]],[[18246,36173],[220,-664]],[[18466,35509],[86,-949],[-395,-159]],[[17459,33191],[-275,-124]],[[17184,33067],[-199,-138]],[[20734,29808],[-240,-333],[-675,-351],[-146,-250]],[[18133,29478],[325,459],[459,-81],[-79,256],[257,426]],[[22943,36904],[-503,-224],[159,-325],[-175,-325],[-334,-53],[-133,-656],[321,-1314],[-295,-424]],[[21983,33583],[-451,128],[-645,1304],[-675,502]],[[20212,35517],[-524,153],[-327,-109],[-655,95],[-240,-147]],[[20212,35517],[57,-679],[464,-504],[-180,-147],[135,-534],[478,-2],[372,-358]],[[21538,33293],[315,-345],[-246,-276],[381,-417],[19,-363],[-538,-460]],[[17184,33067],[282,-826],[492,-846],[791,-583]],[[23876,35653],[-400,-31],[260,-496],[22,-566],[359,-300],[177,-659]],[[24294,33601],[-419,163],[-746,-101],[-32,487],[-1114,-567]],[[26631,33726],[-462,50],[-963,-320],[-922,-152]],[[24284,33304],[10,297]],[[24284,33304],[-543,-59],[-471,-441],[-656,-926],[-991,-703]],[[21538,33293],[445,290]],[[19828,48502],[-496,251],[-249,483],[-43,-484],[-1524,1186],[-46,430],[-1363,1597]],[[16107,51965],[382,519],[373,60],[412,520],[571,140],[415,301],[94,308],[635,315],[1120,1023],[285,146],[1032,1065],[503,269],[-20,656],[486,729],[-314,334]],[[22081,58350],[-451,323],[235,449],[669,745],[-113,88],[611,635]],[[16225,53608],[-847,-1218],[-415,-301],[251,-521],[435,378],[458,19]],[[7804,43559],[-1550,1510],[-2291,2308],[910,894],[368,664],[1074,930],[870,638],[392,169],[629,746],[408,65],[1103,697],[104,493],[724,611],[597,357],[-7,170],[678,784],[347,5],[398,555],[366,159],[195,360]],[[13119,55674],[1851,-2103],[484,253],[320,-183],[252,219],[199,-252]],[[22081,58350],[-586,-662],[-1483,-1147],[-1316,-856],[-560,-552],[-546,-336],[-1365,-1189]],[[13119,55674],[698,391],[496,830],[2867,2618],[253,335],[-93,424],[712,477],[441,463],[1275,491],[776,498]],[[75801,37678],[226,-363],[729,-532],[-73,-657],[290,-742],[380,-395],[-214,-191]],[[77139,34798],[-727,147],[-390,592],[123,780],[-258,99],[-267,-503],[-750,-189],[-1098,-33],[-1019,-339],[72,-1010],[-160,-734],[-571,-70],[-416,-265],[-1032,-83],[-406,-431],[-905,-321]],[[69335,32438],[-334,186],[18,341],[-457,719],[-575,-103]],[[67987,33581],[714,486],[587,231],[268,-110],[382,462],[-94,155],[-278,1616],[1095,-34],[80,444],[265,-106],[1372,-142],[1033,520],[311,329],[701,313],[575,28],[665,-303],[138,208]],[[64888,38674],[445,-1206],[334,-537],[-151,-400],[198,-542],[-260,-730]],[[65454,35259],[28,-263]],[[65482,34996],[-794,-239],[-381,131],[-219,-221],[-651,176],[-210,-559]],[[63227,34284],[-1218,241]],[[64185,39536],[480,23],[223,-885]],[[65224,34289],[-425,-262]],[[64799,34027],[-698,33],[-874,224]],[[65482,34996],[208,-371],[-466,-336]],[[70233,38963],[-700,-728],[-946,-1440],[-151,-351],[-634,-584],[-779,-445]],[[67023,35415],[-611,-778],[-514,-393],[-483,-170],[-191,215]],[[65454,35259],[917,244],[664,1734]],[[67035,37237],[386,73],[300,837],[525,436],[762,1004],[1363,948],[-46,-764],[-183,-504],[91,-304]],[[64888,38674],[338,-604],[442,-426],[293,9],[197,-365],[877,-51]],[[77139,34798],[167,-1705],[212,-45],[614,-720],[205,-502],[-614,-1002],[-72,-298]],[[77651,30526],[-552,-615],[-462,192],[-412,-82],[-1775,-689],[-569,-343],[-1357,-545]],[[72524,28444],[-479,960],[-704,105],[-269,851],[-464,347],[-922,-61],[-353,263],[-429,-6],[-280,482]],[[68624,31385],[639,706],[72,347]],[[67987,33581],[-530,31]],[[67457,33612],[-535,33],[-316,534],[521,1134],[-104,102]],[[70233,38963],[423,679],[705,-82],[1335,-604],[719,-706],[1133,-26],[274,133],[979,-679]],[[68624,31385],[-406,234],[-815,71],[-250,-133],[-278,567],[-244,107],[-133,506]],[[66498,32737],[881,480],[78,395]],[[66498,32737],[-982,251],[-397,216],[-320,823]],[[73081,26927],[-380,1267],[-177,250]],[[77651,30526],[748,101],[821,550],[1207,513]],[[47175,64060],[-300,200],[175,429],[42,673],[-655,1003]],[[46437,66365],[-163,332],[311,341],[-196,496],[295,417],[489,323],[-545,360],[-254,594]],[[46374,69228],[846,794],[393,-467],[378,115],[220,-418],[-259,-437],[-333,-111],[314,-576],[-56,-420],[354,-67],[-143,-569],[255,33]],[[54509,64242],[-762,561],[11,776],[183,297]],[[53941,65876],[-15,501],[-447,210]],[[53479,66587],[162,255],[597,-134],[251,421],[424,-90],[171,-365],[744,-441],[-81,-306],[605,-218]],[[46613,72249],[-1982,-1703]],[[44631,70546],[-417,207],[-48,833],[-231,68],[210,365]],[[44145,72019],[358,313],[-233,260],[245,154]],[[44515,72746],[1881,71],[-39,-358],[256,-210]],[[43809,74803],[162,-692],[339,212],[161,-196]],[[44471,74127],[246,-692],[-202,-689]],[[44145,72019],[-312,174],[-366,-458],[40,-493],[-248,-60]],[[43259,71182],[-517,335],[-527,-135],[-360,280],[-456,-500],[-81,-482],[-566,-256]],[[42797,74954],[447,62],[565,-213]],[[60627,70532],[-227,277],[-448,31],[-16,591],[-464,-48],[-399,186]],[[59073,71569],[-111,54]],[[58962,71623],[825,1040],[16,549],[292,67]],[[60095,73279],[628,372],[1236,-1208]],[[60170,69354],[-551,-108],[-654,782]],[[58965,70028],[-243,313],[287,289],[-133,414],[197,525]],[[54117,73264],[-392,-70],[-869,-762],[263,-111]],[[53119,72321],[-1016,-638],[-340,117],[-654,-373]],[[51109,71427],[-305,-192],[-104,605],[-280,72],[457,240],[-578,686]],[[50299,72838],[769,174],[285,299],[1385,746],[2629,1271]],[[55367,75328],[245,-803],[-378,-150],[-379,-421],[-232,66],[-506,-756]],[[55793,71174],[5,-414],[-356,-1009],[-667,-728],[5,-525],[-678,-786],[-144,139],[-1076,-416],[-206,-299]],[[52676,67136],[-447,97]],[[52229,67233],[58,115],[-598,667]],[[51689,68015],[253,268],[57,-431],[635,1168],[72,290]],[[52706,69310],[293,582],[1072,593],[8,328],[469,399]],[[54548,71212],[231,-242],[759,734],[255,-530]],[[54092,72176],[377,-6],[168,-438],[-89,-520]],[[52706,69310],[-236,-131],[-390,223],[183,493],[-329,264],[315,239],[-502,284],[60,401],[-583,130]],[[51224,71213],[-115,214]],[[53119,72321],[114,-591],[406,317],[171,-300],[282,429]],[[59850,68625],[-413,-847],[-710,-646],[-62,-231],[-542,-79],[-337,-582]],[[57497,66740],[-351,669]],[[57146,67409],[522,1081],[643,708],[106,364],[548,466]],[[56664,70926],[-89,-135],[233,-761],[-234,-249],[278,-232],[-351,-183],[108,-431],[318,-269],[-329,-345],[378,-184],[-122,-561],[292,-167]],[[53479,66587],[-464,236],[214,199],[-553,114]],[[55793,71174],[871,-248]],[[46437,66365],[-77,-91],[-775,405],[-520,5],[-133,330],[-208,-226]],[[44724,66788],[-212,-83],[-1166,779]],[[43706,67731],[881,461]],[[44587,68192],[578,88],[-177,608],[468,402]],[[45456,69290],[435,411]],[[45891,69701],[341,-616],[142,143]],[[44724,66788],[-293,-681],[-442,-549],[167,-606],[-261,-266]],[[43259,71182],[-229,-584],[133,-286],[-125,-512],[1549,-1608]],[[56664,70926],[715,418],[424,574],[327,63]],[[58130,71981],[832,-358]],[[48304,74024],[-3,-74]],[[48301,73950],[-370,-181],[-718,-641],[207,-346],[-632,-350],[-75,-245]],[[46713,72187],[-100,62]],[[44471,74127],[1132,187],[444,-94],[269,-336],[822,43]],[[51653,63917],[303,404],[509,354],[374,781],[1102,420]],[[44974,75269],[-335,-330],[103,-227],[-585,224],[-348,-133]],[[42179,76274],[598,121],[-88,161],[611,222],[-106,226],[730,364],[156,-152],[669,110]],[[51004,64902],[243,721],[245,22],[516,851],[221,737]],[[51689,68015],[-281,-454],[-503,354]],[[50905,67915],[-77,248],[-598,204],[-362,850],[-341,26]],[[49527,69243],[240,457],[-339,163],[815,958],[295,9],[686,383]],[[58130,71981],[-277,185],[-107,427],[644,440],[208,330],[413,-51],[138,387],[745,660],[276,480]],[[60170,74839],[169,-240],[441,313],[272,-434],[-699,-657],[-258,-542]],[[44631,70546],[825,-1256]],[[46713,72187],[-46,-325],[342,-568],[-83,-157],[-955,-445],[-361,-443],[281,-548]],[[49953,66296],[235,592],[717,1027]],[[48686,67685],[195,811],[646,747]],[[54117,73264],[-246,-588],[224,-50],[-3,-450]],[[48301,73950],[240,-496],[277,127],[79,-411],[415,-393],[532,-127],[455,188]],[[55367,75328],[975,20],[465,-160],[363,233],[369,-391],[555,-214],[507,92],[765,700]],[[59366,75608],[804,-769]],[[69865,85081],[-2179,2763],[2558,1924],[2181,-2430]],[[58467,82910],[1972,-1979],[-3186,-3062],[2113,-2261]],[[75747,90070],[-2828,3084],[6279,4078],[3181,-832]],[[84054,91133],[2059,-2843]],[[12078,18419],[2140,-965],[-1089,-2267],[-1761,-3338],[-2380,1198]],[[67090,25202],[-72,168],[-2821,3558],[-295,274],[-11750,3304],[-13738,247],[-7891,-4932],[-7633,-1469],[-6941,-5265],[-979,-2046],[-2403,1131]],[[69865,85081],[-551,-509],[-240,-461],[-616,-606],[-383,-604],[-1232,-1026],[-938,-576],[-480,-714],[-1079,-818],[-949,-313],[-616,-432],[-1592,-1500],[-964,-1124],[-859,-790]],[[58467,82910],[518,1038],[194,830],[483,709],[836,429],[766,1143],[990,905],[327,571],[643,280],[625,527],[481,140],[440,465],[528,-144],[313,1074],[439,474],[1151,315],[916,531],[72,821],[272,658],[-71,700],[127,764],[994,709],[850,275],[893,126],[767,723],[795,541],[201,-106],[854,497],[83,-114],[733,292],[151,253],[361,-51],[429,658],[972,351],[562,438],[1311,165],[168,-327],[868,-389],[1113,279],[173,-371],[361,472],[424,35],[1007,-1132],[561,-1222],[-773,-626],[4,-216]],[[75747,90070],[-618,-429],[-263,-374],[-926,-836],[-940,-488],[-117,-471],[-458,-134]],[[84054,91133],[419,614],[1483,609],[2522,1312],[899,-215],[803,-1156],[-120,-525],[-464,-385],[-739,-899],[-731,-507],[-682,-670],[-465,-92],[-356,177],[-206,-855],[-304,-251]],[[12078,18419],[138,1161],[351,592]],[[67090,25202],[60,-623],[-271,-450],[-617,356],[-396,21],[-832,-216],[-833,48],[-709,443],[-1011,463],[-1119,-141],[-1255,536],[-266,9],[-1329,646],[-641,199],[-1142,46],[-903,375],[-528,39],[-2459,-13],[-459,-135],[-746,15],[-416,-223],[-790,-40],[-1011,143],[-1120,32],[-1324,-336],[-693,-2],[-1468,-252],[-480,96],[-1328,-382],[-745,-118],[-1225,-342],[-585,-73],[-602,212],[-1239,796],[-627,146],[-1878,-800],[-695,-642],[-120,-276],[31,-915],[-422,-839],[-2095,-1021],[-1079,-615],[-895,-351],[-1403,-18],[-710,-1059],[-491,-171],[-720,-1125],[-660,122],[-1798,797],[-295,761],[-573,955],[36,591],[-609,385],[-1118,-49],[-344,258],[-293,-267],[-1704,-461],[-74,-242],[-761,-427],[-1050,-1109],[-313,-180],[40,-480],[-469,-970],[-793,-1160],[-432,-389],[96,-612],[-475,-1144],[-323,-508],[-621,-219],[70,-796],[-695,-1192],[-499,-336],[-704,-1236],[-589,-885],[-443,-334],[-742,-177],[-384,-770],[-170,-1656],[109,-555],[-272,-737],[-590,-838],[-871,-1675],[-1623,-973],[-930,108],[581,232],[370,484],[-114,806],[103,395],[-340,563],[121,1402],[185,632],[-25,1012],[465,815],[506,630],[180,-6],[305,1253],[11,657],[-217,413],[263,835],[-44,679]]],"transform":{"scale":[0.000011847003680264932,0.000008225223432844053],"translate":[6.064026449023173,46.1869648723627]}}