{"type":"Topology","objects":{"municipalities":{"type":"GeometryCollection","geometries":[{"type":"Polygon","id":5401,"properties":{"id":5401,"name":"Aigle"},"arcs":[[0,1,2,3,4]]},{"type":"Polygon","id":5402,"properties":{"id":5402,"name":"Bex"},"arcs":[[5,6,7,8,9,10]]},{"type":"Polygon","id":5403,"properties":{"id":5403,"name":"Chessel"},"arcs":[[11,12,13,14]]},{"type":"Polygon","id":5404,"properties":{"id":5404,"name":"Corbeyrier"},"arcs":[[15,16,17,18,19]]},{"type":"Polygon","id":5405,"properties":{"id":5405,"name":"Gryon"},"arcs":[[20,-10,21]]},{"type":"Polygon","id":5406,"properties":{"id":5406,"name":"Lavey-Morcles"},"arcs":[[22,-7]]},{"type":"Polygon","id":5407,"properties":{"id":5407,"name":"Leysin"},"arcs":[[-4,23,-16,24]]},{"type":"Polygon","id":5408,"properties":{"id":5408,"name":"Noville"},"arcs":[[25,26,27,-15,28,29]]},{"type":"Polygon","id":5409,"properties":{"id":5409,"name":"Ollon"},"arcs":[[30,-22,-9,31,-1,32]]},{"type":"Polygon","id":5410,"properties":{"id":5410,"name":"Ormont-Dessous"},"arcs":[[33,-33,-5,-25,-20,34,35]]},{"type":"Polygon","id":5411,"properties":{"id":5411,"name":"Ormont-Dessus"},"arcs":[[36,-11,-21,-31,-34,37]]},{"type":"Polygon","id":5412,"properties":{"id":5412,"name":"Rennaz"},"arcs":[[38,-27,39]]},{"type":"Polygon","id":5413,"properties":{"id":5413,"name":"Roche (VD)"},"arcs":[[-18,40,-12,-28,-39,41]]},{"type":"Polygon","id":5414,"properties":{"id":5414,"name":"Villeneuve (VD)"},"arcs":[[42,-35,-19,-42,-40,-26,43,44,45]]},{"type":"Polygon","id":5415,"properties":{"id":5415,"name":"Yvorne"},"arcs":[[-24,-3,46,-13,-41,-17]]},{"type":"Polygon","id":5421,"properties":{"id":5421,"name":"Apples"},"arcs":[[47,48,49,50,51,52,53,54]]},{"type":"Polygon","id":5422,"properties":{"id":5422,"name":"Aubonne"},"arcs":[[55,56,57,58,59,60,61,62,63]]},{"type":"Polygon","id":5423,"properties":{"id":5423,"name":"Ballens"},"arcs":[[64,65,66,67,-53]]},{"type":"Polygon","id":5424,"properties":{"id":5424,"name":"Berolle"},"arcs":[[-67,68,69,70,71]]},{"type":"Polygon","id":5425,"properties":{"id":5425,"name":"Bière"},"arcs":[[-69,-66,72,73,74,75,76,77]]},{"type":"Polygon","id":5426,"properties":{"id":5426,"name":"Bougy-Villars"},"arcs":[[78,79,80,81,-60]]},{"type":"Polygon","id":5427,"properties":{"id":5427,"name":"Féchy"},"arcs":[[82,83,-79,-59]]},{"type":"Polygon","id":5428,"properties":{"id":5428,"name":"Gimel"},"arcs":[[84,85,-62,86,87,88,89,90,-77]]},{"type":"Polygon","id":5429,"properties":{"id":5429,"name":"Longirod"},"arcs":[[-89,91,92,93,94,95]]},{"type":"Polygon","id":5430,"properties":{"id":5430,"name":"Marchissy"},"arcs":[[-94,96,97,98,99]]},{"type":"Polygon","id":5431,"properties":{"id":5431,"name":"Mollens (VD)"},"arcs":[[100,-54,-68,-72,101]]},{"type":"Polygon","id":5432,"properties":{"id":5432,"name":"Montherod"},"arcs":[[102,-63,-86,103,-75]]},{"type":"Polygon","id":5434,"properties":{"id":5434,"name":"Saint-George"},"arcs":[[-96,104,-90]]},{"type":"Polygon","id":5435,"properties":{"id":5435,"name":"Saint-Livres"},"arcs":[[105,-64,-103,-74,106]]},{"type":"Polygon","id":5436,"properties":{"id":5436,"name":"Saint-Oyens"},"arcs":[[107,108,-92,-88]]},{"type":"Polygon","id":5437,"properties":{"id":5437,"name":"Saubraz"},"arcs":[[-104,-85,-76]]},{"type":"Polygon","id":5451,"properties":{"id":5451,"name":"Avenches"},"arcs":[[109,110,111,112]]},{"type":"Polygon","id":5456,"properties":{"id":5456,"name":"Cudrefin"},"arcs":[[113,114,115]]},{"type":"Polygon","id":5458,"properties":{"id":5458,"name":"Faoug"},"arcs":[[-110,116,117]]},{"type":"Polygon","id":5464,"properties":{"id":5464,"name":"Vully-les-Lacs"},"arcs":[[118,-112,119,120,-114,121]]},{"type":"Polygon","id":5471,"properties":{"id":5471,"name":"Bettens"},"arcs":[[122,123,124,125,126,127]]},{"type":"Polygon","id":5472,"properties":{"id":5472,"name":"Bournens"},"arcs":[[128,129,130,131,-126]]},{"type":"Polygon","id":5473,"properties":{"id":5473,"name":"Boussens"},"arcs":[[132,133,134,-129,-125,135]]},{"type":"Polygon","id":5474,"properties":{"id":5474,"name":"La Chaux (Cossonay)"},"arcs":[[136,137,138,139,140,141,142,143]]},{"type":"Polygon","id":5475,"properties":{"id":5475,"name":"Chavannes-le-Veyron"},"arcs":[[144,145,146,147,-141]]},{"type":"Polygon","id":5476,"properties":{"id":5476,"name":"Chevilly"},"arcs":[[148,149,-144,150,151]]},{"type":"Polygon","id":5477,"properties":{"id":5477,"name":"Cossonay"},"arcs":[[152,153,154,155,-138,156]]},{"type":"Polygon","id":5478,"properties":{"id":5478,"name":"Cottens (VD)"},"arcs":[[157,158,159,160,161]]},{"type":"Polygon","id":5479,"properties":{"id":5479,"name":"Cuarnens"},"arcs":[[-142,-148,162,163,164]]},{"type":"Polygon","id":5480,"properties":{"id":5480,"name":"Daillens"},"arcs":[[-127,-132,165,166,167,168,169]]},{"type":"Polygon","id":5481,"properties":{"id":5481,"name":"Dizy"},"arcs":[[170,-157,-137,-150,171]]},{"type":"Polygon","id":5482,"properties":{"id":5482,"name":"Eclépens"},"arcs":[[172,-169,173,174,175,176]]},{"type":"Polygon","id":5483,"properties":{"id":5483,"name":"Ferreyres"},"arcs":[[177,178,-152,179,180]]},{"type":"Polygon","id":5484,"properties":{"id":5484,"name":"Gollion"},"arcs":[[181,182,183,184,185,-155,186]]},{"type":"Polygon","id":5485,"properties":{"id":5485,"name":"Grancy"},"arcs":[[187,188,-162,189,-145,-140]]},{"type":"Polygon","id":5486,"properties":{"id":5486,"name":"L'Isle"},"arcs":[[-163,-147,190,191,192,193,194]]},{"type":"Polygon","id":5487,"properties":{"id":5487,"name":"Lussery-Villars"},"arcs":[[-168,195,-153,-171,196,-174]]},{"type":"Polygon","id":5488,"properties":{"id":5488,"name":"Mauraz"},"arcs":[[197,198,-192]]},{"type":"Polygon","id":5489,"properties":{"id":5489,"name":"Mex (VD)"},"arcs":[[199,200,201,202]]},{"type":"Polygon","id":5490,"properties":{"id":5490,"name":"Moiry"},"arcs":[[203,-180,-151,-143,-165,204,205,206,207]]},{"type":"Polygon","id":5491,"properties":{"id":5491,"name":"Mont-la-Ville"},"arcs":[[-205,-164,-195,208,209,210,211]]},{"type":"Polygon","id":5492,"properties":{"id":5492,"name":"Montricher"},"arcs":[[-199,212,-102,-71,213,214,-193]]},{"type":"Polygon","id":5493,"properties":{"id":5493,"name":"Orny"},"arcs":[[215,-176,216,217]]},{"type":"Polygon","id":5494,"properties":{"id":5494,"name":"Pampigny"},"arcs":[[-190,-161,218,-55,-101,-213,-198,-191,-146]]},{"type":"Polygon","id":5495,"properties":{"id":5495,"name":"Penthalaz"},"arcs":[[219,-187,-154,-196,-167]]},{"type":"Polygon","id":5496,"properties":{"id":5496,"name":"Penthaz"},"arcs":[[-166,-131,220,221,-182,-220]]},{"type":"Polygon","id":5497,"properties":{"id":5497,"name":"Pompaples"},"arcs":[[222,-218,223,224]]},{"type":"Polygon","id":5498,"properties":{"id":5498,"name":"La Sarraz"},"arcs":[[225,-224,-217,-175,-197,-172,-149,-179,226,227]]},{"type":"Polygon","id":5499,"properties":{"id":5499,"name":"Senarclens"},"arcs":[[-156,-186,228,-188,-139]]},{"type":"Polygon","id":5500,"properties":{"id":5500,"name":"Sévery"},"arcs":[[229,230,-48,-219,-160]]},{"type":"Polygon","id":5501,"properties":{"id":5501,"name":"Sullens"},"arcs":[[231,232,-203,233,-221,-130,-135]]},{"type":"Polygon","id":5503,"properties":{"id":5503,"name":"Vufflens-la-Ville"},"arcs":[[-234,-202,234,235,236,-183,-222]]},{"type":"Polygon","id":5511,"properties":{"id":5511,"name":"Assens"},"arcs":[[237,238,239,240,241,242,243]]},{"type":"Polygon","id":5512,"properties":{"id":5512,"name":"Bercher"},"arcs":[[244,245,246,247,248,249]]},{"type":"Polygon","id":5513,"properties":{"id":5513,"name":"Bioley-Orjulaz"},"arcs":[[-242,250,-136,-124,251]]},{"type":"Polygon","id":5514,"properties":{"id":5514,"name":"Bottens"},"arcs":[[252,253,254,255,-238,256,257]]},{"type":"Polygon","id":5515,"properties":{"id":5515,"name":"Bretigny-sur-Morrens"},"arcs":[[258,259,260,-239,-256]]},{"type":"Polygon","id":5516,"properties":{"id":5516,"name":"Cugy (VD)"},"arcs":[[261,262,263,264,-260]]},{"type":"Polygon","id":5518,"properties":{"id":5518,"name":"Echallens"},"arcs":[[265,-257,-244,266,267,268]]},{"type":"Polygon","id":5520,"properties":{"id":5520,"name":"Essertines-sur-Yverdon"},"arcs":[[269,270,271,272,273,274,275,276,277]]},{"type":"Polygon","id":5521,"properties":{"id":5521,"name":"Etagnières"},"arcs":[[-241,278,279,-133,-251]]},{"type":"Polygon","id":5522,"properties":{"id":5522,"name":"Fey"},"arcs":[[-247,280,281,282,283,284,285,286]]},{"type":"Polygon","id":5523,"properties":{"id":5523,"name":"Froideville"},"arcs":[[287,288,289,290,291,-254]]},{"type":"Polygon","id":5527,"properties":{"id":5527,"name":"Morrens (VD)"},"arcs":[[-261,-265,292,293,-279,-240]]},{"type":"Polygon","id":5529,"properties":{"id":5529,"name":"Oulens-sous-Echallens"},"arcs":[[294,295,-128,-170,-173,296]]},{"type":"Polygon","id":5530,"properties":{"id":5530,"name":"Pailly"},"arcs":[[297,298,-286,299,-272,300]]},{"type":"Polygon","id":5531,"properties":{"id":5531,"name":"Penthéréaz"},"arcs":[[301,302,303,304,305,306]]},{"type":"Polygon","id":5533,"properties":{"id":5533,"name":"Poliez-Pittet"},"arcs":[[307,-288,-253,308]]},{"type":"Polygon","id":5534,"properties":{"id":5534,"name":"Rueyres"},"arcs":[[-248,-287,-299,309]]},{"type":"Polygon","id":5535,"properties":{"id":5535,"name":"Saint-Barthélemy (VD)"},"arcs":[[-267,-243,-252,-123,-296,310]]},{"type":"Polygon","id":5537,"properties":{"id":5537,"name":"Villars-le-Terroir"},"arcs":[[-284,311,-269,312,-303,313]]},{"type":"Polygon","id":5539,"properties":{"id":5539,"name":"Vuarrens"},"arcs":[[-300,-285,-314,-302,314,-273]]},{"type":"Polygon","id":5540,"properties":{"id":5540,"name":"Montilliez"},"arcs":[[315,-309,-258,-266,-312,-283,316]]},{"type":"Polygon","id":5541,"properties":{"id":5541,"name":"Goumoëns"},"arcs":[[-313,-268,-311,-295,317,-304]]},{"type":"Polygon","id":5551,"properties":{"id":5551,"name":"Bonvillars"},"arcs":[[318,319,320,321,322,323,324,325]]},{"type":"Polygon","id":5552,"properties":{"id":5552,"name":"Bullet"},"arcs":[[326,327,328,329,330,331,332]]},{"type":"Polygon","id":5553,"properties":{"id":5553,"name":"Champagne"},"arcs":[[-324,333,334,335,336]]},{"type":"Polygon","id":5554,"properties":{"id":5554,"name":"Concise"},"arcs":[[337,338,339,-319,340,341]]},{"type":"Polygon","id":5555,"properties":{"id":5555,"name":"Corcelles-près-Concise"},"arcs":[[342,343,-320,-340]]},{"type":"MultiPolygon","id":5556,"properties":{"id":5556,"name":"Fiez"},"arcs":[[[-335,344,345,346]],[[-332,347,348,349]]]},{"type":"Polygon","id":5557,"properties":{"id":5557,"name":"Fontaines-sur-Grandson"},"arcs":[[350,-336,-347,351,352,353,-333,-350,354,355]]},{"type":"Polygon","id":5559,"properties":{"id":5559,"name":"Giez"},"arcs":[[-352,-346,356,357,358,359,360]]},{"type":"Polygon","id":5560,"properties":{"id":5560,"name":"Grandevent"},"arcs":[[361,-327,-354]]},{"type":"Polygon","id":5561,"properties":{"id":5561,"name":"Grandson"},"arcs":[[362,363,364,-357,-345,-334,-323]]},{"type":"Polygon","id":5562,"properties":{"id":5562,"name":"Mauborget"},"arcs":[[-356,365,366]]},{"type":"Polygon","id":5563,"properties":{"id":5563,"name":"Mutrux"},"arcs":[[367,-342,368]]},{"type":"Polygon","id":5564,"properties":{"id":5564,"name":"Novalles"},"arcs":[[-353,-361,369,-328,-362]]},{"type":"Polygon","id":5565,"properties":{"id":5565,"name":"Onnens (VD)"},"arcs":[[370,-321,-344]]},{"type":"Polygon","id":5566,"properties":{"id":5566,"name":"Provence"},"arcs":[[-369,-341,-326,371,372]]},{"type":"Polygon","id":5568,"properties":{"id":5568,"name":"Sainte-Croix"},"arcs":[[-331,373,374,375,-348]]},{"type":"Polygon","id":5571,"properties":{"id":5571,"name":"Tévenon"},"arcs":[[-325,-337,-351,-367,376,-372]]},{"type":"Polygon","id":5581,"properties":{"id":5581,"name":"Belmont-sur-Lausanne"},"arcs":[[377,378,379,380]]},{"type":"Polygon","id":5582,"properties":{"id":5582,"name":"Cheseaux-sur-Lausanne"},"arcs":[[-294,381,382,-232,-134,-280]]},{"type":"Polygon","id":5583,"properties":{"id":5583,"name":"Crissier"},"arcs":[[-383,383,384,385,386,387,388,-200,-233]]},{"type":"Polygon","id":5584,"properties":{"id":5584,"name":"Epalinges"},"arcs":[[389,390]]},{"type":"Polygon","id":5585,"properties":{"id":5585,"name":"Jouxtens-Mézery"},"arcs":[[391,392,-385,393,394]]},{"type":"MultiPolygon","id":5586,"properties":{"id":5586,"name":"Lausanne"},"arcs":[[[-264,395,396,-394,-384,-382,-293]],[[-292,397,398,399,400,401,402,403,404,405,406,-391,407,-262,-259,-255]]]},{"type":"Polygon","id":5587,"properties":{"id":5587,"name":"Le Mont-sur-Lausanne"},"arcs":[[-408,-390,-407,408,-396,-263]]},{"type":"Polygon","id":5588,"properties":{"id":5588,"name":"Paudex"},"arcs":[[409,410,-379,411]]},{"type":"Polygon","id":5589,"properties":{"id":5589,"name":"Prilly"},"arcs":[[-405,412,-392,413]]},{"type":"Polygon","id":5590,"properties":{"id":5590,"name":"Pully"},"arcs":[[414,-380,-411,415,-400]]},{"type":"Polygon","id":5591,"properties":{"id":5591,"name":"Renens (VD)"},"arcs":[[-393,-413,-404,416,417,-386]]},{"type":"Polygon","id":5592,"properties":{"id":5592,"name":"Romanel-sur-Lausanne"},"arcs":[[-409,-406,-414,-395,-397]]},{"type":"Polygon","id":5601,"properties":{"id":5601,"name":"Chexbres"},"arcs":[[418,419,420]]},{"type":"Polygon","id":5604,"properties":{"id":5604,"name":"Forel (Lavaux)"},"arcs":[[421,422,423,424,425,426]]},{"type":"Polygon","id":5606,"properties":{"id":5606,"name":"Lutry"},"arcs":[[427,428,-412,-378,429]]},{"type":"Polygon","id":5607,"properties":{"id":5607,"name":"Puidoux"},"arcs":[[430,431,432,-421,433,434,435,-424,436]]},{"type":"Polygon","id":5609,"properties":{"id":5609,"name":"Rivaz"},"arcs":[[437,438,-434,-420]]},{"type":"Polygon","id":5610,"properties":{"id":5610,"name":"Saint-Saphorin (Lavaux)"},"arcs":[[439,440,-438,-419,-433]]},{"type":"Polygon","id":5611,"properties":{"id":5611,"name":"Savigny"},"arcs":[[441,-426,442,-430,-381,-415,-399,443]]},{"type":"Polygon","id":5613,"properties":{"id":5613,"name":"Bourg-en-Lavaux"},"arcs":[[-436,444,-428,-443,-425]]},{"type":"Polygon","id":5621,"properties":{"id":5621,"name":"Aclens"},"arcs":[[-237,445,446,447,448,449,-184]]},{"type":"Polygon","id":5622,"properties":{"id":5622,"name":"Bremblens"},"arcs":[[450,451,452,453,454,-447]]},{"type":"Polygon","id":5623,"properties":{"id":5623,"name":"Buchillon"},"arcs":[[455,456,457,458]]},{"type":"Polygon","id":5624,"properties":{"id":5624,"name":"Bussigny"},"arcs":[[-388,459,460,-451,-446,-236,461]]},{"type":"Polygon","id":5625,"properties":{"id":5625,"name":"Bussy-Chardonney"},"arcs":[[462,463,464,465,-51,466]]},{"type":"Polygon","id":5627,"properties":{"id":5627,"name":"Chavannes-près-Renens"},"arcs":[[-403,467,-417]]},{"type":"Polygon","id":5628,"properties":{"id":5628,"name":"Chigny"},"arcs":[[468,469,470,471]]},{"type":"Polygon","id":5629,"properties":{"id":5629,"name":"Clarmont"},"arcs":[[472,473,-49,-231,474]]},{"type":"Polygon","id":5631,"properties":{"id":5631,"name":"Denens"},"arcs":[[475,476,477,478,-465,479]]},{"type":"Polygon","id":5632,"properties":{"id":5632,"name":"Denges"},"arcs":[[480,481,482,483]]},{"type":"Polygon","id":5633,"properties":{"id":5633,"name":"Echandens"},"arcs":[[484,-484,485,-452,-461]]},{"type":"Polygon","id":5634,"properties":{"id":5634,"name":"Echichens"},"arcs":[[-449,486,-454,487,488,489,490,-475,-230,-159,491]]},{"type":"Polygon","id":5635,"properties":{"id":5635,"name":"Ecublens (VD)"},"arcs":[[-418,-468,492,-481,-485,-460,-387]]},{"type":"Polygon","id":5636,"properties":{"id":5636,"name":"Etoy"},"arcs":[[493,-458,494,-57,495,496]]},{"type":"Polygon","id":5637,"properties":{"id":5637,"name":"Lavigny"},"arcs":[[497,-496,-56,-106,498]]},{"type":"Polygon","id":5638,"properties":{"id":5638,"name":"Lonay"},"arcs":[[-486,-483,499,500,-488,-453]]},{"type":"Polygon","id":5639,"properties":{"id":5639,"name":"Lully (VD)"},"arcs":[[-471,501,502,503,-476,504]]},{"type":"Polygon","id":5640,"properties":{"id":5640,"name":"Lussy-sur-Morges"},"arcs":[[-504,505,506,-477]]},{"type":"Polygon","id":5642,"properties":{"id":5642,"name":"Morges"},"arcs":[[-501,507,508,509,-469,510,-489]]},{"type":"Polygon","id":5643,"properties":{"id":5643,"name":"Préverenges"},"arcs":[[511,512,-508,-500,-482]]},{"type":"Polygon","id":5644,"properties":{"id":5644,"name":"Reverolle"},"arcs":[[-474,513,-467,-50]]},{"type":"Polygon","id":5645,"properties":{"id":5645,"name":"Romanel-sur-Morges"},"arcs":[[-455,-487,-448]]},{"type":"Polygon","id":5646,"properties":{"id":5646,"name":"Saint-Prex"},"arcs":[[514,515,-459,-494,516,-506,-503]]},{"type":"Polygon","id":5648,"properties":{"id":5648,"name":"Saint-Sulpice (VD)"},"arcs":[[517,-512,-493,-402]]},{"type":"Polygon","id":5649,"properties":{"id":5649,"name":"Tolochenaz"},"arcs":[[518,-515,-502,-470,-510]]},{"type":"Polygon","id":5650,"properties":{"id":5650,"name":"Vaux-sur-Morges"},"arcs":[[519,-463,-514,-473,-491]]},{"type":"Polygon","id":5651,"properties":{"id":5651,"name":"Villars-Sainte-Croix"},"arcs":[[-389,-462,-235,-201]]},{"type":"Polygon","id":5652,"properties":{"id":5652,"name":"Villars-sous-Yens"},"arcs":[[-507,-517,-497,-498,520,-478]]},{"type":"Polygon","id":5653,"properties":{"id":5653,"name":"Vufflens-le-Château"},"arcs":[[-490,-511,-472,-505,-480,-464,-520]]},{"type":"Polygon","id":5654,"properties":{"id":5654,"name":"Vullierens"},"arcs":[[-185,-450,-492,-158,-189,-229]]},{"type":"Polygon","id":5655,"properties":{"id":5655,"name":"Yens"},"arcs":[[-52,-466,-479,-521,-499,-107,-73,-65]]},{"type":"Polygon","id":5661,"properties":{"id":5661,"name":"Boulens"},"arcs":[[-281,-246,521]]},{"type":"Polygon","id":5662,"properties":{"id":5662,"name":"Brenles"},"arcs":[[522,523,524,525,526]]},{"type":"Polygon","id":5663,"properties":{"id":5663,"name":"Bussy-sur-Moudon"},"arcs":[[527,528,529]]},{"type":"Polygon","id":5665,"properties":{"id":5665,"name":"Chavannes-sur-Moudon"},"arcs":[[-525,530,531,532]]},{"type":"Polygon","id":5666,"properties":{"id":5666,"name":"Chesalles-sur-Moudon"},"arcs":[[533,-526,-533,534,535]]},{"type":"Polygon","id":5668,"properties":{"id":5668,"name":"Cremin"},"arcs":[[536,537,538]]},{"type":"Polygon","id":5669,"properties":{"id":5669,"name":"Curtilles"},"arcs":[[539,540,541,-536,542,543,544]]},{"type":"Polygon","id":5671,"properties":{"id":5671,"name":"Dompierre (VD)"},"arcs":[[545,546,547,-540,548]]},{"type":"Polygon","id":5672,"properties":{"id":5672,"name":"Forel-sur-Lucens"},"arcs":[[-538,549,550,551]]},{"type":"Polygon","id":5673,"properties":{"id":5673,"name":"Hermenches"},"arcs":[[552,553,554,555,556,557,558]]},{"type":"Polygon","id":5674,"properties":{"id":5674,"name":"Lovatens"},"arcs":[[559,560,-523,561,-541,-548]]},{"type":"Polygon","id":5675,"properties":{"id":5675,"name":"Lucens"},"arcs":[[562,-544,563,-530,564,565,-550,-537,566]]},{"type":"Polygon","id":5678,"properties":{"id":5678,"name":"Moudon"},"arcs":[[-543,-535,-532,567,568,569,-559,570,571,-528,-564]]},{"type":"Polygon","id":5680,"properties":{"id":5680,"name":"Ogens"},"arcs":[[572,-250,573,574]]},{"type":"Polygon","id":5683,"properties":{"id":5683,"name":"Prévonloup"},"arcs":[[575,-560,-547]]},{"type":"Polygon","id":5684,"properties":{"id":5684,"name":"Rossenges"},"arcs":[[576,-553,-570]]},{"type":"Polygon","id":5686,"properties":{"id":5686,"name":"Sarzens"},"arcs":[[-527,-534,-542,-562]]},{"type":"Polygon","id":5688,"properties":{"id":5688,"name":"Syens"},"arcs":[[577,578,-554,-577,-569]]},{"type":"Polygon","id":5690,"properties":{"id":5690,"name":"Villars-le-Comte"},"arcs":[[-566,579,580,-551]]},{"type":"Polygon","id":5692,"properties":{"id":5692,"name":"Vucherens"},"arcs":[[581,582,-555,-579,583]]},{"type":"Polygon","id":5693,"properties":{"id":5693,"name":"Montanaire"},"arcs":[[584,-580,-565,-529,-572,585,-317,-282,-522,-245,-573,586,587,588,589,590]]},{"type":"Polygon","id":5701,"properties":{"id":5701,"name":"Arnex-sur-Nyon"},"arcs":[[591,592,593,594]]},{"type":"Polygon","id":5702,"properties":{"id":5702,"name":"Arzier-Le Muids"},"arcs":[[595,596,597,598,599,600,601]]},{"type":"Polygon","id":5703,"properties":{"id":5703,"name":"Bassins"},"arcs":[[-99,602,603,604,-596,605]]},{"type":"Polygon","id":5704,"properties":{"id":5704,"name":"Begnins"},"arcs":[[606,607,608,-604,609]]},{"type":"Polygon","id":5705,"properties":{"id":5705,"name":"Bogis-Bossey"},"arcs":[[610,611,612,613,614,615]]},{"type":"Polygon","id":5706,"properties":{"id":5706,"name":"Borex"},"arcs":[[616,617,618,-594,619,620]]},{"type":"Polygon","id":5707,"properties":{"id":5707,"name":"Chavannes-de-Bogis"},"arcs":[[621,622,623,624,-614]]},{"type":"Polygon","id":5708,"properties":{"id":5708,"name":"Chavannes-des-Bois"},"arcs":[[625,626,627,628]]},{"type":"Polygon","id":5709,"properties":{"id":5709,"name":"Chéserex"},"arcs":[[629,-621,630,631,632]]},{"type":"Polygon","id":5710,"properties":{"id":5710,"name":"Coinsins"},"arcs":[[633,634,635,636]]},{"type":"Polygon","id":5711,"properties":{"id":5711,"name":"Commugny"},"arcs":[[637,638,-629,639,-624,640]]},{"type":"Polygon","id":5712,"properties":{"id":5712,"name":"Coppet"},"arcs":[[641,642,-638,643]]},{"type":"Polygon","id":5713,"properties":{"id":5713,"name":"Crans-près-Céligny"},"arcs":[[644,645,646,-592,647]]},{"type":"Polygon","id":5714,"properties":{"id":5714,"name":"Crassier"},"arcs":[[-631,-620,-593,648,-616,649,650]]},{"type":"Polygon","id":5715,"properties":{"id":5715,"name":"Duillier"},"arcs":[[651,652,653,654,-636]]},{"type":"Polygon","id":5716,"properties":{"id":5716,"name":"Eysins"},"arcs":[[655,-648,-595,-619,656]]},{"type":"Polygon","id":5717,"properties":{"id":5717,"name":"Founex"},"arcs":[[657,658,-644,-641,-623,659,-612]]},{"type":"Polygon","id":5718,"properties":{"id":5718,"name":"Genolier"},"arcs":[[660,-637,661,-598]]},{"type":"Polygon","id":5719,"properties":{"id":5719,"name":"Gingins"},"arcs":[[662,663,-633,664,665,666]]},{"type":"Polygon","id":5720,"properties":{"id":5720,"name":"Givrins"},"arcs":[[-662,-655,667,668,-599]]},{"type":"Polygon","id":5721,"properties":{"id":5721,"name":"Gland"},"arcs":[[669,670,671,672,-608,673]]},{"type":"Polygon","id":5722,"properties":{"id":5722,"name":"Grens"},"arcs":[[674,675,-617,-630,-664,676]]},{"type":"Polygon","id":5723,"properties":{"id":5723,"name":"Mies"},"arcs":[[677,678,-627,679]]},{"type":"Polygon","id":5724,"properties":{"id":5724,"name":"Nyon"},"arcs":[[680,681,-645,-656,682,-675,683,-653]]},{"type":"Polygon","id":5725,"properties":{"id":5725,"name":"Prangins"},"arcs":[[684,-672,685,-681,-652,-635]]},{"type":"Polygon","id":5726,"properties":{"id":5726,"name":"La Rippe"},"arcs":[[-632,-651,686,-665]]},{"type":"Polygon","id":5727,"properties":{"id":5727,"name":"Saint-Cergue"},"arcs":[[-669,687,-667,688,-600]]},{"type":"Polygon","id":5728,"properties":{"id":5728,"name":"Signy-Avenex"},"arcs":[[-657,-618,-676,-683]]},{"type":"Polygon","id":5729,"properties":{"id":5729,"name":"Tannay"},"arcs":[[-639,-643,689,-680,-626]]},{"type":"Polygon","id":5730,"properties":{"id":5730,"name":"Trélex"},"arcs":[[-654,-684,-677,-663,-688,-668]]},{"type":"Polygon","id":5731,"properties":{"id":5731,"name":"Le Vaud"},"arcs":[[690,-603,-98]]},{"type":"Polygon","id":5732,"properties":{"id":5732,"name":"Vich"},"arcs":[[-609,-673,-685,-634,-661,-597,-605]]},{"type":"Polygon","id":5741,"properties":{"id":5741,"name":"L'Abergement"},"arcs":[[691,692,693,694,695,696]]},{"type":"Polygon","id":5742,"properties":{"id":5742,"name":"Agiez"},"arcs":[[697,698,699,700,701,702]]},{"type":"Polygon","id":5743,"properties":{"id":5743,"name":"Arnex-sur-Orbe"},"arcs":[[703,704,705,-225,-226,706,707,-699]]},{"type":"Polygon","id":5744,"properties":{"id":5744,"name":"Ballaigues"},"arcs":[[708,709,710,711]]},{"type":"Polygon","id":5745,"properties":{"id":5745,"name":"Baulmes"},"arcs":[[712,713,714,-697,715,-375]]},{"type":"Polygon","id":5746,"properties":{"id":5746,"name":"Bavois"},"arcs":[[-305,-318,-297,-177,-216,-223,-706,716]]},{"type":"Polygon","id":5747,"properties":{"id":5747,"name":"Bofflens"},"arcs":[[-708,717,718,719,-700]]},{"type":"Polygon","id":5748,"properties":{"id":5748,"name":"Bretonnières"},"arcs":[[-720,720,721,722,-701]]},{"type":"Polygon","id":5749,"properties":{"id":5749,"name":"Chavornay"},"arcs":[[723,724,-306,-717,-705,725,726]]},{"type":"Polygon","id":5750,"properties":{"id":5750,"name":"Les Clées"},"arcs":[[727,728,-702,-723,729,730,-709,731,-694]]},{"type":"Polygon","id":5751,"properties":{"id":5751,"name":"Corcelles-sur-Chavornay"},"arcs":[[-274,-315,-307,-725,732]]},{"type":"MultiPolygon","id":5752,"properties":{"id":5752,"name":"Croy"},"arcs":[[[-181,-204,733]],[[-707,-228,734,-718]]]},{"type":"Polygon","id":5754,"properties":{"id":5754,"name":"Juriens"},"arcs":[[-207,735,-211,736,737]]},{"type":"Polygon","id":5755,"properties":{"id":5755,"name":"Lignerolle"},"arcs":[[-732,-712,738,-695]]},{"type":"Polygon","id":5756,"properties":{"id":5756,"name":"Montcherand"},"arcs":[[739,-703,-729,740,741]]},{"type":"Polygon","id":5757,"properties":{"id":5757,"name":"Orbe"},"arcs":[[742,743,744,-726,-704,-698,-740,745]]},{"type":"Polygon","id":5758,"properties":{"id":5758,"name":"La Praz"},"arcs":[[-206,-212,-736]]},{"type":"Polygon","id":5759,"properties":{"id":5759,"name":"Premier"},"arcs":[[-722,746,747,748,-730]]},{"type":"Polygon","id":5760,"properties":{"id":5760,"name":"Rances"},"arcs":[[749,750,751,752,-692,-715]]},{"type":"Polygon","id":5761,"properties":{"id":5761,"name":"Romainmôtier-Envy"},"arcs":[[-735,-227,-178,-734,-208,-738,753,-747,-721,-719]]},{"type":"Polygon","id":5762,"properties":{"id":5762,"name":"Sergey"},"arcs":[[754,-741,-728,-693,-753]]},{"type":"Polygon","id":5763,"properties":{"id":5763,"name":"Valeyres-sous-Rances"},"arcs":[[755,-746,-742,-755,-752]]},{"type":"Polygon","id":5764,"properties":{"id":5764,"name":"Vallorbe"},"arcs":[[-731,-749,756,757,758,759,-710]]},{"type":"Polygon","id":5765,"properties":{"id":5765,"name":"Vaulion"},"arcs":[[-754,-737,-210,760,-757,-748]]},{"type":"Polygon","id":5766,"properties":{"id":5766,"name":"Vuiteboeuf"},"arcs":[[761,762,-713,-374,-330,763]]},{"type":"Polygon","id":5782,"properties":{"id":5782,"name":"Carrouge (VD)"},"arcs":[[764,765,766,767,768,-582]]},{"type":"Polygon","id":5785,"properties":{"id":5785,"name":"Corcelles-le-Jorat"},"arcs":[[769,770,771,772,-290,773,-557]]},{"type":"Polygon","id":5788,"properties":{"id":5788,"name":"Essertes"},"arcs":[[774,-422,775,776]]},{"type":"Polygon","id":5789,"properties":{"id":5789,"name":"Ferlens (VD)"},"arcs":[[777,778,-766,779,780]]},{"type":"Polygon","id":5790,"properties":{"id":5790,"name":"Maracon"},"arcs":[[781,782]]},{"type":"Polygon","id":5791,"properties":{"id":5791,"name":"Mézières (VD)"},"arcs":[[-779,783,784,-767]]},{"type":"Polygon","id":5792,"properties":{"id":5792,"name":"Montpreveyres"},"arcs":[[785,-771,786,-768,-785,787,-444,-398,-291,-773]]},{"type":"MultiPolygon","id":5798,"properties":{"id":5798,"name":"Ropraz"},"arcs":[[[-786,-772]],[[-583,-769,-787,-770,-556]]]},{"type":"Polygon","id":5799,"properties":{"id":5799,"name":"Servion"},"arcs":[[788,-776,-427,-442,-788,-784,-778]]},{"type":"Polygon","id":5803,"properties":{"id":5803,"name":"Vulliens"},"arcs":[[789,-780,-765,-584,-578,-568]]},{"type":"Polygon","id":5804,"properties":{"id":5804,"name":"Jorat-Menthue"},"arcs":[[-571,-558,-774,-289,-308,-316,-586]]},{"type":"Polygon","id":5805,"properties":{"id":5805,"name":"Oron"},"arcs":[[-782,790,-437,-423,-775,791]]},{"type":"Polygon","id":5812,"properties":{"id":5812,"name":"Champtauroz"},"arcs":[[792,793,794,795,796,797]]},{"type":"Polygon","id":5813,"properties":{"id":5813,"name":"Chevroux"},"arcs":[[798,799,800,801]]},{"type":"Polygon","id":5816,"properties":{"id":5816,"name":"Corcelles-près-Payerne"},"arcs":[[802,803,804,805,806]]},{"type":"Polygon","id":5817,"properties":{"id":5817,"name":"Grandcour"},"arcs":[[-805,807,808,-799,809]]},{"type":"Polygon","id":5819,"properties":{"id":5819,"name":"Henniez"},"arcs":[[810,811,812,813]]},{"type":"Polygon","id":5821,"properties":{"id":5821,"name":"Missy"},"arcs":[[-807,814]]},{"type":"Polygon","id":5822,"properties":{"id":5822,"name":"Payerne"},"arcs":[[815,816,817,-808,-804]]},{"type":"Polygon","id":5827,"properties":{"id":5827,"name":"Trey"},"arcs":[[818,819,820,-817]]},{"type":"Polygon","id":5828,"properties":{"id":5828,"name":"Treytorrens (Payerne)"},"arcs":[[821,-793,822,823]]},{"type":"Polygon","id":5830,"properties":{"id":5830,"name":"Villarzel"},"arcs":[[824,-811,825,826]]},{"type":"MultiPolygon","id":5831,"properties":{"id":5831,"name":"Valbroye"},"arcs":[[[-825,827,-549,-545,-563,828,-812]],[[-820,829,-826,-814,830,-591,831,-794,-822,832]]]},{"type":"Polygon","id":5841,"properties":{"id":5841,"name":"Château-d'Oex"},"arcs":[[833,-38,-36,-43,834,835,836]]},{"type":"Polygon","id":5842,"properties":{"id":5842,"name":"Rossinière"},"arcs":[[-835,-46,837,838]]},{"type":"Polygon","id":5843,"properties":{"id":5843,"name":"Rougemont"},"arcs":[[-837,839]]},{"type":"Polygon","id":5851,"properties":{"id":5851,"name":"Allaman"},"arcs":[[-457,840,841,-83,-58,-495]]},{"type":"Polygon","id":5852,"properties":{"id":5852,"name":"Bursinel"},"arcs":[[842,843,844,845,846]]},{"type":"Polygon","id":5853,"properties":{"id":5853,"name":"Bursins"},"arcs":[[-846,847,848,849,850,851]]},{"type":"Polygon","id":5854,"properties":{"id":5854,"name":"Burtigny"},"arcs":[[852,853,-851,854,855,-610,-691,-97,-93,-109]]},{"type":"Polygon","id":5855,"properties":{"id":5855,"name":"Dully"},"arcs":[[-845,856,-670,857,-848]]},{"type":"Polygon","id":5856,"properties":{"id":5856,"name":"Essertines-sur-Rolle"},"arcs":[[-61,-82,858,859,860,-853,-108,-87]]},{"type":"Polygon","id":5857,"properties":{"id":5857,"name":"Gilly"},"arcs":[[861,862,-847,-852,-854,-861]]},{"type":"Polygon","id":5858,"properties":{"id":5858,"name":"Luins"},"arcs":[[-849,-858,-674,-607,-856,863]]},{"type":"Polygon","id":5859,"properties":{"id":5859,"name":"Mont-sur-Rolle"},"arcs":[[864,865,-859,-81]]},{"type":"Polygon","id":5860,"properties":{"id":5860,"name":"Perroy"},"arcs":[[-80,-84,-842,866,867,-865]]},{"type":"Polygon","id":5861,"properties":{"id":5861,"name":"Rolle"},"arcs":[[-868,868,-843,-863,869,-866]]},{"type":"Polygon","id":5862,"properties":{"id":5862,"name":"Tartegnin"},"arcs":[[-870,-862,-860]]},{"type":"Polygon","id":5863,"properties":{"id":5863,"name":"Vinzel"},"arcs":[[-850,-864,-855]]},{"type":"Polygon","id":5871,"properties":{"id":5871,"name":"L'Abbaye"},"arcs":[[-761,-209,-194,-215,870,871,872,-758]]},{"type":"Polygon","id":5872,"properties":{"id":5872,"name":"Le Chenit"},"arcs":[[873,-871,-214,-70,-78,-91,-105,-95,-100,-606,-602,874,875]]},{"type":"Polygon","id":5873,"properties":{"id":5873,"name":"Le Lieu"},"arcs":[[-873,876,-876,877,-759]]},{"type":"Polygon","id":5881,"properties":{"id":5881,"name":"Blonay"},"arcs":[[878,879,880,881]]},{"type":"Polygon","id":5882,"properties":{"id":5882,"name":"Chardonne"},"arcs":[[882,883,884,885,-440,-432,886]]},{"type":"Polygon","id":5883,"properties":{"id":5883,"name":"Corseaux"},"arcs":[[887,888,-885,889]]},{"type":"Polygon","id":5884,"properties":{"id":5884,"name":"Corsier-sur-Vevey"},"arcs":[[890,891,-890,-884,892,893]]},{"type":"Polygon","id":5885,"properties":{"id":5885,"name":"Jongny"},"arcs":[[-893,-883,894]]},{"type":"Polygon","id":5886,"properties":{"id":5886,"name":"Montreux"},"arcs":[[895,896,897,898,-880]]},{"type":"Polygon","id":5888,"properties":{"id":5888,"name":"Saint-Légier-La Chiésaz"},"arcs":[[-882,899,900,-891,901]]},{"type":"Polygon","id":5889,"properties":{"id":5889,"name":"La Tour-de-Peilz"},"arcs":[[-881,-899,902,903,-900]]},{"type":"Polygon","id":5890,"properties":{"id":5890,"name":"Vevey"},"arcs":[[-904,904,-888,-892,-901]]},{"type":"Polygon","id":5891,"properties":{"id":5891,"name":"Veytaux"},"arcs":[[-45,905,-897,906,-838]]},{"type":"Polygon","id":5902,"properties":{"id":5902,"name":"Belmont-sur-Yverdon"},"arcs":[[-276,907,908,909]]},{"type":"Polygon","id":5903,"properties":{"id":5903,"name":"Bioley-Magnoux"},"arcs":[[-587,-575,910,911,912]]},{"type":"Polygon","id":5904,"properties":{"id":5904,"name":"Chamblon"},"arcs":[[913,914,915,916]]},{"type":"Polygon","id":5905,"properties":{"id":5905,"name":"Champvent"},"arcs":[[917,918,-916,919,920,-750,-714,-763,921]]},{"type":"Polygon","id":5907,"properties":{"id":5907,"name":"Chavannes-le-Chêne"},"arcs":[[-823,-798,922,923,924,925]]},{"type":"Polygon","id":5908,"properties":{"id":5908,"name":"Chêne-Pâquier"},"arcs":[[-797,926,927,-923]]},{"type":"Polygon","id":5909,"properties":{"id":5909,"name":"Cheseaux-Noréaz"},"arcs":[[928,929,930,931,932]]},{"type":"Polygon","id":5910,"properties":{"id":5910,"name":"Cronay"},"arcs":[[933,934,935,936,937,938]]},{"type":"Polygon","id":5911,"properties":{"id":5911,"name":"Cuarny"},"arcs":[[939,-938,940,941,-930,942]]},{"type":"Polygon","id":5912,"properties":{"id":5912,"name":"Démoret"},"arcs":[[-796,943,-589,944,945,-927]]},{"type":"Polygon","id":5913,"properties":{"id":5913,"name":"Donneloye"},"arcs":[[946,-945,-588,-913,947,-934,948]]},{"type":"Polygon","id":5914,"properties":{"id":5914,"name":"Ependes (VD)"},"arcs":[[-909,949,950,-744,951,952,953,954]]},{"type":"Polygon","id":5915,"properties":{"id":5915,"name":"Essert-Pittet"},"arcs":[[955,-727,-745,-951]]},{"type":"Polygon","id":5919,"properties":{"id":5919,"name":"Mathod"},"arcs":[[956,-952,-743,-756,-751,-921]]},{"type":"Polygon","id":5921,"properties":{"id":5921,"name":"Molondin"},"arcs":[[-924,-928,-946,-947,957,958]]},{"type":"Polygon","id":5922,"properties":{"id":5922,"name":"Montagny-près-Yverdon"},"arcs":[[-364,959,960,961,-917,-919,962]]},{"type":"Polygon","id":5923,"properties":{"id":5923,"name":"Oppens"},"arcs":[[-574,-249,-310,-298,963,-911]]},{"type":"Polygon","id":5924,"properties":{"id":5924,"name":"Orges"},"arcs":[[-359,964,-922,-762,965]]},{"type":"Polygon","id":5925,"properties":{"id":5925,"name":"Orzens"},"arcs":[[-948,-912,-964,-301,-271,966,-935]]},{"type":"Polygon","id":5926,"properties":{"id":5926,"name":"Pomy"},"arcs":[[-937,967,968,969,-941]]},{"type":"Polygon","id":5928,"properties":{"id":5928,"name":"Rovray"},"arcs":[[-925,-959,970,971]]},{"type":"Polygon","id":5929,"properties":{"id":5929,"name":"Suchy"},"arcs":[[-908,-275,-733,-724,-956,-950]]},{"type":"Polygon","id":5930,"properties":{"id":5930,"name":"Suscévaz"},"arcs":[[-915,972,-953,-957,-920]]},{"type":"Polygon","id":5931,"properties":{"id":5931,"name":"Treycovagnes"},"arcs":[[973,-954,-973,-914,-962]]},{"type":"Polygon","id":5932,"properties":{"id":5932,"name":"Ursins"},"arcs":[[-967,-270,974,-968,-936]]},{"type":"Polygon","id":5933,"properties":{"id":5933,"name":"Valeyres-sous-Montagny"},"arcs":[[-365,-963,-918,-965,-358]]},{"type":"Polygon","id":5934,"properties":{"id":5934,"name":"Valeyres-sous-Ursins"},"arcs":[[-975,-278,975,-969]]},{"type":"Polygon","id":5935,"properties":{"id":5935,"name":"Villars-Epeney"},"arcs":[[976,-943,-929]]},{"type":"Polygon","id":5937,"properties":{"id":5937,"name":"Vugelles-La Mothe"},"arcs":[[-370,-360,-966,-764,-329]]},{"type":"Polygon","id":5938,"properties":{"id":5938,"name":"Yverdon-les-Bains"},"arcs":[[-931,-942,-970,-976,-277,-910,-955,-974,-961,977]]},{"type":"Polygon","id":5939,"properties":{"id":5939,"name":"Yvonand"},"arcs":[[-971,-958,-949,-939,-940,-977,-933,978,979]]},{"type":"MultiPolygon","id":9154,"properties":{"id":9154,"name":"Lac de Neuchâtel (VD)"},"arcs":[[[-801,980]],[[-979,-932,-978,-960,-363,-322,-371,-343,-339,981]],[[-115,-121,982]]]},{"type":"Polygon","id":9296,"properties":{"id":9296,"name":"Murtensee/Lac de Morat (VD)"},"arcs":[[-117,-113,-119,983]]},{"type":"Polygon","id":9751,"properties":{"id":9751,"name":"Lac de Joux"},"arcs":[[-874,-877,-872]]},{"type":"MultiPolygon","id":9758,"properties":{"id":9758,"name":"Lac Léman (VD)"},"arcs":[[[-678,-690,-642,-659,984]],[[-416,-410,-429,-445,-435,-439,-441,-886,-889,-905,-903,-898,-906,-44,-30,985,-646,-682,-686,-671,-857,-844,-869,-867,-841,-456,-516,-519,-509,-513,-518,-401]]]}]}},"arcs":[[[81963,18861],[-89,-165],[519,-739],[-636,153],[-851,-921],[-187,-380],[-842,-391],[-436,-529],[-945,-491],[-582,-60],[-1182,-811],[18,-259],[-427,-280],[-857,-247],[-725,-701]],[[74741,13040],[-1001,700],[-486,2449],[-4,1127]],[[73250,17316],[594,-198],[1858,200],[442,-101],[1025,620]],[[77169,17837],[13,-904],[556,-190],[1952,771],[631,416],[1133,1114],[162,297]],[[81616,19341],[347,-480]],[[94968,14618],[22,-1110],[636,-731],[-178,-430],[-714,-358],[260,-1224],[-415,-547],[-549,-24],[-1362,-1827],[-560,-137],[-342,-1040],[-923,-816],[-447,-167],[-856,37],[-248,-966],[60,-708],[-219,-88],[-977,-1378],[-1023,-567],[-672,-712],[-715,-237],[-719,170]],[[85027,1758],[-183,247],[212,584],[-134,435],[-734,459],[-435,1276],[-558,-137],[-516,273],[-942,240],[-1015,-360],[-905,-580]],[[79817,4195],[-427,230],[-182,1002],[-521,655],[-605,1161],[-180,910],[-1390,1468]],[[76512,9621],[1333,482],[1687,152],[765,330],[654,487],[469,679],[294,0],[972,714],[679,-120],[632,-351]],[[83997,11994],[-23,-383],[-368,-336],[-161,-819],[329,6],[88,-552],[706,6],[866,378],[393,835],[735,229],[1009,459],[693,-135],[977,420],[-19,1071],[128,212],[1689,940],[738,150]],[[91777,14475],[471,241],[2720,-98]],[[70825,21802],[640,-1025],[-515,-437],[492,-232]],[[71442,20108],[-1216,-911]],[[70226,19197],[-694,1184],[-486,502],[8,360],[393,1066]],[[69447,22309],[681,-175],[37,-446],[660,114]],[[80217,24715],[-193,-810],[-199,-292],[-1118,-638],[318,-1033],[-33,-996],[-206,-477],[-351,-30],[-480,-543]],[[77955,19896],[40,490],[-1538,-1013],[-381,-581],[-276,93],[-300,-265],[-289,99],[-532,1605],[547,517],[-108,624],[-638,224]],[[74480,21689],[477,464],[-508,30],[-134,611],[-490,147]],[[73825,22941],[821,399],[882,1052],[547,318],[1380,447],[720,679],[390,619],[187,-173],[744,856],[551,138]],[[80047,27276],[243,-831],[-238,-609],[307,-465],[-142,-656]],[[91308,14759],[469,-284]],[[83997,11994],[956,392],[195,609],[393,260],[239,429],[796,679],[393,496],[1499,547],[1096,-63],[1185,-242],[559,-342]],[[85027,1758],[-612,-198],[-396,-418],[-515,-221],[-1163,-715],[-473,-89],[-448,576],[-485,875],[-813,738],[-168,615],[-137,1274]],[[77169,17837],[84,345],[516,825],[186,889]],[[80217,24715],[762,74],[775,-209],[664,-750],[-234,-1447],[-251,-759],[-284,-278],[-103,-1306],[-132,-323],[202,-376]],[[72200,26106],[313,-328],[90,-472],[373,-555]],[[72976,24751],[-708,-78],[-562,-454],[97,-200],[-623,-327],[102,-433],[-143,-1074]],[[71139,22185],[-314,-383]],[[69447,22309],[-112,1141],[-365,515],[-508,356],[-1372,1598]],[[67090,25919],[594,-164],[931,288],[833,51],[693,-197],[424,261],[915,-117],[720,65]],[[89307,18795],[1189,-1243],[355,64],[349,-295],[126,-666],[-208,-613],[362,-192],[78,-634],[-250,-457]],[[76512,9621],[-506,646],[-164,1128],[-274,782],[-827,863]],[[81963,18861],[1039,161],[1622,-706],[522,81],[421,-462],[963,289],[239,-337],[401,-135],[1,-715],[743,430],[461,-34],[662,217],[270,1145]],[[90634,24210],[-484,-386],[-986,104],[-734,-169],[-685,-455],[-604,-126],[378,-232],[-378,-624],[-18,-515],[391,-689],[-649,77],[-83,-631],[900,-370],[125,-608],[-92,-502],[358,-375],[649,247],[585,-161]],[[80047,27276],[248,372],[2016,1913],[130,-28]],[[82441,29533],[298,300],[1905,82],[440,-302],[312,-941],[-23,-855],[168,-656],[331,231],[471,734],[797,588],[1807,-684],[92,-359],[542,-474],[402,-1126],[431,-829],[220,-1032]],[[95355,24005],[1228,-20],[-96,-609],[760,-1491],[258,-4],[608,383],[330,-400],[-316,-384],[-619,-226],[311,-1050],[-121,-2418],[-2730,-3168]],[[90634,24210],[448,-46],[790,339],[1004,-161],[249,-158],[949,-69],[610,-555],[671,445]],[[72708,23071],[-360,-495],[-485,260],[-724,-651]],[[72976,24751],[-6,-562],[-262,-1118]],[[74480,21689],[-557,-723],[-533,-257],[84,-337],[-1656,-346],[-376,82]],[[72708,23071],[660,-195],[457,65]],[[81054,31708],[-471,-369],[-280,-446],[71,-1419],[669,-49],[1360,258],[38,-150]],[[72200,26106],[253,170],[163,572],[465,845]],[[73081,27693],[643,9],[510,613],[482,227],[345,451],[1496,1089],[411,538],[379,-100],[662,386],[300,13],[458,368],[1158,169],[989,585]],[[80914,32041],[140,-333]],[[73250,17316],[-194,615],[-872,1051],[-396,99],[-1117,-132],[-445,248]],[[31249,47519],[-9,-657],[1016,-337]],[[32256,46525],[26,-861],[-285,-315],[204,-160]],[[32201,45189],[-151,-267],[-388,264],[-513,-737],[82,-582],[-246,-195]],[[30985,43672],[-406,-488],[-460,-114]],[[30119,43070],[-54,440],[-514,36],[-453,357],[-697,212]],[[28401,44115],[236,1192],[-322,330],[-778,302],[77,698],[266,1086],[-418,502]],[[27462,48225],[-168,358]],[[27294,48583],[622,469],[195,-545],[479,48],[818,-673],[1841,-363]],[[28004,38767],[457,-281],[294,-609],[98,-831]],[[28853,37046],[24,-367]],[[28877,36679],[-377,-445],[-1210,-266]],[[27290,35968],[-254,647],[-553,272],[-838,1060],[-272,178],[-275,-323]],[[25098,37802],[-488,-500],[-595,-166],[-700,765],[148,209],[-440,370],[-298,-336]],[[22725,38144],[-493,421],[392,239],[-104,214]],[[22520,39018],[388,313]],[[22908,39331],[1361,-679],[420,-386],[588,497],[492,216],[270,-155],[-7,428],[-545,870],[362,311]],[[25849,40433],[349,-476],[510,-331],[529,-603],[391,65],[376,-321]],[[28401,44115],[-716,154],[-82,379],[-423,350],[-740,-990],[-345,-169]],[[26095,43839],[-1698,1216],[71,237]],[[24468,45292],[340,382],[-299,451],[264,429],[-83,422]],[[24690,46976],[432,168],[501,-382],[886,831],[366,120],[587,512]],[[24468,45292],[-643,343],[-374,-464],[-1077,727],[-1700,2077],[404,598],[-1193,138],[-696,331],[146,214]],[[19335,49256],[479,556]],[[19814,49812],[630,220]],[[20444,50032],[777,-244],[744,-590],[449,-15],[597,-336],[694,-826],[48,-283],[937,-762]],[[26095,43839],[-246,-113]],[[25849,43726],[-371,-160],[-18,-317],[-474,-261],[115,-752],[-205,-759]],[[24896,41477],[-500,-5],[-223,-237]],[[24173,41235],[-361,272],[-714,-64],[-1020,604],[-681,721],[-325,608]],[[21072,43376],[-280,185],[-839,1],[-345,760],[-614,458],[-417,852],[-780,162],[-860,844]],[[16937,46638],[384,60],[511,1546],[1111,1043],[392,-31]],[[25098,37802],[141,-177],[-211,-707],[205,-577]],[[25233,36341],[-427,-18],[-448,-428],[-198,86],[-284,686]],[[23876,36667],[-163,421],[-564,469],[-206,397]],[[22943,37954],[-218,190]],[[27290,35968],[-323,-59],[-450,-920]],[[26517,34989],[-485,117],[-405,1210],[-394,25]],[[21072,43376],[-530,-654],[646,-1349],[283,-395],[1575,-1321]],[[23046,39657],[-138,-326]],[[22520,39018],[-133,-204],[-1067,216]],[[21320,39030],[-490,428],[-1049,-71],[-589,95],[21,-455],[-260,-387]],[[18953,38640],[-782,643],[287,340],[-681,470]],[[17777,40093],[180,3],[765,584],[-83,630],[-719,294],[512,941],[-361,230],[-234,471],[-527,109],[-234,471],[-560,14],[-1099,825],[-667,-7]],[[14750,44658],[427,547],[363,200],[574,763],[823,470]],[[18953,38640],[-565,-838],[-406,-80]],[[17982,37722],[-202,-104],[-128,-677],[-575,-144]],[[17077,36797],[89,311],[-731,43],[-454,1272],[-214,242],[-1156,412],[-318,319],[-148,503],[-507,664],[-502,1160],[178,353]],[[13314,42076],[477,839]],[[13791,42915],[1005,-244],[-94,-294],[377,-970],[-26,-503],[686,-1351],[996,-575],[579,819],[463,296]],[[17077,36797],[-316,74],[-743,-491],[-381,-77]],[[15637,36303],[-69,325],[-708,293],[-766,-204],[-1265,383],[-1037,1907]],[[11792,39007],[-577,1163],[872,1092],[270,816]],[[12357,42078],[96,305],[861,-307]],[[27332,49104],[-38,-521]],[[20444,50032],[640,373],[2236,-61],[1391,163],[929,-206],[593,-273],[1099,-924]],[[24896,41477],[953,-1044]],[[23046,39657],[17,720],[303,18],[807,840]],[[13791,42915],[959,1743]],[[28675,40703],[-881,-508],[77,-551],[376,-333],[-243,-544]],[[25849,43726],[726,-166],[110,-573],[450,-146],[270,-468],[473,-155],[426,-961],[371,-554]],[[21320,39030],[-302,-419],[-429,-230],[368,-256],[-842,-536],[-619,421],[-371,-428],[-144,110],[-735,-490]],[[18246,37202],[-264,520]],[[83632,89804],[327,-1013],[269,-321],[810,206],[264,-82]],[[85302,88594],[441,-170],[-1201,-931],[-305,-366],[-24,-511],[635,-403],[122,-367],[-338,-602],[-345,-209],[-390,-555],[-285,-686],[-467,-278],[-518,-997],[-283,164],[-184,-326],[-699,654],[420,567],[-71,249],[544,401],[-822,695],[460,932],[-868,542],[-292,-210],[-444,574],[-174,-388],[-642,-565],[-599,154],[-472,584],[488,343],[817,896]],[[79806,87785],[416,824],[284,-167],[191,326],[843,831],[87,-114],[837,938]],[[82464,90423],[523,-493],[645,-126]],[[84041,95620],[-1398,-1044],[-1645,-804],[459,-482],[-389,-111],[-500,-411],[-297,377],[-415,92],[-65,271],[-782,-618],[-622,461],[-944,1236]],[[77443,94587],[751,446],[806,623],[443,115],[1194,772],[651,554],[164,406],[595,599],[332,1041]],[[82379,99143],[1002,-345],[958,-735],[-433,-735],[148,-291],[-199,-434],[182,-467],[-265,-71],[269,-445]],[[83632,89804],[817,-1],[376,339],[917,383],[371,278]],[[86113,90803],[496,-681],[259,-140],[-159,-394],[-385,-229],[186,-238],[-473,-455],[-735,-72]],[[84054,93726],[-886,-479],[-284,-428],[-971,-768],[-39,-821],[590,-807]],[[79806,87785],[-1852,1850],[-532,696],[277,325],[-219,202],[472,576],[-794,647],[-518,-311],[-602,441],[-291,422]],[[75747,92633],[1544,1248],[152,706]],[[84041,95620],[145,-1157],[-292,-483],[160,-254]],[[43824,55552],[0,-303],[558,-304]],[[44382,54945],[-284,-1117],[115,-120]],[[44213,53708],[-354,-604],[-226,118]],[[43633,53222],[-601,323],[-259,569],[-939,-301]],[[41834,53813],[132,558],[-290,8],[538,1246],[206,88]],[[42420,55713],[465,350],[719,-137],[220,-374]],[[43633,53222],[-363,-1065],[-334,37],[-117,-546]],[[42819,51648],[-476,93],[-400,-358],[-781,148]],[[41162,51531],[-125,265],[314,448],[-461,182],[15,525]],[[40905,52951],[264,601],[400,-141],[265,402]],[[44877,53010],[-155,-655],[240,-227],[-172,-923]],[[44790,51205],[-807,-532]],[[43983,50673],[-482,108],[-106,481],[-452,653],[-124,-267]],[[44213,53708],[284,-111],[380,-587]],[[35167,56026],[269,-868],[254,-155]],[[35690,55003],[-394,-1006],[14,-557],[309,-193],[-142,-555]],[[35477,52692],[-466,-4],[-292,224],[-134,-338],[-744,117]],[[33841,52691],[-318,-139]],[[33523,52552],[-248,162],[173,1121],[-455,147]],[[32993,53982],[-374,345],[393,1052],[20,321],[-709,349],[163,345]],[[32486,56394],[422,342]],[[32908,56736],[154,-718],[363,248],[564,-333],[171,169],[632,-663],[41,406],[334,181]],[[33523,52552],[-439,-96],[-447,-622],[-190,95],[-260,-516],[-265,120]],[[31922,51533],[-335,626],[-676,531]],[[30911,52690],[231,-46],[483,343],[-203,504]],[[31422,53491],[434,55],[669,-151],[468,587]],[[36251,58559],[-13,-754],[-699,-594],[24,-159]],[[35563,57052],[-396,-1026]],[[32908,56736],[1095,771],[662,240]],[[34665,57747],[573,653],[461,231],[552,-72]],[[37798,55580],[346,-589],[-296,-475],[576,-311]],[[38424,54205],[-327,-809],[147,-796],[468,-1112]],[[38712,51488],[-956,-671],[-559,163],[-338,-97]],[[36859,50883],[-339,315],[125,423],[-270,156],[218,680],[-479,391],[-145,-305],[-492,149]],[[35690,55003],[984,-285],[192,734],[300,-104],[118,302],[514,-70]],[[33615,49247],[-92,-1654]],[[33523,47593],[-948,-889]],[[32575,46704],[-147,775],[281,304],[-492,708],[231,245],[-401,1100]],[[32047,49836],[148,368]],[[32195,50204],[315,-27],[248,-914],[857,-16]],[[31422,53491],[-883,850],[313,225],[-383,308],[277,291],[-1393,635],[88,264]],[[29441,56064],[1429,1839]],[[30870,57903],[1075,-743],[33,-784],[508,18]],[[40905,52951],[-193,247]],[[40712,53198],[94,273],[-425,151],[168,236],[-697,245],[-517,697]],[[39335,54800],[531,337],[-198,195],[582,654],[158,562]],[[40408,56548],[295,-137],[324,1049],[559,108]],[[41586,57568],[161,-377],[-212,-548],[481,-162],[-60,-381],[464,-387]],[[37479,56159],[352,-131],[-33,-448]],[[35563,57052],[912,-356],[297,421],[431,-211],[276,-747]],[[42748,59425],[-397,-313],[-174,-705],[-618,-351],[27,-488]],[[40408,56548],[-853,502],[-102,-377],[-1001,309]],[[38452,56982],[121,825],[-208,6],[435,850],[613,-327],[-69,271],[587,17],[168,316]],[[40099,58940],[888,322],[563,12],[334,497]],[[41884,59771],[233,165],[631,-511]],[[34161,60347],[463,-138]],[[34624,60209],[813,-818],[436,318],[1097,-735],[-188,-381],[-531,-34]],[[34665,57747],[118,534],[-378,58],[-734,789],[196,305],[-32,1053]],[[33835,60486],[326,-139]],[[39263,51533],[56,-910],[-224,-343]],[[39095,50280],[-192,77],[46,-1147],[323,-188],[-278,-374]],[[38994,48648],[-448,231],[-557,-479],[-368,412],[-1068,-460]],[[36553,48352],[-2,575],[-198,542]],[[36353,49469],[-51,1133],[557,281]],[[38712,51488],[551,45]],[[33841,52691],[322,-283],[336,-808],[305,51],[-78,-644],[254,-672]],[[34980,50335],[-85,-317],[-394,-66],[43,-379],[-283,-244],[-646,-82]],[[32195,50204],[-273,1329]],[[30911,52690],[-335,-406]],[[30576,52284],[-504,288],[-525,-595],[-535,-114]],[[29012,51863],[-505,300],[-317,480],[328,215],[-692,625],[-722,820],[-570,-5],[-890,362],[-1516,254],[-1679,-299]],[[22449,54615],[531,836],[1083,478]],[[24063,55929],[719,762],[2370,-345],[1516,386],[773,-668]],[[39335,54800],[-662,-285],[-249,-310]],[[37479,56159],[60,169],[726,-121],[187,775]],[[30576,52284],[-1094,-775],[-399,152]],[[29083,51661],[-71,202]],[[43183,49307],[-202,-680],[133,-215]],[[43114,48412],[-309,-158],[-474,112],[-993,-445],[6,-557],[-196,-12]],[[41148,47352],[-220,142],[-36,1106],[-150,40],[229,826],[-25,392]],[[40946,49858],[901,-12],[606,-457],[412,95],[318,-177]],[[33741,60516],[94,-30]],[[30870,57903],[419,851]],[[31289,58754],[740,620]],[[32029,59374],[250,28]],[[32279,59402],[1158,1123],[304,-9]],[[24063,55929],[-218,857],[278,924],[-138,949],[-24,901],[188,692]],[[24149,60252],[632,332],[584,-416],[248,-373],[1934,741]],[[27547,60536],[605,123]],[[28152,60659],[781,-509],[2356,-1396]],[[29083,51661],[7,-529],[-357,-488],[4,-337],[-409,-726],[-996,-477]],[[19814,49812],[14,70]],[[19828,49882],[234,452],[-394,455],[1203,1173],[748,545],[1165,1201],[-691,285],[356,622]],[[41017,61996],[48,-1479],[160,-82],[-218,-628],[518,-164],[359,128]],[[40099,58940],[-924,156],[-1108,480]],[[38067,59576],[373,144],[-41,486],[232,216],[950,1699],[362,-258],[31,376],[1043,-243]],[[32047,49836],[-206,-24],[-61,-741],[-535,-822],[4,-730]],[[40712,53198],[-381,-89],[-766,-998],[-220,-27],[-82,-551]],[[41162,51531],[186,-1264],[-306,50]],[[41042,50317],[-674,109],[-519,-240],[-754,94]],[[41000,62795],[17,-799]],[[38067,59576],[-313,-190],[-1250,737],[-164,248]],[[36340,60371],[317,-47],[376,627],[280,-301],[173,722],[730,215],[602,1035],[297,-99],[432,250],[460,-69],[33,370],[960,-279]],[[35781,60664],[559,-293]],[[34624,60209],[473,551],[398,107]],[[35495,60867],[286,-203]],[[36353,49469],[-130,545],[-855,104],[-388,217]],[[32575,46704],[-109,-142]],[[32466,46562],[-210,-37]],[[43983,50673],[-237,-969],[-201,-167]],[[43545,49537],[-284,128],[-78,-358]],[[40946,49858],[96,459]],[[41148,47352],[3,-276]],[[41151,47076],[-408,-218],[-541,71],[-570,-266],[-387,170]],[[39245,46833],[-182,110],[-118,1022],[49,683]],[[49257,54797],[-213,-773],[-277,-424]],[[48767,53600],[-191,-166],[-82,-759]],[[48494,52675],[-699,174],[-329,-770]],[[47466,52079],[-1111,615],[-121,308]],[[46234,53002],[-64,1076],[81,607]],[[46251,54685],[224,381]],[[46475,55066],[338,-190],[410,257],[808,-101],[470,205],[756,-440]],[[55296,64046],[-175,-508]],[[55121,63538],[-105,-827],[-316,-487],[-94,-563],[-329,-217],[-194,-513]],[[54083,60931],[-411,347],[-721,1014]],[[52951,62292],[569,765],[320,1214],[-159,528]],[[53681,64799],[478,-120],[308,608]],[[54467,65287],[440,-305],[-81,-766],[470,-170]],[[46234,53002],[-79,-113],[-1278,121]],[[44382,54945],[481,-256],[201,440],[507,7],[96,204],[504,-136],[80,-519]],[[51404,55002],[281,-277],[-108,-606],[508,-182],[706,-583],[-83,-409]],[[52708,52945],[-82,-225],[-670,461],[-431,-269],[-267,-611],[-428,-553]],[[50830,51748],[-500,203],[-239,-408]],[[50091,51543],[-681,407],[132,229],[-390,204],[186,666],[-571,551]],[[49257,54797],[326,705]],[[49583,55502],[430,-358],[73,205],[650,-327],[496,-419],[172,399]],[[50091,51543],[197,-425],[-574,-211]],[[49714,50907],[-981,-452]],[[48733,50455],[-663,713],[5,630],[419,877]],[[49714,50907],[-541,-483],[551,-430],[-17,-317],[341,-1080]],[[50048,48597],[-532,44],[-205,-429],[-712,-356],[-94,561],[-490,546],[-253,14]],[[47762,48977],[-78,39]],[[47684,49016],[367,515],[219,753],[463,171]],[[50010,57645],[338,-179],[-265,-585],[-636,-667],[136,-712]],[[46475,55066],[226,1151],[238,469],[-571,370]],[[46368,57056],[468,885],[361,-427],[90,218]],[[47287,57732],[556,-170],[179,418],[409,-224],[185,155],[650,-467],[744,201]],[[49953,68183],[113,-499],[728,-901],[210,-34]],[[51004,66749],[-245,-514],[100,-438]],[[50859,65797],[-410,-389],[-229,-1127]],[[50220,64281],[-486,282],[-532,-294],[-259,460],[-105,-479],[-454,498],[-170,-502],[-255,-5]],[[47959,64241],[-510,-226],[-546,344],[198,558],[-298,9]],[[46803,64926],[293,398],[79,559]],[[47175,65883],[653,3],[417,795],[-48,1462],[146,871]],[[48343,69014],[343,597]],[[48686,69611],[460,-311],[298,-575],[509,-542]],[[47466,52079],[-458,-985],[-285,40],[-305,-631]],[[46418,50503],[-953,150],[-265,371],[-410,181]],[[54083,60931],[-161,-137]],[[53922,60794],[-386,-268],[-222,-455]],[[53314,60071],[-541,-565],[-157,-572],[-301,-91],[-916,709],[-525,-50],[16,-360],[-415,-359]],[[50475,58783],[-413,212],[-3,596],[653,896],[319,775],[-298,-72]],[[50733,61190],[340,704],[-23,435]],[[51050,62329],[337,7],[984,634]],[[52371,62970],[580,-678]],[[52708,52945],[559,84],[870,-546]],[[54137,52483],[87,-312],[475,-506],[-87,-195]],[[54612,51470],[-91,-566]],[[54521,50904],[22,-419],[-317,-1164]],[[54226,49321],[-520,-36],[-1179,1164],[-350,151],[24,355],[-347,222],[-424,-216],[-46,329],[-363,10],[-191,448]],[[47684,49016],[-1063,315]],[[46621,49331],[-203,1172]],[[43518,59398],[312,-317],[14,-571],[329,-286],[-212,-880],[213,-267],[-6,-723]],[[44168,56354],[-344,-802]],[[42748,59425],[367,-532],[54,468],[349,37]],[[51653,65735],[901,-528],[439,-561]],[[52993,64646],[-56,-528],[-248,-293],[-318,-855]],[[51050,62329],[-1006,850],[226,495],[-50,607]],[[50859,65797],[635,-203],[159,141]],[[47470,62942],[-152,-896]],[[47318,62046],[-512,-1101]],[[46806,60945],[-1104,-502],[-990,237],[-357,724],[-291,210]],[[44064,61614],[-81,228]],[[43983,61842],[316,348],[-210,749],[266,233],[264,-316],[875,113]],[[45494,62969],[286,-124],[425,393],[484,-77],[87,288],[695,44],[-1,-551]],[[53596,55515],[48,-747],[224,-381],[-162,-361],[93,-539],[474,-560],[-136,-444]],[[51404,55002],[-195,348],[96,467],[653,620],[1638,-922]],[[52993,64646],[123,656],[239,385],[267,-219],[59,-669]],[[44168,56354],[491,87],[133,479],[494,66],[186,311],[896,-241]],[[50475,58783],[-296,-419],[88,-488],[-257,-231]],[[47287,57732],[424,1189],[-524,161],[642,506],[220,538],[-1243,819]],[[47318,62046],[193,-273],[55,-668],[548,-214],[-10,-344],[664,-26],[-14,-366],[615,-4],[93,487],[424,-65],[847,617]],[[47470,62942],[220,22],[279,756],[-10,521]],[[54414,58290],[-379,-459],[313,-481],[-268,-857],[-557,-534],[73,-444]],[[53314,60071],[385,-567],[11,-772],[671,-178],[33,-264]],[[43518,59398],[265,205],[-12,575],[431,655],[-138,781]],[[51818,86205],[145,-653],[260,-37]],[[52223,85515],[34,-129]],[[52257,85386],[-646,-61],[110,-375],[-398,-141],[269,-1238],[494,-814],[-436,-520],[575,-1039],[-153,-138],[573,-695]],[[52645,80365],[-351,-676]],[[52294,79689],[-523,492],[-426,181],[-323,-261]],[[51022,80101],[-688,964],[-54,614],[185,353],[-448,418]],[[50017,82450],[167,526],[237,-13],[-167,887],[360,926],[-624,-282],[-158,963],[-569,214],[930,67]],[[50193,85738],[444,50],[735,478],[446,-61]],[[43667,84762],[-107,-500],[-264,-199],[149,-451],[324,192],[562,-630],[-416,-544],[736,-307],[69,-297],[-337,-257]],[[44383,81769],[-942,-652]],[[43441,81117],[-56,76],[-940,-562],[-107,-550],[-618,-966]],[[41720,79115],[-161,-44]],[[41559,79071],[-1094,-304],[-828,971],[-109,952],[-846,535],[96,756],[240,611],[792,866]],[[39810,83458],[283,-242],[906,337],[331,356],[723,407],[-73,204],[1400,1011]],[[43380,85531],[476,-531],[-189,-238]],[[51022,80101],[0,-287],[-941,24],[-711,319],[-561,-149]],[[48809,80008],[-327,987]],[[48482,80995],[-45,379]],[[48437,81374],[187,330],[-21,768],[926,121],[135,-404],[353,261]],[[57015,86579],[-585,-1386],[622,464],[1165,-175],[250,-212]],[[58467,85270],[-275,-598],[-582,-488],[-442,-195],[-964,-953],[-509,-118],[-625,-405]],[[55070,82513],[-850,1199],[-512,542],[-333,1053],[-1152,208]],[[51818,86205],[1045,483]],[[52863,86688],[767,331],[678,-22],[574,-363],[736,-826],[590,304],[538,500],[269,-33]],[[55070,82513],[-777,-1115],[-364,-279]],[[53929,81119],[-651,1144],[156,129],[-1012,1980],[500,250],[-287,700],[-378,64]],[[48809,80008],[-253,-287],[-826,-391],[-329,53]],[[47401,79383],[-729,-80],[-708,468]],[[45964,79771],[454,495],[1384,493],[33,192],[647,44]],[[39810,83458],[-686,527]],[[39124,83985],[865,1043],[661,228],[542,536],[905,312]],[[42097,86104],[1150,-400],[133,-173]],[[46650,83040],[-11,-463],[313,-958],[624,-180],[471,200],[390,-265]],[[45964,79771],[-337,-32]],[[45627,79739],[-89,1156]],[[45538,80895],[144,160],[955,190],[-236,773],[-490,-122],[-515,868],[-651,546],[-312,769],[-333,80],[-433,603]],[[42097,86104],[1021,608],[1048,462]],[[44166,87174],[281,-821],[-138,-76],[957,-491],[338,-714],[-597,-334],[-110,-517],[274,-342],[340,88],[159,-788],[434,-306],[546,167]],[[47401,79383],[439,-155],[-575,-630],[65,-686],[272,-312],[-676,-277],[-40,-354]],[[46886,76969],[-267,-97],[-92,424],[-534,-199],[-92,458],[-845,-317],[-82,173]],[[44974,77411],[-157,1259],[-286,517],[218,340]],[[44749,79527],[60,270]],[[44809,79797],[818,-58]],[[45538,80895],[-501,-53],[-63,262],[-591,665]],[[52294,79689],[-438,-362],[-1574,-747],[-1107,-1069],[-834,-583],[-37,-797]],[[48304,76131],[-522,-235],[-644,135]],[[47138,76031],[-252,938]],[[44166,87174],[887,-75],[726,402]],[[45779,87501],[-79,-657],[455,-427],[204,-782],[-281,-208],[523,-380],[739,439],[210,-455],[-523,-227],[304,-714],[287,-257],[-685,-380],[117,-258],[-400,-155]],[[56891,87224],[181,-13],[-57,-632]],[[52863,86688],[-392,517],[473,-24],[1170,396],[963,127],[1364,-223],[450,-257]],[[44809,79797],[-618,-8],[-750,1328]],[[53929,81119],[-1284,-754]],[[50193,85738],[-1091,588],[-817,1016],[-491,767]],[[47794,88109],[1290,1823],[141,550],[1791,1213],[1402,693],[3026,1287],[218,-628],[-507,-1905],[-60,-1227],[362,-84],[1609,-1324],[-175,-1283]],[[41559,79071],[-207,-876],[-790,-530],[-1056,29],[-286,-157]],[[39220,77537],[-278,58],[-2065,-632],[-2393,-1415],[-426,-96],[-362,206],[-1304,1907],[-366,330],[-742,-989]],[[31284,76906],[-308,1286],[818,492],[-91,983],[245,970],[1478,2460],[451,-95],[94,-375],[1321,-157],[3477,1259],[355,256]],[[45779,87501],[698,271],[1050,-28],[267,365]],[[54601,43746],[-790,-396],[-205,-441],[-547,-519],[-127,-612],[-668,-257],[-639,-650]],[[51625,40871],[-167,-69]],[[51458,40802],[-246,950],[380,499],[422,157],[811,991],[418,15],[625,591]],[[53868,44005],[733,-259]],[[46621,49331],[-559,-177],[-561,142],[-968,-1126]],[[44533,48170],[-472,312],[-558,33],[367,201],[-222,301],[-264,-467],[-229,293],[390,694]],[[44533,48170],[-212,-765],[-250,-352],[-192,-1431],[211,4]],[[44090,45626],[220,-803]],[[44310,44823],[-634,-14],[-21,-498],[-332,-357]],[[43323,43954],[-964,639]],[[42359,44593],[140,330],[-149,446],[154,812],[-267,457]],[[42237,46638],[379,402],[-74,231],[454,490],[118,651]],[[49207,44951],[675,94],[184,261],[101,923],[233,436]],[[50400,46665],[231,536],[522,278],[318,-163],[-409,-404],[342,-479],[444,-315],[618,37],[-77,-882],[-458,-488],[-415,-887],[-1576,486],[-733,567]],[[45694,45478],[-214,-220],[121,-442],[-650,-326]],[[44951,44490],[-444,431],[-197,-98]],[[44090,45626],[472,942],[427,420]],[[44989,46988],[79,-511],[422,-355],[-36,-417],[240,-227]],[[47762,48977],[7,-371],[-607,-940],[-425,-254]],[[46737,47412],[-26,221],[-490,192],[-938,34],[-450,-531],[156,-340]],[[54226,49321],[1220,-114],[-244,-990]],[[55202,48217],[-704,-1236],[-528,-1333],[-262,-250],[-178,-932]],[[53530,44466],[-607,194],[-554,-816],[-645,-456],[-460,-128],[-231,-832],[-350,2],[-479,-792],[-402,-221],[-16,-608],[-665,-46],[-504,-264],[222,-801]],[[48839,39698],[-733,221],[-489,-185],[-766,489],[-1175,482],[-52,-170],[-975,788],[-541,-39]],[[44108,41284],[-172,405]],[[43936,41689],[404,897]],[[44340,42586],[515,-424],[511,52]],[[45366,42214],[192,532],[315,-44],[-32,372],[489,493],[-100,602],[51,1231]],[[46281,45400],[514,52]],[[46795,45452],[586,-777],[13,-384],[281,-293],[222,332],[440,18],[870,603]],[[50400,46665],[-332,180],[235,672],[-255,1080]],[[46795,45452],[-81,583],[139,754],[-250,354],[134,269]],[[51652,39570],[-687,55]],[[50965,39625],[493,1177]],[[51625,40871],[267,-266],[-239,-345],[-1,-690]],[[45366,42214],[-257,709],[7,1103],[-269,137],[104,327]],[[45694,45478],[587,-78]],[[53530,44466],[338,-461]],[[50965,39625],[-227,168],[-1667,-17],[-232,-78]],[[44340,42586],[-974,329],[303,479],[-373,477]],[[43296,43871],[27,83]],[[61112,37848],[229,-956],[-430,41],[401,-387],[-105,-533],[-284,-11]],[[60923,36002],[-390,438],[-445,108]],[[60088,36548],[-1092,804],[395,69],[18,352],[436,85],[171,-282],[-51,711],[1147,-439]],[[60095,46832],[786,-623],[454,-58]],[[61335,46151],[-75,-195],[394,-396],[746,-406]],[[62400,45154],[-726,-764],[-260,-519],[-534,-612],[-400,-813],[-1500,-781],[-587,-1814]],[[58393,39851],[-1269,674],[-1438,1352]],[[55686,41877],[1745,1632],[759,1258],[-256,748],[449,556],[-574,475],[-566,292],[-4,376],[502,489]],[[57741,47703],[833,-676],[189,390],[1332,-585]],[[55338,41421],[-252,-753],[-474,-542],[-394,-1145],[-356,-374]],[[53862,38607],[-346,279],[-574,161],[-906,451],[-384,72]],[[54601,43746],[-157,-419],[721,-486],[-270,-270],[321,-454],[-194,-676],[316,-20]],[[63155,42401],[479,-1192],[551,-548]],[[64185,40661],[-633,-293],[-49,-525],[-456,-764],[-218,1],[-92,-841],[325,-265],[-301,-188],[58,-472],[-811,-198],[21,-501]],[[62029,36615],[-369,238],[-548,995]],[[60088,36548],[174,-728]],[[60262,35820],[-1393,661],[-945,925]],[[57924,37406],[325,835],[-29,915],[173,695]],[[62400,45154],[794,-444],[-496,-1698],[-232,-167],[689,-444]],[[60923,36002],[49,-228]],[[60972,35774],[-710,46]],[[62029,36615],[-20,-1108]],[[62009,35507],[-1037,267]],[[57296,48355],[445,-652]],[[55686,41877],[-348,-456]],[[55202,48217],[637,137],[377,-482],[236,295],[844,188]],[[57924,37406],[-638,332],[-550,6],[-568,-365],[-748,-7],[-1558,1235]],[[39245,46833],[-101,-208]],[[39144,46625],[-82,145]],[[39062,46770],[-367,176],[-61,-337],[-1027,-1],[-764,411],[-212,-351]],[[36631,46668],[-287,49]],[[36344,46717],[236,809],[-348,470],[321,356]],[[39144,46625],[149,-504],[481,-498]],[[39774,45623],[-597,-583],[-526,-1043]],[[38651,43997],[-862,421],[-383,-284]],[[37406,44134],[-442,306],[379,692]],[[37343,45132],[239,352],[509,-47],[323,654],[403,238],[245,441]],[[31405,35450],[-1165,-230],[-1677,-1229],[-900,159]],[[27663,34150],[222,408],[1014,644],[28,542]],[[28927,35744],[381,69],[614,-217],[933,70],[-92,329]],[[30763,35995],[378,9],[264,-554]],[[42359,44593],[-545,-184],[-180,-314],[-535,234]],[[41099,44329],[-62,316],[-453,231],[-260,548],[-550,199]],[[41151,47076],[354,-28],[732,-410]],[[32422,43876],[387,80],[370,-193],[-19,-316]],[[33160,43447],[-394,-580],[299,-327]],[[33065,42540],[-1100,-560],[-170,208],[-364,-224]],[[31431,41964],[-672,454],[-640,652]],[[30985,43672],[310,-202],[853,596],[274,-190]],[[43936,41689],[-275,511],[-547,-276],[-518,107],[-181,380],[512,1145],[369,315]],[[35161,41748],[-70,-482],[627,-415],[-649,30],[-248,-333]],[[34821,40548],[-189,-252]],[[34632,40296],[-325,573]],[[34307,40869],[145,924],[709,-45]],[[33053,44908],[16,-225],[-488,-579]],[[32581,44104],[-354,206],[107,338],[-133,541]],[[32466,46562],[256,-427],[19,-770],[312,-457]],[[34040,40965],[-1094,-780]],[[32946,40185],[-353,205],[-457,-138]],[[32136,40252],[-465,327],[233,369],[-256,567]],[[31648,41515],[-217,449]],[[33065,42540],[1029,-890],[-179,-245],[125,-440]],[[40722,42878],[172,-113],[-314,-521],[41,-719],[-317,-708]],[[40304,40817],[-523,206],[-64,545],[-297,595]],[[39420,42163],[298,315],[-360,393],[138,131]],[[39496,43002],[293,77],[409,-413],[524,212]],[[41099,44329],[-98,-706],[185,-438],[-464,-307]],[[39496,43002],[-371,422],[-257,-87],[-217,660]],[[36631,46668],[96,-619],[555,-192],[-179,-496],[240,-229]],[[37406,44134],[-255,-1149],[43,-572],[241,-341]],[[37435,42072],[-902,-126],[-98,113],[-1088,-283],[-190,291]],[[35157,42067],[-553,752]],[[34604,42819],[33,883],[-214,151],[161,409],[-221,463],[-416,144],[-402,-263],[-492,302]],[[33523,47593],[491,-320],[497,51],[1371,-979],[-32,-324],[336,-129],[158,825]],[[43936,41689],[-1154,-406],[-578,-54],[-614,-339],[-908,62],[-378,-135]],[[31345,38706],[351,-846],[-489,-301],[-89,-283],[259,-370],[-385,-318],[132,-180],[-361,-413]],[[28927,35744],[-50,935]],[[28853,37046],[378,340],[-12,642],[578,199],[542,393],[66,300]],[[30405,38920],[502,-406],[438,192]],[[29728,40377],[-91,-393],[247,-200],[521,-864]],[[28675,40703],[498,-273],[555,-53]],[[39420,42163],[-714,-393],[-542,-118],[-238,-339]],[[37926,41313],[-491,759]],[[34632,40296],[-537,-634],[4,-308],[834,-951]],[[34933,38403],[-473,-335],[-733,644],[284,147],[-439,206]],[[33572,39065],[-640,675],[14,445]],[[34040,40965],[267,-96]],[[33572,39065],[-700,-706],[-886,40],[-596,627]],[[31390,39026],[142,835],[385,-11],[219,402]],[[37926,41313],[-14,-328]],[[37912,40985],[-585,-28],[-961,-1387],[-636,-264]],[[35730,39306],[-530,565],[-379,677]],[[35161,41748],[-4,319]],[[40304,40817],[187,-486],[-350,-264]],[[40141,40067],[-340,52],[-933,743],[-509,197],[-447,-74]],[[32581,44104],[-159,-228]],[[34933,38403],[142,-399]],[[35075,38004],[-824,-78],[-672,-773],[8,-697],[-582,4],[-684,-684],[-916,-326]],[[31345,38706],[45,320]],[[44108,41284],[-386,96],[-707,-548],[-657,-196],[-742,-596],[-1475,27]],[[35730,39306],[-345,-544],[-60,-541],[-250,-217]],[[34604,42819],[-1444,628]],[[29728,40377],[491,152],[324,471],[242,-224],[319,448],[344,-257],[200,548]],[[55121,63538],[366,-228],[85,-497],[301,-160],[183,-457],[-81,-427],[318,-408],[389,32],[-124,-336],[-540,62],[-154,-546],[-492,-101],[-103,-517],[-645,-221],[7,789],[-422,-28],[-287,299]],[[67183,61706],[136,-449],[266,-67]],[[67585,61190],[603,-368],[-629,-1084],[331,-219],[-288,-591],[-459,210],[-499,-552],[-961,412],[160,259]],[[65843,59257],[147,420],[-231,381]],[[65759,60058],[296,111],[-150,638]],[[65905,60807],[905,930],[373,-31]],[[64301,63191],[-770,-954],[-473,-287],[-678,-65],[-512,195],[-431,410]],[[61437,62490],[1118,1277]],[[62555,63767],[523,506],[1097,-766],[126,-316]],[[65843,59257],[-477,217],[-419,-37],[-179,-345],[-284,90],[-552,-996],[-579,-611],[-78,274],[-588,96],[-663,-143]],[[62024,57802],[-129,449],[327,749],[376,498],[1016,848],[63,328],[571,396]],[[64248,61070],[317,-344],[-52,-496],[846,118],[400,-290]],[[65573,61853],[237,-152],[-261,-405],[409,-256],[-53,-233]],[[64248,61070],[441,281],[660,729]],[[65349,62080],[224,-227]],[[66516,67448],[-335,-297],[92,-297],[-788,-842],[-835,593]],[[64650,66605],[451,665],[-40,665],[307,282]],[[65368,68217],[668,-628],[480,-141]],[[67752,66209],[272,-336],[-335,-850],[39,-332]],[[67728,64691],[-701,-1033],[-412,206],[10,-826]],[[66625,63038],[-440,-149],[-137,-421],[-475,-615]],[[65349,62080],[-130,446],[-620,511]],[[64599,63037],[484,604],[396,251],[-134,508],[445,375],[312,-162],[1027,1631],[107,337]],[[67236,66581],[297,69],[219,-441]],[[70401,65203],[-479,-735]],[[69922,64468],[-403,283],[-487,-205],[-550,304],[-205,-253]],[[68277,64597],[-549,94]],[[67752,66209],[414,566],[615,-144],[1164,-686],[53,-557],[403,-185]],[[64650,66605],[-303,-411],[-626,32]],[[63721,66226],[-188,399],[-620,180],[426,323],[104,338],[-363,172]],[[63080,67638],[508,660],[927,276],[853,-357]],[[59354,57976],[478,-304]],[[59832,57672],[-253,-949],[-250,-340],[-157,-642]],[[59172,55741],[-346,-243]],[[58826,55498],[-416,-34],[-112,-435],[-352,-408]],[[57946,54621],[-714,-232],[-302,233]],[[56930,54622],[210,1968],[301,35],[782,1194],[410,-13],[254,356]],[[58887,58162],[467,-186]],[[68277,64597],[342,-395],[182,-514],[-660,-867],[369,-153],[258,415],[205,-180]],[[68973,62903],[-679,-840],[-384,302],[-487,-593],[162,-582]],[[67183,61706],[-436,789],[-122,543]],[[67340,67223],[100,-390],[-204,-252]],[[64599,63037],[-298,154]],[[62555,63767],[-158,210],[296,320],[-510,176]],[[62183,64473],[492,636],[162,-102],[653,656],[231,563]],[[66516,67448],[824,-225]],[[62024,57802],[-588,292],[-187,-357]],[[61249,57737],[-406,323],[-5,621],[-218,186]],[[60620,58867],[-380,316],[-738,-415],[-148,-792]],[[58887,58162],[-236,555]],[[58651,58717],[249,850],[-517,359],[90,327],[-659,450],[5,440],[382,228],[592,23],[312,-326],[796,708],[351,133],[-151,746],[238,458],[318,-343],[757,-55],[23,-225]],[[56213,66330],[-131,-570],[864,-172],[119,-527],[-261,-461],[-716,-237],[-208,-437],[-584,120]],[[54467,65287],[42,783]],[[54509,66070],[749,411],[692,8],[263,-159]],[[69922,64468],[176,-167],[-411,-907],[-140,61],[-356,-570],[-218,18]],[[60620,58867],[6,-552],[-232,-431],[-562,-212]],[[61249,57737],[-165,-326],[-37,-816]],[[61047,56595],[-334,-40],[-242,-616],[-707,35],[-173,-411],[-419,178]],[[62183,64473],[-245,305],[-543,-508],[-592,354],[-16,545],[1860,2356]],[[62647,67525],[433,113]],[[60383,53648],[-416,14],[-607,348]],[[59360,54010],[-22,214],[-606,984],[94,290]],[[61047,56595],[-34,-1254],[69,-427],[-274,-622],[-327,-194],[-98,-450]],[[61586,68614],[-219,-592],[-263,-205],[427,-474],[1116,182]],[[58651,58717],[-600,62],[-611,512],[-1176,227],[-147,-179],[-532,169],[-579,-499],[82,-197],[-358,-655],[-316,133]],[[56213,66330],[260,469],[-121,780]],[[56352,67579],[230,-157],[134,475],[303,-23],[478,765]],[[57497,68639],[289,-514]],[[57786,68125],[263,-445],[620,-387],[-38,-395],[327,-580],[695,416],[563,680],[8,433],[587,736]],[[60811,68583],[775,31]],[[11673,23118],[-300,-570],[-460,266],[-64,297],[-1036,-901]],[[9813,22210],[-559,343],[221,548]],[[9475,23101],[229,-122],[848,646],[-646,264],[976,351]],[[10882,24240],[228,-453],[752,-97],[-189,-572]],[[10921,43011],[-605,-1119],[-803,-1108],[-2064,-1748],[283,-368],[1277,-943],[886,-947],[66,-367],[544,-569],[1112,-357],[779,-583],[911,48],[377,-230],[379,-1029],[111,-1319]],[[14174,32372],[11,-272]],[[14185,32100],[-586,-297],[-436,32],[-8,710],[-953,-66],[-384,-679],[-443,-320]],[[11375,31480],[-745,-191],[-262,847],[-490,548]],[[9878,32684],[-620,155],[737,432],[-337,323],[-519,48],[-407,264],[-383,-180],[-441,240],[36,220],[-593,-5],[-1155,398],[-899,-338],[-568,269],[-446,0],[179,461],[-193,532],[-1196,344],[-278,992]],[[2795,36839],[1337,3539],[664,880],[1407,1705],[566,-320],[777,1075],[-407,343],[665,738]],[[7804,44799],[1376,-1485],[680,-163],[692,279],[369,-419]],[[11792,39007],[-232,-519],[508,-504],[1061,-1446],[505,-75],[-18,-262],[865,-496],[567,-1073],[498,-359]],[[15546,34273],[-275,-1317],[-612,-486],[-42,-379]],[[14617,32091],[-443,281]],[[10921,43011],[1436,-933]],[[16985,33866],[213,-465],[-401,-728],[430,-1095]],[[17227,31578],[-618,-178],[-675,-532]],[[15934,30868],[-540,-261],[-457,1196],[-320,288]],[[15546,34273],[775,-96],[664,-311]],[[9317,21933],[155,-291],[-431,-204],[136,-452],[663,-272],[471,-398],[738,-94],[-152,-606]],[[10897,19616],[-637,409],[-95,-146]],[[10165,19879],[-728,656],[-477,-597]],[[8960,19938],[-352,308],[-155,-190],[-518,450]],[[7935,20506],[-20,411],[304,701],[739,822]],[[8958,22440],[359,-507]],[[9449,25204],[775,-422],[311,271]],[[10535,25053],[138,-163]],[[10673,24890],[-218,-169],[427,-481]],[[9475,23101],[131,152],[-549,615],[232,38],[-592,747],[199,278]],[[8896,24931],[404,462],[149,-189]],[[8960,19938],[-228,-477]],[[8732,19461],[-110,-532],[-343,-423]],[[8279,18506],[-516,-540],[-580,450],[-314,-320],[-522,368]],[[6347,18464],[-50,584],[890,425],[748,1033]],[[6853,16324],[-211,-853]],[[6642,15471],[-169,-663]],[[6473,14808],[-1245,1352],[64,620],[400,437]],[[5692,17217],[510,-249],[249,336],[589,-488],[-187,-492]],[[10148,26928],[230,-237],[-12,-433],[-917,-1054]],[[8896,24931],[-159,141]],[[8737,25072],[201,174],[-982,937],[-135,465],[-390,-14],[-215,-304],[-257,509],[-1184,911],[-125,605],[-809,796],[-706,553],[-1157,48]],[[2978,29752],[531,1244],[614,-617],[172,68],[1074,-564],[1076,29],[834,-663],[665,-124],[529,-1021],[138,-574],[353,-429],[300,100],[884,-273]],[[14988,30764],[622,-842],[185,-498],[-67,-837]],[[15728,28587],[-337,-5]],[[15391,28582],[-178,200],[-778,-136],[-541,183],[-338,-168],[-70,663]],[[13486,29324],[-14,657],[1229,566],[-46,343],[333,-126]],[[9681,17759],[-52,-179],[593,-397],[-230,-199],[342,-191],[-550,-928]],[[9784,15865],[-598,42],[-75,-242],[-471,-11],[-567,349],[-517,-95],[-703,416]],[[5692,17217],[339,474],[316,773]],[[8279,18506],[693,-535],[335,157],[374,-369]],[[11547,17293],[-606,-1294],[-504,-588]],[[10437,15411],[-653,454]],[[9681,17759],[123,190],[1743,-656]],[[12689,23266],[643,-313],[418,-513]],[[13750,22440],[-315,-256],[-868,-1438]],[[12567,20746],[-488,277],[-609,96],[-176,543],[-863,-10],[-618,558]],[[11673,23118],[478,-233],[52,483],[486,-102]],[[9813,22210],[-496,-277]],[[8958,22440],[-404,754],[-319,223],[-253,661]],[[7982,24078],[223,1094],[532,-100]],[[15391,28582],[69,-478],[-316,-96],[93,-297],[-502,-766],[-176,-715]],[[14559,26230],[-481,456],[-209,-281],[-453,450],[-623,31],[-157,558]],[[12636,27444],[507,500],[-282,350],[212,335],[-486,252]],[[12587,28881],[899,443]],[[12625,25048],[283,-253],[-314,-391],[95,-1138]],[[10673,24890],[276,-323],[478,675],[461,-298],[167,455],[467,-487],[103,136]],[[10897,19616],[882,-627],[299,-46]],[[12078,18943],[-277,-385],[9,-540],[-263,-725]],[[8732,19461],[351,-261],[270,775],[579,-379],[233,283]],[[14185,32100],[595,-420],[208,-916]],[[13486,29324],[-387,617],[-725,241],[86,249],[-508,108],[-577,941]],[[9819,29369],[158,-27],[785,-1373],[424,-362]],[[11186,27607],[-376,-576],[-662,-103]],[[2978,29752],[-324,163],[154,287],[-524,365],[-584,-430],[-780,481]],[[920,30618],[782,966]],[[1702,31584],[367,420],[766,572],[836,-439],[612,-627],[189,64],[1186,-224],[348,-242],[527,4],[784,-555],[1081,-530],[460,-403],[190,113],[771,-368]],[[12587,28881],[-1278,1294],[-357,1],[-576,328],[-801,865]],[[9575,31369],[-204,416],[-761,447],[178,237],[698,-177],[392,392]],[[18133,30317],[486,-189],[546,199],[508,-631]],[[19673,29696],[-455,-167],[-92,-1059],[-760,-1383],[118,-561],[-421,-479]],[[18063,26047],[-442,651],[-68,478],[-653,525],[-16,184],[-729,456]],[[16155,28341],[304,322],[-235,274],[-130,825],[223,498],[-383,608]],[[17227,31578],[906,-1261]],[[11959,27026],[58,-225]],[[12017,26801],[-348,-234],[-592,-1011],[-542,-503]],[[11186,27607],[773,-581]],[[9972,14682],[-445,-706],[-456,-266],[-83,-292]],[[8988,13418],[-1444,612],[-1071,778]],[[6642,15471],[157,172],[463,-248],[688,133],[487,-366],[610,133],[187,-334],[738,-279]],[[14559,26230],[151,-598],[857,-707]],[[15567,24925],[-458,-794],[-587,-568],[-384,-704],[-388,-419]],[[12625,25048],[310,457],[-488,348],[275,786],[-705,162]],[[11959,27026],[677,418]],[[15728,28587],[427,-246]],[[18063,26047],[-386,-636],[-805,292],[-418,16],[-887,-794]],[[7982,24078],[-162,-240],[-575,-27],[-1181,1303],[-1881,1513],[43,-403],[-724,376],[-443,632],[-172,480],[-2601,792],[-286,162],[527,1080],[315,441],[78,431]],[[9575,31369],[-538,-1056],[348,-8],[372,-432],[62,-504]],[[1702,31584],[176,447],[-153,530],[-807,744],[165,499],[-285,328],[-53,725],[373,226],[1677,1756]],[[10437,15411],[-465,-729]],[[15637,36303],[-91,-2030]],[[32960,72598],[-91,-534],[1188,458],[491,-676],[685,493],[1543,-824]],[[36776,71515],[-362,-878],[30,-340],[-344,-703]],[[36100,69594],[-528,340],[-676,-37]],[[34896,69897],[-1172,1366],[-846,564],[-602,3],[-632,616]],[[31644,72446],[822,840],[258,112]],[[32724,73398],[236,-800]],[[38606,67631],[360,-144],[-164,-1712],[-181,-610],[275,-249]],[[38896,64916],[-580,107],[-49,-266],[-413,-87]],[[37854,64670],[-84,519],[-557,55],[-510,246],[25,238],[-670,143],[163,334],[-393,76]],[[35828,66281],[-280,593],[339,806]],[[35887,67680],[434,20]],[[36321,67700],[874,-288],[263,138],[819,-114],[329,195]],[[38896,64916],[622,-727],[588,-356]],[[40106,63833],[836,-195]],[[40942,63638],[58,-843]],[[35781,60664],[178,641],[736,-46],[118,617],[-79,457]],[[36734,62333],[383,918],[13,594],[366,108],[358,717]],[[31430,67757],[-541,-668]],[[30889,67089],[-1831,-625],[-382,478],[-535,44],[-493,876],[-513,300]],[[27135,68162],[517,756],[-265,632],[510,582],[521,354],[303,-85],[1087,344]],[[29808,70745],[290,-1337],[791,-386],[541,-1265]],[[39220,77537],[167,-454],[916,-343],[737,-802],[56,-221]],[[41096,75717],[104,-122],[-452,-1063],[-154,84],[-384,-585],[-326,-73],[-192,-402]],[[39692,73556],[-463,-34],[-362,-358],[83,-301],[-481,308],[-426,-69],[-364,-513],[-1593,705],[-1417,394],[-440,-127],[-511,-428],[-384,-27],[-374,-508]],[[32724,73398],[7,574],[563,1218],[-1994,1645],[-16,71]],[[40942,63638],[150,434],[1438,-378],[51,212],[1080,-1200],[38,-472],[284,-392]],[[36734,62333],[-150,58],[-86,932],[-444,57],[144,409],[-508,177],[-288,-105]],[[35402,63861],[48,252],[-455,437]],[[34995,64550],[-63,489],[299,-103],[119,772],[397,238],[81,335]],[[34995,64550],[-488,-169],[-277,154],[-368,-210]],[[33862,64325],[-377,770],[117,594],[-341,-53],[-183,704],[-517,114],[125,831]],[[32686,67285],[902,131],[712,-170],[195,286],[1011,-209],[381,357]],[[43895,66527],[107,-71]],[[44002,66456],[-324,-688],[226,-514],[329,-279],[-149,-894],[1404,-560],[6,-552]],[[40106,63833],[138,1523],[868,1163],[457,-192],[955,1568],[-181,11],[626,1101]],[[42969,69007],[396,-213],[-613,-669],[-330,-528],[69,-333],[752,-547],[652,-190]],[[36100,69594],[634,254],[204,-502]],[[36938,69346],[108,-362],[-549,-698],[-176,-586]],[[32686,67285],[-699,142],[-512,-636]],[[31475,66791],[-172,-132],[-414,430]],[[31430,67757],[564,203],[378,598],[956,-1],[79,126],[1005,-315],[370,576],[114,953]],[[44002,66456],[690,-674],[337,224],[858,-297],[-71,-616],[134,-382],[474,-87],[379,302]],[[33741,60516],[-22,514],[932,-204],[-490,-479]],[[35495,60867],[-802,517],[-231,724],[325,792],[-270,562],[885,399]],[[32029,59374],[-235,611],[206,290],[-302,754],[-666,256],[-707,456],[-695,-195],[-1478,-887]],[[27547,60536],[225,845],[377,495],[-64,373],[415,635],[440,-98],[798,195],[819,612]],[[30557,63593],[601,-73],[231,-232],[366,209],[1004,-99],[371,-316],[-140,-261],[200,-739],[152,301],[355,-254],[-233,-574],[226,-157],[-188,-460],[-295,419],[-794,-896],[-134,-1059]],[[29808,70745],[594,190],[560,351],[726,685],[-44,475]],[[39118,68950],[-323,-388],[-270,-749],[81,-182]],[[36938,69346],[140,44]],[[37078,69390],[379,160],[449,-302],[629,169],[583,-467]],[[43519,69792],[187,-134]],[[43706,69658],[-360,-253]],[[43346,69405],[-377,-398]],[[39118,68950],[-63,603],[592,242],[271,302],[528,-205],[456,-519],[733,498],[630,-957],[1254,878]],[[33862,64325],[-300,50],[-565,-316],[-767,9],[-507,140],[-738,-347]],[[30985,63861],[-349,616],[-301,-156],[-375,650],[-531,-395],[-645,101]],[[28784,64677],[1097,552],[1100,363],[737,909],[-243,290]],[[39692,73556],[726,-107],[334,-1021]],[[40752,72428],[288,-517],[-480,-528]],[[40560,71383],[-605,-516],[-618,428],[-587,-211],[-555,333],[-736,-290]],[[37459,71127],[-210,614],[-473,-226]],[[30557,63593],[428,268]],[[37459,71127],[-83,-806],[-298,-931]],[[40560,71383],[16,-742],[394,-319],[334,-1],[426,412],[1789,-941]],[[28784,64677],[-1192,-843],[-630,361],[-127,-425],[-1062,-96],[-612,-487],[59,-159],[-1033,-906]],[[24187,62122],[-1155,192]],[[23032,62314],[-2488,1657]],[[20544,63971],[1413,932],[310,21],[1199,521],[878,596],[153,410],[507,583],[359,-147],[613,305],[-24,558],[307,289],[752,-13],[124,136]],[[24149,60252],[38,1870]],[[42179,78444],[646,-794],[-28,-563]],[[42797,77087],[135,-1079],[-846,234],[-371,-425],[-619,-100]],[[41720,79115],[459,-671]],[[60383,53648],[429,-554],[-206,-707],[458,-84],[-56,-534],[647,-208]],[[61655,51561],[147,-734],[-189,-193],[-307,224],[-260,-149],[-969,37]],[[60077,50746],[294,585],[-625,352],[-325,-425],[-254,139],[-450,-525],[24,-579],[-790,-464]],[[57951,49829],[-79,729]],[[57872,50558],[365,720],[536,263],[-91,472],[551,1321],[127,676]],[[57946,54621],[-428,-731],[-131,-508],[213,-157],[-149,-399],[259,-107],[-369,-1008],[134,-784],[-86,-608]],[[57389,50319],[-113,-25]],[[57276,50294],[-267,279],[-301,-798]],[[56708,49775],[-1013,-464],[3,325],[-699,320],[-119,947],[-359,1]],[[54612,51470],[307,70],[-61,607],[167,405],[581,312],[231,408],[254,-22],[420,554],[419,818]],[[62066,48404],[-1,-348],[-328,-670],[146,-169],[-629,-808],[81,-258]],[[60095,46832],[617,666],[301,-39],[313,337],[384,750]],[[61710,48546],[356,-142]],[[62053,49588],[-308,-12],[-18,-363],[-836,560],[-843,47]],[[60048,49820],[29,926]],[[61655,51561],[324,75]],[[61979,51636],[255,-960],[-219,-749],[38,-339]],[[67892,44372],[-263,569],[89,649],[-324,-136],[225,558],[-206,441],[499,518],[-354,321],[626,541]],[[68184,47833],[225,-570],[418,270],[430,-647],[306,713],[345,32],[485,340],[310,-116],[-207,-375],[276,-687],[-1221,-406],[-1178,-1528],[-481,-487]],[[60048,49820],[-133,-304],[97,-640],[-520,-432],[-96,345],[-1078,343],[-506,31]],[[57812,49163],[139,666]],[[56708,49775],[568,519]],[[57389,50319],[483,239]],[[57812,49163],[-516,-808]],[[62053,49588],[-343,-1042]],[[62024,57802],[409,-449],[-353,-665],[-220,-902],[455,-674],[101,-727],[-139,-799],[171,-813],[-162,-1037],[-307,-100]],[[67892,44372],[-272,-284],[-333,-1122],[-233,106],[62,586],[-324,605],[-376,28],[-799,-352],[-754,-120],[-614,74],[200,578],[-255,-105],[-501,-645],[-127,-608],[-411,-712]],[[62066,48404],[468,482],[689,44],[-112,298],[204,617],[544,-238],[267,-786],[931,-258],[597,798],[362,205],[555,-170],[966,-499],[316,-360],[331,-704]],[[61181,73027],[657,-661],[88,-482]],[[61926,71884],[-261,-388],[220,-239],[-923,-1148]],[[60962,70109],[-638,453],[-214,-232],[-260,247]],[[59850,70577],[-57,230],[377,520]],[[60170,71327],[12,524],[445,688]],[[60627,72539],[554,488]],[[72755,88232],[-641,-1032],[-632,-466]],[[71482,86734],[-331,-252],[-651,591],[-246,-51],[-389,480]],[[69865,87502],[868,859],[42,427],[1650,1035]],[[72425,89823],[652,-715],[-484,-532],[162,-344]],[[77327,84941],[-261,-711],[295,-322],[-226,-379],[-31,-605],[331,-540],[262,104],[343,-389],[-216,-424],[1,-661],[536,-202],[4,-336],[-613,-1059],[-853,154],[-797,595],[-586,-987]],[[75516,79179],[-914,763],[311,415],[-686,873],[471,867],[73,440],[477,502],[-384,779],[-78,515]],[[74786,84333],[1018,532],[257,-66]],[[76061,84799],[403,255]],[[76464,85054],[270,166],[278,-413],[315,134]],[[74786,84333],[-808,-232],[-870,-714]],[[73108,83387],[-252,81],[-255,622],[-362,114],[-593,686],[-1396,-559],[-372,442],[750,177],[730,386],[176,-305],[803,538],[-855,1165]],[[72755,88232],[610,-22],[246,-443],[190,139],[300,-733],[322,-138],[243,-507],[456,-450],[277,-573],[228,73],[434,-779]],[[69979,70567],[378,-494],[-168,-440],[389,-119],[-283,-649]],[[70295,68865],[-279,-227],[-400,222],[-157,348],[-374,30],[-899,-1291],[-456,331]],[[67730,68278],[1321,2095]],[[69051,70373],[336,494],[512,-433],[80,133]],[[76464,85054],[-1000,1776],[352,347],[330,-104],[638,503],[349,-386],[949,-1361],[-755,-888]],[[75516,79179],[250,-243],[-431,-415],[113,-460],[745,-1078],[-900,-1155],[73,-754],[-443,-266],[-131,-320],[-374,227],[-576,-373]],[[73842,74342],[-340,718],[-443,-401],[-663,-331],[-297,137],[-133,561]],[[71966,75026],[387,985],[811,1096],[-258,671],[-689,173],[-697,-902],[-541,305],[497,866],[-82,665],[-449,744],[-97,576],[644,1328],[706,1017],[910,837]],[[73842,74342],[-138,-367],[-478,-408],[-27,-354],[355,-126],[-561,-506],[-739,-922],[-477,343]],[[71777,72002],[197,303],[-263,276],[168,212],[-428,221],[92,386],[-311,175],[260,551]],[[71492,74126],[417,453],[57,447]],[[63706,73860],[-632,-648],[-67,-335],[-934,-987],[-147,-6]],[[61181,73027],[282,891],[496,586]],[[61959,74504],[552,356],[1195,-1000]],[[72290,66881],[186,583],[-599,455],[-63,289],[-486,-427],[-78,408],[-955,676]],[[69979,70567],[373,369],[1031,-353],[73,222]],[[71456,70805],[510,130],[268,-380],[882,343],[590,-573],[340,-554],[-440,-892],[-31,-576],[-1285,-1422]],[[72290,66881],[-284,-483],[-480,-11],[-580,-469],[-545,-715]],[[67340,67223],[518,477],[-203,80],[75,498]],[[71777,72002],[-522,-658],[201,-539]],[[69051,70373],[-536,510],[106,250],[-380,211],[-728,694],[-389,-249],[77,671],[-289,230],[-389,757],[-260,124],[-235,-516],[220,-13],[-375,-734],[-1295,-1186],[117,-238],[-690,-842],[-96,-340],[-515,-490],[125,-248],[-879,-390],[-180,204],[-502,-378],[-372,214]],[[60811,68583],[9,1279],[142,247]],[[63706,73860],[562,-566],[175,469],[482,-286],[314,221],[261,553],[262,-264],[631,562],[-107,115],[831,492],[334,-233],[58,-631],[1333,-718],[726,366],[506,-132],[916,539],[187,284],[315,-505]],[[95465,31711],[-173,-864],[520,-560],[116,-478],[508,-539],[283,-610],[-238,-984],[62,-669],[-266,-319],[-276,-920],[-567,-1156],[-79,-607]],[[81054,31708],[249,-406],[871,677],[813,-365],[647,539],[721,207],[187,361],[1203,656],[128,195],[963,383],[722,924],[245,470],[-6,651],[274,-15],[-197,1073],[-395,455]],[[87479,37513],[410,279],[429,699],[1171,563],[186,487],[441,212],[347,412],[439,1528],[229,224],[90,554],[309,232],[905,-155],[1011,687]],[[93446,43235],[81,-928],[316,-283],[-353,-724],[-526,-634],[317,-369],[-7,-807],[1080,-745],[198,-247],[25,-686],[-337,-714],[170,-610],[-239,-172],[558,-1270],[-109,-492],[656,-771],[634,-396],[-256,-419],[-189,-1257]],[[80914,32041],[-93,351],[-394,199]],[[80427,32591],[117,-42],[247,1394],[-77,131],[558,597],[86,315],[1031,1048],[549,369],[361,469],[305,116],[558,560],[403,222],[560,-330],[438,302],[939,-237],[773,200],[204,-192]],[[93446,43235],[985,744],[795,991],[731,-621],[549,-1108],[258,154],[1089,1714],[1159,759],[19,-930],[733,-1037],[-67,-675],[133,-236],[168,-1158],[-152,-945],[111,-382],[-317,-788],[-10,-405],[-408,-682],[-587,-141],[255,-250],[52,-624],[-802,-208],[-226,69],[87,-1151],[495,-1408],[-326,-1145],[458,-388],[-543,-302],[-20,-714],[-273,-473],[-799,-310],[-680,-57],[-249,206],[-599,-23]],[[27663,34150],[-802,585],[-230,-49]],[[26631,34686],[-114,303]],[[21469,32327],[154,-265]],[[21623,32062],[-234,-543],[-655,-863]],[[20734,30656],[-895,696]],[[19839,31352],[166,540],[-129,278]],[[19876,32170],[531,449],[163,-238],[686,198],[213,-252]],[[19839,31352],[-359,-230],[-385,285]],[[19095,31407],[-346,282]],[[18749,31689],[8,562],[-1298,1884]],[[17459,34135],[405,554],[-89,497],[382,194]],[[18157,35380],[229,-638],[590,-793],[900,-1779]],[[18246,37202],[220,-683]],[[18466,36519],[86,-976],[-395,-163]],[[17459,34135],[-275,-127]],[[17184,34008],[-199,-142]],[[20734,30656],[-240,-343],[-675,-361],[-146,-256]],[[18133,30317],[325,472],[459,-83],[-79,263],[257,438]],[[22943,37954],[-503,-231],[159,-334],[-175,-334],[-334,-54],[-133,-675],[321,-1351],[-295,-436]],[[21983,34539],[-451,132],[-645,1340],[-675,516]],[[20212,36527],[-524,158],[-327,-112],[-655,97],[-240,-151]],[[20212,36527],[57,-697],[464,-519],[-180,-151],[135,-549],[478,-2],[372,-369]],[[21538,34240],[315,-354],[-246,-284],[381,-429],[19,-374],[-538,-472]],[[17184,34008],[282,-849],[492,-870],[791,-600]],[[23876,36667],[-400,-31],[260,-511],[22,-582],[359,-309],[177,-677]],[[24294,34557],[-419,168],[-746,-104],[-32,501],[-1114,-583]],[[26631,34686],[-462,51],[-963,-329],[-922,-157]],[[24284,34251],[10,306]],[[24284,34251],[-365,20],[-541,-417],[-764,-1069],[-991,-723]],[[21538,34240],[445,299]],[[19828,49882],[-496,258],[-249,497],[-43,-498],[-1524,1220],[-46,442],[-1363,1643]],[[16107,53444],[382,533],[373,62],[412,535],[571,144],[415,310],[94,316],[635,324],[1120,1052],[285,151],[1032,1095],[503,277],[-20,674],[486,750],[-314,343]],[[22081,60010],[-451,332],[235,462],[669,766],[-113,91],[611,653]],[[16225,55134],[-847,-1253],[-415,-310],[251,-536],[522,458],[371,-49]],[[7804,44799],[-1550,1552],[-2291,2374],[910,920],[368,682],[1074,957],[870,656],[392,174],[629,767],[408,67],[1103,717],[104,506],[724,629],[597,367],[-7,175],[678,807],[347,4],[398,571],[366,164],[195,371]],[[13119,57259],[1851,-2164],[484,261],[320,-189],[252,226],[199,-259]],[[22081,60010],[-586,-680],[-1483,-1181],[-1316,-880],[-560,-567],[-546,-346],[-1365,-1222]],[[13119,57259],[698,401],[496,854],[2867,2692],[253,345],[-93,436],[712,491],[441,476],[1275,505],[776,512]],[[75801,38751],[226,-375],[729,-546],[-73,-676],[290,-763],[380,-407],[-214,-196]],[[77139,35788],[-727,151],[-390,609],[123,802],[-258,102],[-267,-517],[-750,-195],[-1098,-34],[-1019,-348],[72,-1039],[-226,-800],[-505,-26],[-416,-273],[-857,-17],[-581,-512],[-905,-330]],[[69335,33361],[-334,191],[18,351],[-457,739],[-575,-105]],[[67987,34537],[714,500],[587,237],[268,-113],[382,475],[-94,159],[-278,1662],[1095,-35],[80,457],[265,-109],[1372,-146],[1033,534],[311,339],[701,322],[575,29],[665,-312],[138,215]],[[64888,39775],[445,-1241],[334,-552],[-151,-412],[198,-557],[-260,-751]],[[65454,36262],[28,-270]],[[65482,35992],[-794,-246],[-381,134],[-219,-226],[-651,180],[-210,-574]],[[63227,35260],[-1218,247]],[[64185,40661],[480,24],[223,-910]],[[65224,35264],[-425,-268]],[[64799,34996],[-698,33],[-874,231]],[[65482,35992],[208,-382],[-466,-346]],[[70233,40071],[-700,-748],[-946,-1481],[-151,-361],[-634,-601],[-779,-458]],[[67023,36422],[-611,-800],[-514,-404],[-483,-175],[-191,221]],[[65454,36262],[917,251],[664,1783]],[[67035,38296],[386,75],[300,862],[525,448],[762,1033],[1363,974],[-46,-785],[-183,-519],[91,-313]],[[64888,39775],[338,-622],[442,-437],[293,9],[197,-376],[877,-53]],[[77139,35788],[167,-1753],[212,-46],[614,-741],[205,-517],[-614,-1030],[-72,-307]],[[77651,31394],[-552,-632],[-462,197],[-412,-84],[-1775,-708],[-569,-353],[-1357,-561]],[[72524,29253],[-479,988],[-704,107],[-269,876],[-464,356],[-922,-62],[-353,270],[-429,-6],[-280,496]],[[68624,32278],[639,726],[72,357]],[[67987,34537],[-530,32]],[[67457,34569],[-535,34],[-316,548],[521,1166],[-104,105]],[[70233,40071],[423,699],[705,-85],[1335,-620],[719,-727],[1133,-26],[274,137],[979,-698]],[[68624,32278],[-406,241],[-815,73],[-272,-115],[-256,561],[-244,110],[-133,520]],[[66498,33668],[881,494],[78,407]],[[66498,33668],[-982,259],[-397,222],[-320,847]],[[73081,27693],[-380,1303],[-177,257]],[[77651,31394],[748,105],[821,565],[1207,527]],[[47175,65883],[-300,206],[175,440],[42,693],[-655,1031]],[[46437,68253],[-163,342],[311,350],[-196,511],[295,428],[489,333],[-545,370],[-254,611]],[[46374,71198],[846,817],[393,-481],[378,118],[220,-430],[-259,-449],[-333,-114],[314,-593],[-56,-431],[354,-70],[-143,-585],[255,34]],[[54509,66070],[-762,577],[11,798],[183,306]],[[53941,67751],[-15,515],[-447,216]],[[53479,68482],[162,261],[597,-137],[251,433],[424,-92],[171,-375],[744,-455],[-81,-314],[605,-224]],[[46613,74305],[-1982,-1751]],[[44631,72554],[-417,212],[-48,857],[-231,70],[210,375]],[[44145,74068],[358,322],[-233,268],[245,158]],[[44515,74816],[1881,73],[-39,-368],[256,-216]],[[43809,76931],[162,-711],[339,217],[161,-201]],[[44471,76236],[246,-712],[-202,-708]],[[44145,74068],[-312,179],[-366,-471],[40,-507],[-248,-61]],[[43259,73208],[-517,344],[-527,-139],[-360,288],[-456,-514],[-81,-496],[-566,-263]],[[42797,77087],[447,63],[565,-219]],[[60627,72539],[-227,285],[-448,32],[-16,607],[-464,-49],[-399,191]],[[59073,73605],[-111,55]],[[58962,73660],[825,1071],[16,564],[292,69]],[[60095,75364],[628,382],[1236,-1242]],[[60170,71327],[-551,-111],[-654,805]],[[58965,72021],[-243,321],[287,298],[-133,426],[197,539]],[[54117,75348],[-392,-71],[-869,-784],[263,-114]],[[53119,74379],[-1016,-656],[-340,120],[-654,-383]],[[51109,73460],[-305,-198],[-104,622],[-280,74],[457,247],[-578,705]],[[50299,74910],[769,179],[285,308],[1385,767],[2629,1307]],[[55367,77471],[245,-825],[-378,-154],[-379,-434],[-232,68],[-506,-778]],[[55793,73199],[5,-425],[-356,-1038],[-667,-749],[5,-540],[-678,-808],[-144,142],[-1076,-427],[-206,-307]],[[52676,69047],[-447,99]],[[52229,69146],[58,119],[-598,685]],[[51689,69950],[253,276],[57,-444],[635,1202],[72,298]],[[52706,71282],[293,599],[1072,610],[8,337],[469,410]],[[54548,73238],[231,-249],[759,755],[255,-545]],[[54092,74230],[377,-7],[168,-450],[-89,-535]],[[52706,71282],[-236,-135],[-390,230],[183,507],[-329,271],[315,246],[-502,292],[60,413],[-583,133]],[[51224,73239],[-115,221]],[[53119,74379],[114,-608],[406,326],[171,-308],[282,441]],[[59850,70577],[-413,-871],[-710,-664],[-62,-238],[-542,-81],[-337,-598]],[[57497,68639],[-351,688]],[[57146,69327],[522,1112],[643,728],[106,374],[548,480]],[[56664,72944],[-89,-138],[233,-783],[-234,-257],[278,-238],[-351,-189],[108,-443],[318,-276],[-329,-355],[378,-189],[-122,-577],[292,-172]],[[53479,68482],[-464,242],[214,205],[-553,118]],[[55793,73199],[871,-255]],[[46437,68253],[-77,-93],[-775,417],[-520,4],[-133,339],[-208,-231]],[[44724,68689],[-212,-86],[-1166,802]],[[43706,69658],[881,475]],[[44587,70133],[578,90],[-177,625],[468,413]],[[45456,71261],[435,423]],[[45891,71684],[341,-634],[142,148]],[[44724,68689],[-293,-701],[-442,-565],[167,-622],[-261,-274]],[[43259,73208],[-229,-601],[8,-821],[1549,-1653]],[[56664,72944],[715,430],[424,590],[327,65]],[[58130,74029],[832,-369]],[[48304,76131],[-3,-77]],[[48301,76054],[-370,-186],[-718,-659],[207,-357],[-632,-359],[-75,-252]],[[46713,74241],[-100,64]],[[44471,76236],[1132,192],[444,-96],[269,-346],[822,45]],[[51653,65735],[303,416],[509,364],[374,803],[1102,433]],[[44974,77411],[-335,-340],[103,-233],[-585,230],[-348,-137]],[[42179,78444],[598,125],[-88,165],[611,229],[-106,233],[730,373],[156,-156],[669,114]],[[51004,66749],[243,742],[245,22],[516,875],[221,758]],[[51689,69950],[-281,-467],[-503,364]],[[50905,69847],[-77,256],[-598,210],[-362,873],[-341,27]],[[49527,71213],[240,470],[-339,168],[815,985],[295,9],[686,394]],[[58130,74029],[-384,630],[644,452],[208,339],[413,-52],[138,398],[745,679],[276,494]],[[60170,76969],[169,-247],[441,322],[272,-447],[-699,-676],[-258,-557]],[[44631,72554],[825,-1293]],[[46713,74241],[-46,-335],[342,-583],[-83,-162],[-955,-458],[-361,-455],[281,-564]],[[49953,68183],[235,608],[717,1056]],[[48686,69611],[195,834],[646,768]],[[54117,75348],[-246,-604],[224,-52],[-3,-462]],[[48301,76054],[240,-510],[277,131],[79,-424],[415,-404],[532,-130],[455,193]],[[55367,77471],[975,21],[465,-165],[363,240],[369,-402],[555,-220],[397,37],[875,777]],[[59366,77759],[804,-790]],[[69865,87502],[-2179,2842],[2558,1978],[2181,-2499]],[[58467,85270],[1972,-2036],[-3186,-3149],[2113,-2326]],[[75747,92633],[-2828,3171],[6279,4195],[3181,-856]],[[84054,93726],[2059,-2923]],[[12078,18943],[2140,-993],[-1089,-2331],[-1761,-3433],[-2380,1232]],[[67090,25919],[-72,173],[-2821,3659],[-295,282],[-11750,3398],[-13738,254],[-7891,-5073],[-7633,-1510],[-6941,-5415],[-979,-2104],[-2403,1163]]],"transform":{"scale":[0.000011847003680264932,0.000007997661870435193],"translate":[6.064026449023173,46.1869648723627]}}