{"type":"Topology","objects":{"municipalities":{"type":"GeometryCollection","geometries":[{"type":"Polygon","id":6002,"properties":{"id":6002,"name":"Brig-Glis"},"arcs":[[0,1,2,3,4,5,6]]},{"type":"Polygon","id":6004,"properties":{"id":6004,"name":"Eggerberg"},"arcs":[[7,8,9,10,11]]},{"type":"Polygon","id":6007,"properties":{"id":6007,"name":"Naters"},"arcs":[[12,13,14,15,-6,16,-12,17,18,19]]},{"type":"Polygon","id":6008,"properties":{"id":6008,"name":"Ried-Brig"},"arcs":[[20,21,22,23,-1,24]]},{"type":"Polygon","id":6009,"properties":{"id":6009,"name":"Simplon"},"arcs":[[25,26,27,28,29,30,-2,-24]]},{"type":"Polygon","id":6010,"properties":{"id":6010,"name":"Termen"},"arcs":[[31,-25,-7,-16,32,33,34]]},{"type":"Polygon","id":6011,"properties":{"id":6011,"name":"Zwischbergen"},"arcs":[[35,-26,-23,36]]},{"type":"Polygon","id":6021,"properties":{"id":6021,"name":"Ardon"},"arcs":[[37,38,39,40]]},{"type":"Polygon","id":6022,"properties":{"id":6022,"name":"Chamoson"},"arcs":[[-39,41,42,43,44,45]]},{"type":"Polygon","id":6023,"properties":{"id":6023,"name":"Conthey"},"arcs":[[46,47,48,-40,-46,49,50]]},{"type":"Polygon","id":6024,"properties":{"id":6024,"name":"Nendaz"},"arcs":[[51,52,53,54,55,56,57,58,-42,-38,59,-48,60]]},{"type":"Polygon","id":6025,"properties":{"id":6025,"name":"Vétroz"},"arcs":[[-60,-41,-49]]},{"type":"Polygon","id":6031,"properties":{"id":6031,"name":"Bagnes"},"arcs":[[-56,61,62,63,64,65,66,67,68,69,70]]},{"type":"Polygon","id":6032,"properties":{"id":6032,"name":"Bourg-Saint-Pierre"},"arcs":[[-65,71,72,73],[74]]},{"type":"MultiPolygon","id":6033,"properties":{"id":6033,"name":"Liddes"},"arcs":[[[-75]],[[-66,-74,75]]]},{"type":"Polygon","id":6034,"properties":{"id":6034,"name":"Orsières"},"arcs":[[76,-67,-76,-73,77,78,79,80]]},{"type":"Polygon","id":6035,"properties":{"id":6035,"name":"Sembrancher"},"arcs":[[-68,-77,81,82]]},{"type":"Polygon","id":6036,"properties":{"id":6036,"name":"Vollèges"},"arcs":[[-69,-83,83,84,85,86]]},{"type":"Polygon","id":6052,"properties":{"id":6052,"name":"Bellwald"},"arcs":[[87,88,89,90,91,92]]},{"type":"Polygon","id":6054,"properties":{"id":6054,"name":"Binn"},"arcs":[[93,94,95,96]]},{"type":"Polygon","id":6055,"properties":{"id":6055,"name":"Blitzingen"},"arcs":[[97,98,-88,99]]},{"type":"Polygon","id":6056,"properties":{"id":6056,"name":"Ernen"},"arcs":[[-98,100,101,-96,102,103,104,-90,105]]},{"type":"Polygon","id":6057,"properties":{"id":6057,"name":"Fiesch"},"arcs":[[-91,-105,106,107,108]]},{"type":"Polygon","id":6058,"properties":{"id":6058,"name":"Fieschertal"},"arcs":[[109,110,111,-92,-109,112,-20,113,114]]},{"type":"Polygon","id":6061,"properties":{"id":6061,"name":"Lax"},"arcs":[[-104,115,116,-107]]},{"type":"Polygon","id":6064,"properties":{"id":6064,"name":"Niederwald"},"arcs":[[-106,-89,-99]]},{"type":"Polygon","id":6073,"properties":{"id":6073,"name":"Grafschaft"},"arcs":[[117,118,-101,-100,-93,-112,119]]},{"type":"Polygon","id":6074,"properties":{"id":6074,"name":"Münster-Geschinen"},"arcs":[[120,-110,121,122]]},{"type":"Polygon","id":6075,"properties":{"id":6075,"name":"Reckingen-Gluringen"},"arcs":[[123,124,-97,-102,-119,125,-120,-111,-121]]},{"type":"Polygon","id":6076,"properties":{"id":6076,"name":"Obergoms"},"arcs":[[-124,-123,126]]},{"type":"Polygon","id":6081,"properties":{"id":6081,"name":"Les Agettes"},"arcs":[[-53,127,128,129]]},{"type":"Polygon","id":6082,"properties":{"id":6082,"name":"Ayent"},"arcs":[[130,131,132,133,134,135,136]]},{"type":"Polygon","id":6083,"properties":{"id":6083,"name":"Evolène"},"arcs":[[137,138,139,-63,140,141]]},{"type":"Polygon","id":6084,"properties":{"id":6084,"name":"Hérémence"},"arcs":[[142,-141,-62,-55,143]]},{"type":"Polygon","id":6087,"properties":{"id":6087,"name":"Saint-Martin (VS)"},"arcs":[[144,-142,-143,145,146]]},{"type":"Polygon","id":6089,"properties":{"id":6089,"name":"Vex"},"arcs":[[147,-146,-144,-54,-130,148]]},{"type":"Polygon","id":6090,"properties":{"id":6090,"name":"Mont-Noble"},"arcs":[[149,-147,-148,150,151]]},{"type":"Polygon","id":6101,"properties":{"id":6101,"name":"Agarn"},"arcs":[[152,153,154,155]]},{"type":"Polygon","id":6102,"properties":{"id":6102,"name":"Albinen"},"arcs":[[156,157,158,159]]},{"type":"Polygon","id":6104,"properties":{"id":6104,"name":"Ergisch"},"arcs":[[160,161,162,163,164,165,166]]},{"type":"Polygon","id":6109,"properties":{"id":6109,"name":"Inden"},"arcs":[[-159,167,168,169,170]]},{"type":"Polygon","id":6110,"properties":{"id":6110,"name":"Leuk"},"arcs":[[171,172,-155,173,174,175,-168,-158,176,177]]},{"type":"Polygon","id":6111,"properties":{"id":6111,"name":"Leukerbad"},"arcs":[[178,179,-160,-171,180,181]]},{"type":"Polygon","id":6112,"properties":{"id":6112,"name":"Oberems"},"arcs":[[-166,182,183,-153,184]]},{"type":"Polygon","id":6113,"properties":{"id":6113,"name":"Salgesch"},"arcs":[[-175,185,186,187,188,189,190]]},{"type":"Polygon","id":6116,"properties":{"id":6116,"name":"Varen"},"arcs":[[-176,-191,191,-169]]},{"type":"Polygon","id":6117,"properties":{"id":6117,"name":"Guttet-Feschel"},"arcs":[[-177,-157,-180,192]]},{"type":"Polygon","id":6118,"properties":{"id":6118,"name":"Gampel-Bratsch"},"arcs":[[193,194,-172,195]]},{"type":"MultiPolygon","id":6119,"properties":{"id":6119,"name":"Turtmann-Unterems"},"arcs":[[[196,197,-183,-165]],[[198,199,-167,-185,-156,-173,-195]]]},{"type":"Polygon","id":6131,"properties":{"id":6131,"name":"Bovernier"},"arcs":[[-84,-82,-81,200,201]]},{"type":"Polygon","id":6132,"properties":{"id":6132,"name":"Charrat"},"arcs":[[-86,202,203,204]]},{"type":"Polygon","id":6133,"properties":{"id":6133,"name":"Fully"},"arcs":[[205,206,207,208,-204,209,210,211,212,213]]},{"type":"Polygon","id":6134,"properties":{"id":6134,"name":"Isérables"},"arcs":[[214,-58]]},{"type":"Polygon","id":6135,"properties":{"id":6135,"name":"Leytron"},"arcs":[[-44,215,216,-207,217,-214,218]]},{"type":"Polygon","id":6136,"properties":{"id":6136,"name":"Martigny"},"arcs":[[-210,-203,-85,-202,219,220,221,222]]},{"type":"Polygon","id":6137,"properties":{"id":6137,"name":"Martigny-Combe"},"arcs":[[-201,-80,223,224,-220]]},{"type":"Polygon","id":6139,"properties":{"id":6139,"name":"Riddes"},"arcs":[[-215,-57,-71,225,226,-216,-43,-59]]},{"type":"MultiPolygon","id":6140,"properties":{"id":6140,"name":"Saillon"},"arcs":[[[-227,227,-208,-217]],[[-206,-218]]]},{"type":"Polygon","id":6141,"properties":{"id":6141,"name":"Saxon"},"arcs":[[-70,-87,-205,-209,-228,-226]]},{"type":"Polygon","id":6142,"properties":{"id":6142,"name":"Trient"},"arcs":[[-79,228,229,230,-224]]},{"type":"Polygon","id":6151,"properties":{"id":6151,"name":"Champéry"},"arcs":[[231,232,233]]},{"type":"Polygon","id":6152,"properties":{"id":6152,"name":"Collombey-Muraz"},"arcs":[[234,235,236,237,238,239,240,241],[242]]},{"type":"MultiPolygon","id":6153,"properties":{"id":6153,"name":"Monthey"},"arcs":[[[243,244,245]],[[246,247,248,249,-235]],[[250,-239]],[[-243]]]},{"type":"Polygon","id":6154,"properties":{"id":6154,"name":"Port-Valais"},"arcs":[[251,252,253,254]]},{"type":"Polygon","id":6155,"properties":{"id":6155,"name":"Saint-Gingolph"},"arcs":[[-253,255,256,257]]},{"type":"Polygon","id":6156,"properties":{"id":6156,"name":"Troistorrents"},"arcs":[[-250,258,259,-246,260,-236]]},{"type":"Polygon","id":6157,"properties":{"id":6157,"name":"Val-d'Illiez"},"arcs":[[261,262,263,-234,264,-244,-260]]},{"type":"Polygon","id":6158,"properties":{"id":6158,"name":"Vionnaz"},"arcs":[[-240,-251,-238,265,266]]},{"type":"Polygon","id":6159,"properties":{"id":6159,"name":"Vouvry"},"arcs":[[-252,267,-241,-267,268,-256]]},{"type":"Polygon","id":6172,"properties":{"id":6172,"name":"Bister"},"arcs":[[269,270]]},{"type":"Polygon","id":6173,"properties":{"id":6173,"name":"Bitsch"},"arcs":[[-33,-15,271]]},{"type":"Polygon","id":6177,"properties":{"id":6177,"name":"Grengiols"},"arcs":[[-103,-95,272,-21,-32,-271,273,274,-116]]},{"type":"Polygon","id":6181,"properties":{"id":6181,"name":"Riederalp"},"arcs":[[275,-34,-272,-14,276]]},{"type":"Polygon","id":6191,"properties":{"id":6191,"name":"Ausserberg"},"arcs":[[-10,277,278,279]]},{"type":"Polygon","id":6192,"properties":{"id":6192,"name":"Blatten"},"arcs":[[-19,280,281,282,283,-114]]},{"type":"Polygon","id":6193,"properties":{"id":6193,"name":"Bürchen"},"arcs":[[284,285,286,287]]},{"type":"Polygon","id":6194,"properties":{"id":6194,"name":"Eischoll"},"arcs":[[288,-161,-200,289]]},{"type":"Polygon","id":6195,"properties":{"id":6195,"name":"Ferden"},"arcs":[[290,291,-196,-178,-193,-179,292,293]]},{"type":"Polygon","id":6197,"properties":{"id":6197,"name":"Kippel"},"arcs":[[294,-294,295,296]]},{"type":"Polygon","id":6198,"properties":{"id":6198,"name":"Niedergesteln"},"arcs":[[297,298,-290,-199,299,-291,-295,300]]},{"type":"Polygon","id":6199,"properties":{"id":6199,"name":"Raron"},"arcs":[[-279,301,302,-288,303,-298,304,-282,305]]},{"type":"Polygon","id":6201,"properties":{"id":6201,"name":"Unterbäch"},"arcs":[[-287,306,307,-162,-289,-299,-304]]},{"type":"Polygon","id":6202,"properties":{"id":6202,"name":"Wiler (Lötschen)"},"arcs":[[-305,-301,-297,308,-283]]},{"type":"Polygon","id":6203,"properties":{"id":6203,"name":"Mörel-Filet"},"arcs":[[-270,-35,-276,309,-274]]},{"type":"Polygon","id":6204,"properties":{"id":6204,"name":"Steg-Hohtenn"},"arcs":[[-300,-194,-292]]},{"type":"Polygon","id":6205,"properties":{"id":6205,"name":"Bettmeralp"},"arcs":[[-108,-117,-275,-310,-277,-13,-113]]},{"type":"Polygon","id":6211,"properties":{"id":6211,"name":"Collonges"},"arcs":[[-212,310,311,312,313]]},{"type":"Polygon","id":6212,"properties":{"id":6212,"name":"Dorénaz"},"arcs":[[-211,-223,314,315,-311]]},{"type":"Polygon","id":6213,"properties":{"id":6213,"name":"Evionnaz"},"arcs":[[-312,-316,316,317,318,-232,-264,319]]},{"type":"Polygon","id":6214,"properties":{"id":6214,"name":"Finhaut"},"arcs":[[-230,320,321]]},{"type":"Polygon","id":6215,"properties":{"id":6215,"name":"Massongex"},"arcs":[[322,323,-248,324]]},{"type":"Polygon","id":6217,"properties":{"id":6217,"name":"Saint-Maurice"},"arcs":[[-313,-320,-263,325,-323,326]]},{"type":"Polygon","id":6218,"properties":{"id":6218,"name":"Salvan"},"arcs":[[-221,-225,-231,-322,327,-318,328]]},{"type":"Polygon","id":6219,"properties":{"id":6219,"name":"Vernayaz"},"arcs":[[-222,-329,-317,-315]]},{"type":"Polygon","id":6220,"properties":{"id":6220,"name":"Vérossaz"},"arcs":[[-326,-262,-259,-249,-324]]},{"type":"Polygon","id":6232,"properties":{"id":6232,"name":"Chalais"},"arcs":[[329,330,331,332]]},{"type":"Polygon","id":6234,"properties":{"id":6234,"name":"Chermignon"},"arcs":[[333,334,335]]},{"type":"Polygon","id":6235,"properties":{"id":6235,"name":"Chippis"},"arcs":[[336,-333,337]]},{"type":"Polygon","id":6238,"properties":{"id":6238,"name":"Grône"},"arcs":[[338,-152,339,340,341,-331]]},{"type":"Polygon","id":6239,"properties":{"id":6239,"name":"Icogne"},"arcs":[[342,343,344,-131,345]]},{"type":"Polygon","id":6240,"properties":{"id":6240,"name":"Lens"},"arcs":[[346,-335,347,348,-344,349]]},{"type":"Polygon","id":6241,"properties":{"id":6241,"name":"Miège"},"arcs":[[350,351,352,-189]]},{"type":"Polygon","id":6242,"properties":{"id":6242,"name":"Mollens (VS)"},"arcs":[[-170,-192,-190,-353,353,354,355,-181]]},{"type":"Polygon","id":6243,"properties":{"id":6243,"name":"Montana"},"arcs":[[356,357,-336,-347]]},{"type":"Polygon","id":6244,"properties":{"id":6244,"name":"Randogne"},"arcs":[[-355,358,359,-357,-350,-343,360]]},{"type":"Polygon","id":6246,"properties":{"id":6246,"name":"Saint-Léonard"},"arcs":[[-349,361,-341,362,-132,-345]]},{"type":"Polygon","id":6248,"properties":{"id":6248,"name":"Sierre"},"arcs":[[363,-338,-332,-342,-362,-348,-334,-358,-360,364,365,-187]]},{"type":"Polygon","id":6249,"properties":{"id":6249,"name":"Venthône"},"arcs":[[366,-365,-359,-354,-352]]},{"type":"Polygon","id":6250,"properties":{"id":6250,"name":"Veyras"},"arcs":[[-188,-366,-367,-351]]},{"type":"Polygon","id":6252,"properties":{"id":6252,"name":"Anniviers"},"arcs":[[-186,-174,-154,-184,367,368,-138,-145,-150,-339,-330,-337,-364]]},{"type":"Polygon","id":6261,"properties":{"id":6261,"name":"Arbaz"},"arcs":[[369,370,-135]]},{"type":"Polygon","id":6263,"properties":{"id":6263,"name":"Grimisuat"},"arcs":[[-134,371,372,-370]]},{"type":"Polygon","id":6265,"properties":{"id":6265,"name":"Savièse"},"arcs":[[-136,-371,-373,373,-51,374]]},{"type":"Polygon","id":6266,"properties":{"id":6266,"name":"Sion"},"arcs":[[-363,-340,-151,-149,-129,375,-61,-47,-374,-372,-133]]},{"type":"Polygon","id":6267,"properties":{"id":6267,"name":"Veysonnaz"},"arcs":[[-128,-52,-376]]},{"type":"MultiPolygon","id":6281,"properties":{"id":6281,"name":"Baltschieder"},"arcs":[[[376,377,-302,-278,-9]],[[-11,-280,-306,-281,-18]]]},{"type":"Polygon","id":6282,"properties":{"id":6282,"name":"Eisten"},"arcs":[[378,-30,379,380,381,382,383]]},{"type":"Polygon","id":6283,"properties":{"id":6283,"name":"Embd"},"arcs":[[384,385,-163,-308,386]]},{"type":"Polygon","id":6285,"properties":{"id":6285,"name":"Grächen"},"arcs":[[-382,387,-385,388,389]]},{"type":"Polygon","id":6286,"properties":{"id":6286,"name":"Lalden"},"arcs":[[-17,-5,390,-377,-8]]},{"type":"Polygon","id":6287,"properties":{"id":6287,"name":"Randa"},"arcs":[[391,392,-368,-198,393]]},{"type":"Polygon","id":6288,"properties":{"id":6288,"name":"Saas-Almagell"},"arcs":[[-36,394,395,396,397,398,-27]]},{"type":"Polygon","id":6289,"properties":{"id":6289,"name":"Saas-Balen"},"arcs":[[-29,399,400,401,-380]]},{"type":"Polygon","id":6290,"properties":{"id":6290,"name":"Saas-Fee"},"arcs":[[402,-398,403,-392,404,-401]]},{"type":"Polygon","id":6291,"properties":{"id":6291,"name":"Saas-Grund"},"arcs":[[-399,-403,-400,-28]]},{"type":"Polygon","id":6292,"properties":{"id":6292,"name":"St. Niklaus"},"arcs":[[-388,-381,-402,-405,-394,-197,-164,-386]]},{"type":"Polygon","id":6293,"properties":{"id":6293,"name":"Stalden (VS)"},"arcs":[[405,-383,-390,406,407,408]]},{"type":"Polygon","id":6294,"properties":{"id":6294,"name":"Staldenried"},"arcs":[[409,-384,-406]]},{"type":"Polygon","id":6295,"properties":{"id":6295,"name":"Täsch"},"arcs":[[-404,-397,410,-393]]},{"type":"Polygon","id":6296,"properties":{"id":6296,"name":"Törbel"},"arcs":[[-407,-389,-387,-307,-286,411]]},{"type":"Polygon","id":6297,"properties":{"id":6297,"name":"Visp"},"arcs":[[-391,-4,412,413,-303,-378]]},{"type":"Polygon","id":6298,"properties":{"id":6298,"name":"Visperterminen"},"arcs":[[-3,-31,-379,-410,-409,414,-413]]},{"type":"Polygon","id":6299,"properties":{"id":6299,"name":"Zeneggen"},"arcs":[[-415,-408,-412,-285,-414]]},{"type":"Polygon","id":6300,"properties":{"id":6300,"name":"Zermatt"},"arcs":[[-396,415,-139,-369,-411]]},{"type":"Polygon","id":6391,"properties":{"id":6391,"name":"Kommunanz Reckingen-Gluringen/Grafschaft"},"arcs":[[-118,-126]]},{"type":"Polygon","id":9759,"properties":{"id":9759,"name":"Lac Léman (VS)"},"arcs":[[-254,-258,416]]}]}},"arcs":[[[72157,57964],[-88,-279],[365,-142],[-317,-330],[89,-422],[-120,-294],[263,-433],[-110,-317],[641,-995],[82,-317],[399,-305],[425,-1922]],[[73786,52208],[-433,-1219],[-294,-404],[-1466,-753],[-312,588],[-285,168]],[[70996,50588],[-93,620],[-184,-222],[-982,553],[-176,-482],[-205,3],[-58,-422],[-239,913],[-391,1110],[-34,396],[163,321],[-479,312],[-397,-352]],[[67921,53338],[-276,873],[1,1159],[-684,-174],[-136,182]],[[66826,55378],[-83,504]],[[66743,55882],[1856,571],[59,-204],[2084,1625],[710,356],[696,143]],[[72148,58373],[9,-409]],[[66412,55899],[-1108,-120],[-404,346]],[[64900,56125],[-644,151],[185,562],[408,344],[140,554]],[[64989,57736],[33,1040],[-74,1553]],[[64948,60329],[341,152]],[[65289,60481],[95,-529],[356,-1025],[-56,-403],[463,34],[42,-399],[232,-128],[98,-759],[-243,-68],[-154,-436],[332,8],[-42,-877]],[[71503,76387],[1820,-1104],[1463,-1746],[424,-253],[799,-1151],[-419,-826],[-228,-1254],[-183,-461]],[[75179,69592],[-842,-674],[-566,-868],[-502,-354],[-568,-672],[-200,-666],[-371,-746],[14,-737]],[[72144,64875],[-218,-1346],[-138,-202],[-23,-1674],[319,-1678],[402,-321],[271,-403]],[[72757,59251],[-146,-435],[-463,-443]],[[66743,55882],[-331,17]],[[65289,60481],[-61,1107],[419,405],[319,14],[192,510],[-131,333],[12,737],[255,277],[414,149],[143,561],[94,1180],[-62,368],[-308,220],[202,1609],[14,966],[-143,666],[-885,870]],[[65763,70453],[741,722],[142,423],[862,1083],[142,380],[568,493],[634,1000],[158,668],[416,905],[257,368],[290,107]],[[69973,76602],[456,154],[213,-221],[333,95],[528,-243]],[[78049,57259],[198,165],[725,-224],[395,-353],[234,50],[63,-549],[592,-611]],[[80256,55737],[-203,-33],[-597,-834],[-413,-380],[-119,-655],[-287,-737],[-418,-178],[-550,-1035],[-644,-594],[11,-569],[-317,-187],[55,-374],[361,-455],[716,-176],[99,-377]],[[77950,49153],[-1010,-752]],[[76940,48401],[-1018,-280],[-282,110],[-758,1148],[-183,25],[-551,764],[-235,1564],[-127,476]],[[72157,57964],[135,152],[829,98],[320,157],[699,-200],[744,546],[20,-1018],[139,220],[155,-594],[-257,-420],[-274,-107],[-3,-262],[-450,-742],[1122,283],[255,-300],[510,167],[127,408],[97,-771],[486,-129],[594,260],[594,635],[-92,699],[142,213]],[[76940,48401],[-84,-1149],[-133,-87],[613,-821],[18,-540],[190,-834],[635,-506],[139,-771],[-62,-338],[462,-893],[-499,-295],[-379,-428],[-65,-313],[-655,-433],[-272,241],[-479,-322],[-160,-1378],[-399,-1013],[-536,-989],[-496,-673],[-352,-190],[-371,-831],[38,-951],[174,-579],[-68,-975],[-483,-409],[-382,88],[-393,561]],[[72941,33573],[-254,243]],[[72687,33816],[43,866],[-303,677],[17,623],[-171,711],[56,362],[-165,492],[133,832],[336,306],[-125,357],[-308,-150]],[[72200,38892],[-439,579],[-21,849]],[[71740,40320],[40,517],[-124,262]],[[71656,41099],[-137,1118],[170,1050],[-251,127],[-495,954],[42,1194],[-160,1083],[96,341],[-139,541],[42,714],[276,847],[-215,847],[111,673]],[[77380,59126],[180,-953],[228,-240],[261,-674]],[[72757,59251],[86,433],[620,785],[99,371]],[[73562,60840],[60,238]],[[73622,61078],[116,76],[488,-286],[272,-376],[683,-201],[470,-299],[393,-69],[469,-530],[59,-442],[463,-172],[345,347]],[[74011,30444],[-400,727],[-331,986],[-185,160],[-154,1256]],[[77950,49153],[501,-15],[176,-1363],[150,-303],[271,-24],[238,-814],[529,-406],[319,-21],[267,-1849],[460,-1088],[3,-879],[103,-599],[243,-196],[468,-888],[-8,-702],[-413,-416],[-73,-536],[-340,-490],[-89,-1037],[190,-398],[127,-796],[-278,-850],[-351,-523],[-311,-176],[-183,199],[-588,-187],[-659,-710],[-32,-1550],[-385,-770],[-478,-53],[-619,-499],[-475,-165],[-643,115],[-694,-503],[-493,24],[-289,-266],[-583,25]],[[29987,42812],[-890,-748]],[[29097,42064],[-553,508],[-301,-516],[-532,572],[118,1044],[-351,217],[-401,738],[-575,1764],[-958,1296],[-682,288]],[[24862,47975],[649,1766],[777,953]],[[26288,50694],[270,-282],[400,172],[614,-13],[497,-1684],[-22,-316],[229,-667],[-51,-1380],[-121,-362],[8,-577],[229,-407],[745,-766],[845,-1301],[56,-299]],[[29097,42064],[-1025,-1204]],[[28072,40860],[-831,-312],[-392,-507],[-332,173]],[[26517,40214],[17,1293],[-214,1069],[-208,-413],[-373,306],[-597,13],[-198,377],[-442,276],[-640,-25],[-194,550],[-646,633],[-371,13],[-316,438],[-783,1634],[-235,295],[-247,908]],[[21070,47581],[584,102],[640,821]],[[22294,48504],[520,133],[476,-1175],[1248,291],[324,222]],[[31709,46999],[34,-1055],[-356,-504],[-60,-357],[412,-915]],[[31739,44168],[-615,-737]],[[31124,43431],[-211,681],[-159,69],[-187,649],[390,419],[-293,836],[69,413],[-247,365],[-657,201],[-1318,-1681],[-75,774],[194,649],[-68,334],[10,1257],[-430,685],[-271,1096],[-101,75],[-10,1102],[-341,313],[-353,-58],[-778,-916]],[[22294,48504],[238,1045],[388,138],[945,1837],[381,25],[288,550],[-180,1230],[495,360],[124,433],[-442,735],[-15,1117],[670,1125]],[[25186,57099],[721,423],[319,-173],[375,-668],[2920,421],[306,-214],[478,-72],[817,166],[921,-1323],[472,-215],[271,-729],[-83,-385],[62,-1357],[-470,-1110],[-362,-1901],[-205,-611],[-198,-943],[162,-347],[-75,-656],[92,-406]],[[33459,43521],[-412,-345],[94,-247],[-337,-334],[-66,-613],[500,-101],[121,198],[434,3]],[[33793,42082],[399,-288],[173,-491],[490,-675],[140,-480]],[[34995,40148],[-10,-1514],[-242,-724]],[[34743,37910],[-396,-380],[-238,-1297],[82,-396],[-217,-492],[-8,-541],[-367,-574],[192,-260],[36,-447],[277,-478],[275,-1020],[-7,-800],[173,-381],[-221,-729],[339,-962],[-41,-580],[191,-272],[-480,-823],[-264,-740],[-15,-553],[277,-639],[-151,-154]],[[34180,25392],[-398,259],[-387,-27],[-106,362],[-319,29],[-120,1127],[-379,92],[-220,531],[-704,-103],[-319,287],[-189,503],[-693,607],[-129,533],[-436,361]],[[29781,29953],[90,315],[-122,479],[83,388],[-168,1125]],[[29664,32260],[371,476],[247,86],[102,814],[155,434],[-91,695],[301,929],[-124,313],[32,682],[-77,650],[-386,29],[-589,390],[78,225],[-514,134],[-424,499],[-233,475],[-134,577],[-311,-52],[106,336],[-34,772]],[[28139,40724],[-67,136]],[[29987,42812],[686,247],[451,372]],[[31739,44168],[130,16],[209,-659],[1116,780],[265,-784]],[[34180,25392],[-68,-1002],[156,-837],[329,-706],[432,-337],[-156,-837],[340,-809],[-156,-1053],[544,-659],[532,-75],[371,-763],[380,-1257],[357,-169],[349,-435],[289,466],[839,-282]],[[38718,16637],[-71,-362],[166,-480],[404,376],[698,-112],[163,637],[876,-1066],[63,-588],[176,-325],[109,-659],[302,-335],[-29,-548],[346,-430],[110,-530]],[[42031,12215],[-557,-419],[-410,-608],[188,-1408],[-320,-326],[-606,256],[-193,-432],[-554,-99],[-299,-514],[-414,-963],[-443,-608],[-254,-71],[-86,-311],[-328,-127],[-239,-314],[-316,48],[-238,296],[-227,-373],[-6,-376],[-379,-750],[-482,-365],[-414,517],[-551,432],[-307,-102],[-287,521],[9,395],[-339,135],[-376,463],[-719,-551],[-488,-95],[-327,198],[-103,614],[-626,131],[-212,-76],[-440,598]],[[30688,7931],[101,843],[257,758],[-87,373],[-644,74],[-365,-182],[-986,1671],[-173,1434]],[[28791,12902],[289,549],[238,-89],[11,910],[-355,881],[-48,613],[-468,443],[-877,553],[-298,1023],[-28,480],[-273,679],[-249,-25],[-721,353],[-195,232],[-418,32],[-198,477]],[[25201,20013],[16,888],[-164,709],[42,467],[-586,1027],[-319,1299]],[[24190,24403],[-98,946],[117,122],[533,1682],[-259,1330],[-346,-532]],[[24137,27951],[-223,1226],[41,400],[-100,725],[302,629],[587,-197],[218,861],[-14,514]],[[24948,32109],[201,516],[305,218],[236,-89],[162,397],[705,130]],[[26557,33281],[1209,-541],[147,-424],[425,-700],[565,-501],[232,-878],[384,41],[262,-325]],[[30688,7931],[-231,-168],[-63,-361],[-273,-294],[-464,-1800],[-322,-142],[-851,-1444],[-205,7],[-271,606],[-506,-405],[-671,255],[-175,-293],[-444,-33],[-142,-701],[-321,-406],[-231,-74],[-349,-560],[-140,-670],[170,-903],[-591,-543],[-398,192],[-260,395],[-256,-51],[-770,1047],[132,649],[-387,347],[-230,-4]],[[22439,2577],[-177,972],[-273,788],[-155,1242],[-179,430],[4,500],[-161,446]],[[21498,6955],[422,558],[205,59],[182,433],[387,493],[132,951],[311,841],[-43,644],[372,1608],[144,174],[351,-107],[663,261],[61,832],[651,551],[351,157],[52,-505],[342,-5],[-151,548],[286,-72],[221,-855],[571,-349],[498,53],[661,-225],[242,172],[382,-270]],[[25319,13766],[-308,-47],[52,-972],[184,-55],[72,1074]],[[21498,6955],[-476,190],[-350,1639],[347,416],[1,301],[281,731],[43,1075],[293,411],[-60,378],[207,437],[-195,366],[326,1487],[-29,391],[173,975],[59,1420],[-168,1402],[410,597],[372,778],[266,106],[304,441],[1899,-483]],[[19654,25273],[296,-473],[60,-500],[755,495],[104,379],[405,-131],[794,276],[208,-282],[641,-69],[1273,-565]],[[22439,2577],[-760,-504],[-385,-420],[-43,-466],[-628,-585],[-292,-499],[-537,-103],[-443,139],[-187,286],[-165,1039],[-143,230],[119,500],[-545,879],[-297,245],[-216,648],[7,617],[-725,616],[13,1178],[-210,492],[-428,257],[-503,882],[-178,1075],[-362,938],[168,802],[-85,973],[-129,450],[-717,283],[-302,307],[-492,1079],[56,418],[641,445],[74,540]],[[14745,15318],[288,420],[311,-147],[597,386],[149,250],[-403,754],[340,517],[36,420],[-274,174],[-316,600],[85,612],[229,420],[10,928]],[[15797,20652],[360,389],[340,59]],[[16497,21100],[595,527],[225,840],[559,462],[444,630],[122,861],[902,936],[310,-83]],[[19654,25273],[110,284],[-227,2255],[283,927]],[[19820,28739],[373,98],[301,-222],[260,-439],[12,-676],[517,317],[1333,-38],[144,-169],[529,127],[636,15],[212,199]],[[19820,28739],[-265,-50],[-694,272]],[[18861,28961],[896,677],[1072,495],[768,686]],[[21597,30819],[240,276],[435,1012]],[[22272,32107],[407,268],[440,33],[420,-365],[1045,225],[364,-159]],[[81460,77111],[-41,-330],[134,-785],[320,-737],[87,-711],[420,250],[163,-538],[-295,-317],[227,-386]],[[82475,73557],[67,-349],[-200,-339],[115,-271],[-133,-533],[-194,-169]],[[82130,71896],[-130,-580],[-324,-443],[155,-480],[-599,-823],[-539,-575]],[[80693,68995],[-175,257],[217,510]],[[80735,69762],[282,1250],[-353,826],[-296,353],[141,748],[-346,731],[6,631],[-192,672],[-155,1165],[300,453],[655,189],[282,570],[341,290]],[[81400,77640],[60,-529]],[[88908,69147],[339,-460],[254,-24],[415,-321],[217,232],[347,-651],[85,-522],[-185,-383],[34,-341],[247,-321],[-218,-298],[-138,-843],[-357,-282],[-248,86],[-390,-578],[-457,-487],[-257,-481],[-547,413],[-564,-296],[-217,-445],[253,-483],[28,-662],[-333,-370],[172,-357],[-180,-107],[-402,157],[-199,-219],[0,-499],[-508,-145],[-307,121],[-671,-761],[-131,-564],[177,-468],[-146,-349],[-452,-473],[13,-448],[-225,-336],[33,-477],[-366,-452]],[[84024,56253],[-377,676],[35,531],[-214,193],[-102,724],[-550,1737],[-701,730],[155,770],[-37,1336],[-501,222],[-681,1033]],[[81051,64205],[308,425],[619,46],[286,168],[307,932],[172,190],[883,198],[188,219],[557,253],[1370,1002],[802,914],[292,699],[482,83],[199,-198],[289,250]],[[87805,69386],[603,-315],[500,76]],[[86174,70780],[-323,-717],[-507,150],[-375,-436]],[[84969,69777],[-670,1876],[-293,502],[-51,430],[-373,51],[-289,358],[-125,-165],[-693,728]],[[81460,77111],[424,-455],[368,154],[639,-281],[353,-593],[-20,-382],[634,-1244],[687,-689],[539,-1213],[634,-539],[101,-527],[355,-562]],[[86174,70780],[335,17],[202,297]],[[86711,71094],[277,-401],[232,-597],[441,-159],[144,-551]],[[81051,64205],[-194,76],[-88,634],[-284,796],[-456,176],[-679,-297],[-109,-304],[-212,60],[-367,-233],[-380,27],[-79,199]],[[78203,65339],[403,532],[367,301],[389,890]],[[79362,67062],[349,356],[439,820],[543,757]],[[82130,71896],[294,-522],[570,767],[843,-1352],[73,-477],[303,-971],[756,436]],[[79362,67062],[-441,728],[-242,218],[-535,1025],[-815,985],[-525,211]],[[76804,70229],[47,384],[314,352],[306,630]],[[77471,71595],[430,-87],[619,362],[440,-67],[-101,-511],[180,-212],[208,397],[235,-721],[164,-4],[400,-695],[301,-249],[388,-46]],[[82810,83250],[309,-871]],[[83119,82379],[-257,-231],[-147,-413],[72,-278]],[[82787,81457],[-229,-24],[-853,-1062],[18,-839],[-335,-814],[127,-744],[-115,-334]],[[77471,71595],[44,399],[-432,1023],[-1610,2178],[-449,-373],[-307,281],[-310,883],[-371,350],[-27,402],[-341,628],[-430,472],[-1052,-306],[-683,-1145]],[[69973,76602],[-119,924],[-277,87],[-687,742],[-388,171],[-6,358],[-424,1068],[-10,456]],[[68062,80408],[108,640],[433,561],[548,142],[127,-105],[650,646],[179,-41],[183,462],[-24,564],[147,402],[-239,350],[-82,654],[-282,575],[11,310],[289,283],[113,412],[586,412],[371,-3],[663,1295],[230,-31],[849,657],[532,-173],[325,70],[725,-686],[653,-141],[439,-571],[75,240],[475,83],[291,208],[552,-486],[492,-36],[141,-264],[1051,-352],[499,-734],[190,-434],[1415,-686],[544,-58],[225,106],[662,-98],[10,-920],[368,-442],[224,31]],[[78203,65339],[-20,874]],[[78183,66213],[-58,807],[-430,627],[-460,391],[248,561],[-395,597],[-482,391],[198,642]],[[84289,77182],[14,-667],[183,-303],[354,182]],[[84840,76394],[1279,-1420],[475,-1231],[-102,-490],[371,-250],[34,-622],[-168,-278],[-114,-881],[96,-128]],[[82787,81457],[25,-343],[286,-547],[303,-1238],[454,-917],[28,-296],[322,-551],[84,-383]],[[90122,73002],[-270,7],[-665,1339],[-131,821],[-272,363],[-132,647],[-672,1509],[-385,451],[-174,-289],[-419,-125],[-928,1305],[26,701],[-206,297],[-552,433],[-475,-267],[-271,496],[46,655],[-332,-118],[-264,208],[-446,63],[-228,745],[-253,136]],[[82810,83250],[414,327],[497,129],[308,-105],[779,360],[727,77],[590,-62],[627,358],[359,2]],[[87111,84336],[84,-437],[387,-441],[131,-480],[654,-909],[487,-395],[284,-571],[98,-782],[680,631],[314,-841],[423,201],[648,-206],[603,276],[325,-869],[96,-541],[208,-103],[294,-568],[-168,-403],[-1005,-479],[-155,-322],[-407,150],[-605,-872],[128,-230],[-22,-886],[279,-674],[74,-485],[-824,-1098]],[[90122,73002],[244,-573],[-484,-761],[135,-361]],[[90017,71307],[-224,-327],[-341,-1127],[-544,-706]],[[84840,76394],[185,229],[5,560],[-304,-166],[-275,304],[-162,-139]],[[87111,84336],[368,489],[1113,622],[237,596],[410,248],[489,68],[585,876],[250,826],[1147,254],[808,952],[70,385],[523,764],[234,642],[-219,409],[159,798],[-104,1084],[196,358],[318,1255],[22,615],[-142,194],[46,1045],[198,567],[452,112],[610,1293],[225,183],[258,1028],[1122,-223],[224,-547],[-81,-178],[-20,-1149],[-89,-202],[121,-924],[-28,-1502],[-379,-1426],[-341,-481],[132,-568],[-240,-1339],[233,-658],[-9,-454],[404,-763],[220,-1272],[172,-142],[60,-1110],[256,-958],[356,-426],[261,66],[335,-467],[743,-441],[411,278],[496,-892],[248,-116],[28,-315],[-313,-234],[-395,-713],[-338,-802],[-264,-368],[-237,-56],[-386,-1364],[-131,-194],[-662,201],[-705,-553],[-308,264],[-193,-246],[-584,-51],[-134,237],[-378,61],[-38,-394],[177,-830],[-513,-1179],[186,-282],[194,-683],[-413,-298],[24,-468],[-204,-258],[144,-962],[-232,-205],[-325,319],[-483,-133],[-585,-558],[-347,-765],[-486,-605],[-273,-586],[-578,-574],[-140,-284],[-873,-246],[-189,326]],[[33793,42082],[-143,353]],[[33650,42435],[1053,21],[43,188],[-179,953],[324,670],[215,176],[-134,370],[669,190]],[[35641,45003],[87,-1730],[-276,-1734],[-457,-1391]],[[40503,65072],[-1126,-710],[-436,-797],[-783,-787],[496,-898],[455,-632],[197,-430],[107,-792],[325,-698],[-13,-829],[-153,-1199],[-604,-1393],[-294,-897],[-196,-1906],[-235,-543],[-9,-913]],[[38234,51648],[-234,-252],[-478,-996],[300,-661]],[[37822,49739],[-305,191],[-149,-271],[-451,-231]],[[36917,49428],[-372,264],[83,1194],[-278,407]],[[36350,51293],[16,682],[409,647],[-201,488],[-381,2605],[309,111],[167,468],[-652,1031],[-130,893],[62,899],[-436,347],[-570,836],[-470,268]],[[34473,60568],[-84,337],[230,739],[-151,542]],[[34468,62186],[210,429],[317,121],[373,410],[220,458],[168,-18],[265,524],[162,52],[257,515],[406,444],[265,-76],[622,337],[137,191],[618,58],[346,559],[259,134],[304,-414],[822,-173],[284,-665]],[[43607,35868],[449,-402],[637,-1531],[172,-182],[160,-670],[316,-504],[87,-743],[190,-445],[487,-518],[207,-848],[158,-23],[486,-827],[263,-821],[-230,-740],[478,-624],[294,-32],[255,-648],[80,-688],[335,-156],[171,-609],[497,-230],[152,-320],[-320,-658],[74,-622],[260,-950]],[[49265,22077],[-140,-1186],[-224,-587],[-221,-1199],[13,-1099],[-746,-354],[-105,-458],[-708,-1014]],[[47134,16180],[-491,-12],[-302,-209],[-682,41],[-249,-271],[-257,-952],[282,-1740],[-189,-636],[-274,-307],[-226,263],[-374,-58],[-501,453],[-92,322],[-380,-432],[-381,-52],[-350,431],[-162,-621],[-475,-185]],[[38718,16637],[616,722],[-59,961],[-455,495],[-104,842],[68,388],[-36,902],[152,501],[31,771],[-261,164],[-243,546],[41,472],[363,996],[25,1626],[-388,153],[-108,560],[197,198],[199,706],[-156,681],[118,394],[-181,975],[30,873],[-83,586],[55,874],[-98,240]],[[38441,32263],[240,34],[201,560],[670,390],[250,707],[122,1165],[269,235],[219,679],[645,217],[-160,-200],[294,-1307],[465,520],[71,285],[527,31],[367,-204],[648,176],[338,317]],[[37713,41496],[244,-1083],[341,-430],[492,-980],[-429,-498],[-349,-1045],[-41,-494],[125,-950],[-27,-620],[353,-613],[95,-812],[-163,-1137],[87,-571]],[[34743,37910],[214,-141],[413,509],[615,1102],[112,415],[34,876],[282,862],[753,451],[83,-675],[464,187]],[[43649,38668],[273,-1041],[-186,-797],[265,-501],[-394,-461]],[[37713,41496],[-41,178]],[[37672,41674],[906,-277],[698,464],[519,73],[1619,-1100],[297,-490],[346,-93],[304,-1318],[205,-128],[305,-631],[479,76],[299,418]],[[37383,45757],[-57,-538],[334,-520],[53,-1402],[-103,-384],[62,-1239]],[[35641,45003],[351,179],[315,419],[887,641],[189,-485]],[[44556,44366],[92,-409],[-226,-491],[-12,-394],[303,-815],[-630,-923],[-94,-422],[27,-699],[-141,-188],[17,-607],[-243,-750]],[[37383,45757],[362,1004],[607,1004]],[[38352,47765],[1235,619],[338,39],[317,-785],[13,-529],[370,-563],[638,-464],[654,-130],[382,-1071],[1034,-1652],[478,364],[745,773]],[[53121,53868],[-473,-400],[95,-224],[-44,-701],[138,-1505],[-293,-474],[55,-534],[-323,-576],[124,-428],[-506,-650],[-175,-546]],[[51719,47830],[-215,91],[-396,548],[-25,444]],[[51083,48913],[129,99],[178,759],[468,584],[242,1136],[44,511],[-150,1358],[64,1493],[170,549],[661,26],[691,666]],[[53580,56094],[-27,-362],[-341,-471],[49,-399],[-140,-994]],[[52705,65089],[-99,-1097],[108,-1379],[-207,-1048],[84,-303],[-374,-539],[-325,-237]],[[51892,60486],[-464,-394],[-476,-713],[-871,-430],[-122,430]],[[49959,59379],[44,512],[-126,746],[-237,732],[210,302],[-207,266],[54,560],[-211,-79],[148,697]],[[49634,63115],[1301,1321],[127,392],[294,58],[237,323],[1112,-120]],[[56997,53754],[-303,-1398],[-200,-269],[249,-1047],[6,-481],[402,-663]],[[57151,49896],[271,-1218],[-373,-990],[-249,-112],[-16,-480],[142,-227],[448,-5],[242,-203],[310,-844],[163,-131]],[[58089,45686],[-61,-252],[-478,-786],[-21,-786],[90,-303]],[[57619,43559],[-38,-127]],[[57581,43432],[-1208,118],[-1017,525],[-596,452]],[[54760,44527],[209,687],[126,836],[8,1233],[99,169],[-202,1471],[159,655],[50,736],[-83,520],[-417,1646]],[[54709,52480],[-33,684],[-328,977],[66,608],[212,313],[1217,559],[302,7],[267,-278],[396,-1324],[189,-272]],[[49959,59379],[-240,175],[155,-489]],[[49874,59065],[-146,47],[-187,642],[-481,653],[-157,438],[-387,109],[-291,399],[-94,734],[-335,900],[-240,144],[-615,1176]],[[46941,64307],[-52,714],[465,559],[61,498]],[[47415,66078],[1026,-5],[56,-249],[-206,-391],[698,-1076],[-704,-804],[579,-362],[146,-977],[333,-248],[47,908],[244,241]],[[55157,63175],[-231,-514],[-452,-676],[173,-959],[-114,-942],[59,-205],[-3,-1599],[-263,-659],[-44,-845]],[[54282,56776],[-791,-365],[89,-317]],[[51083,48913],[-171,-30],[-984,600],[-292,560],[-113,790],[-1185,1868],[-440,-45]],[[47898,52656],[-161,1330],[-254,948],[9,986],[199,642]],[[47691,56562],[1224,674],[943,227],[261,1200],[-245,402]],[[51892,60486],[190,-130],[61,-702],[154,-132],[-163,-728],[-330,-563],[291,-342],[897,-231],[-13,-402],[301,932],[344,811],[98,946],[-312,303],[-271,576],[105,423],[-16,640],[374,882],[-181,666],[138,565],[-69,387],[853,890],[251,570]],[[54594,65847],[316,-698],[-182,-394],[49,-710],[380,-870]],[[54730,70071],[-24,-494],[129,-486],[-589,-1546],[-465,-577],[220,-490]],[[54001,66478],[-191,-177],[-137,-734],[-490,-356],[-478,-122]],[[47415,66078],[-502,-16],[-197,-300],[-595,438],[-157,474]],[[45964,66674],[-503,636],[-354,103],[-707,710],[311,1165],[335,252],[555,32],[328,195],[444,-144],[191,234],[378,71],[295,278],[372,25],[170,-438],[455,-299],[346,502],[-97,758],[467,372],[224,527],[-83,451],[51,575],[639,212],[324,834],[787,-652],[1368,-801],[1564,-1129],[200,25],[318,-620],[388,-477]],[[54760,44527],[-280,-827],[-192,-926],[-48,-1448],[-176,-678],[-94,-1153],[52,-366],[-107,-2611],[-279,-1174],[17,-751],[200,-460],[922,-1426],[307,-1039]],[[55082,31668],[-493,613],[-734,371],[-316,954],[-636,991],[-186,683],[-4,509],[-473,1078],[311,304],[214,444],[68,1004],[-173,469],[-556,573],[107,434],[-320,533],[104,748],[5,710],[211,390],[-81,409],[72,586],[-101,1660],[99,344],[-67,937],[-200,459],[-214,959]],[[53121,53868],[885,-27],[222,97],[481,-1458]],[[47898,52656],[-453,-197]],[[47445,52459],[-473,1973],[-242,-42],[-117,667],[-351,-106],[-62,645],[92,655],[-104,119]],[[46188,56370],[-21,283]],[[46167,56653],[49,447],[-159,453],[8,577],[-413,468]],[[45652,58598],[432,-100],[208,634],[563,223],[-22,487],[308,954]],[[47141,60796],[473,-5],[557,-944],[78,-368],[-244,-554],[-374,-1350],[182,-583],[-122,-430]],[[47141,60796],[-282,422],[202,400],[-65,415],[-602,117],[-157,406],[70,1396],[634,355]],[[54001,66478],[303,-234],[225,195],[65,-592]],[[57672,63302],[122,-651],[-177,-836],[44,-475],[-246,-1085],[28,-837],[-444,-1163],[54,-2052]],[[57053,56203],[-923,305],[-466,432],[-370,-204],[-1012,40]],[[55157,63175],[394,145],[352,583],[242,179],[320,-524],[314,-33],[924,252],[-31,-475]],[[57581,43432],[-313,-611],[-678,-294],[-95,-334],[-27,-1286],[-141,-622],[387,-606],[-117,-526],[100,-634],[-219,-532],[-67,-598],[215,-747],[-204,-434],[-68,-590],[312,-310],[-112,-793],[563,-915]],[[57117,33600],[-274,-584],[-267,63],[-706,-405],[-560,-38],[-228,-968]],[[57053,56203],[-24,-515]],[[57029,55688],[-25,-718],[119,-1138],[-126,-78]],[[16497,21100],[-64,1072],[326,1328],[306,195],[347,466],[453,1060],[-326,1622],[-432,308]],[[17107,27151],[356,165],[-27,700],[253,406],[544,188],[628,351]],[[21597,30819],[-483,397],[-189,482],[-359,-272],[-274,287],[59,662],[589,572],[-248,406],[-676,-683],[-115,159],[368,573]],[[20269,33402],[1508,1977]],[[21777,35379],[876,-1918],[-381,-1354]],[[19007,42624],[169,-757],[379,-442],[1219,-611],[494,93],[647,-169]],[[21915,40738],[146,-650]],[[22061,40088],[246,-881],[845,-1870]],[[23152,37337],[-915,-897],[148,-260],[-608,-801]],[[20269,33402],[-1526,-129],[-149,141],[-408,-278],[-730,-214]],[[17456,32922],[303,657],[-98,1239],[12,801],[644,1247],[303,818],[-355,605],[-129,939]],[[18136,39228],[210,685],[15,1203],[-494,1740]],[[17867,42856],[748,253]],[[18615,43109],[392,-485]],[[29664,32260],[-213,472],[-50,630],[-301,298],[-769,2068],[6,275],[-306,638],[-216,753],[-387,395],[-24,430],[-519,682],[411,248],[428,479],[166,745],[249,351]],[[26517,40214],[-815,-57],[-260,-120]],[[25442,40037],[-397,748],[-470,32],[-394,-164],[-727,36],[-483,-297],[-366,-420],[-544,116]],[[21915,40738],[-107,1226],[-699,713],[-2102,-53]],[[18615,43109],[466,715],[709,570],[678,1387],[152,88],[-42,712],[172,972],[320,28]],[[17107,27151],[-181,-154],[-334,133],[-53,248],[155,1019],[187,669],[-170,589],[662,1374],[-438,37],[-346,275],[-89,-219],[-213,455],[-488,218],[-246,-739],[-219,-132],[-226,321]],[[15108,31245],[209,159]],[[15317,31404],[329,1122],[304,1366],[-17,280],[453,523],[70,425]],[[16456,35120],[766,-1391],[234,-807]],[[15797,20652],[-640,1486],[-527,707],[-247,889],[-306,60],[-332,-206],[135,960],[-330,514],[33,1182],[-1001,611],[126,298],[267,-97],[280,567],[-276,360],[-12,331]],[[12967,28314],[139,202],[332,1196],[550,280],[416,724],[200,45],[504,484]],[[26557,33281],[133,793],[-337,196],[131,351],[-201,369],[15,324],[-244,609],[-125,757],[-481,900],[-409,510]],[[25039,38090],[-22,327],[208,1308],[217,312]],[[25039,38090],[-616,-622],[-225,293],[-681,-193],[-365,-231]],[[14745,15318],[-392,775],[-205,81],[23,539],[-111,709],[-338,516],[-227,-292],[-283,117],[-617,560],[-269,1987],[-576,697],[-265,679],[-214,-82],[-480,1400],[-291,1265]],[[10500,24269],[463,541],[308,727],[214,1223],[249,240],[230,627],[312,34],[640,634]],[[12916,28295],[51,19]],[[8182,37280],[-526,-155],[-467,-453],[-127,-408],[-337,-402],[-85,-442],[-210,-119],[-451,78],[-367,-117],[-515,343],[-416,-378],[-125,-515],[-392,-346]],[[4164,34366],[-143,66],[-1158,-188],[-241,-219],[-489,908],[-347,-146],[-179,179],[-198,1388],[-238,814],[137,692],[-27,425],[780,1207],[100,635],[298,449]],[[2459,40576],[186,112],[340,-477],[297,183],[266,-186],[234,177],[374,-471],[230,-51],[238,514],[430,497],[-57,281],[817,95],[681,335],[485,-91],[-88,-481],[-572,-911],[730,-332],[131,-474],[457,-470],[62,-339],[482,-1207]],[[11200,52966],[-246,-393],[-29,-336],[320,-1208],[-264,-175],[-42,238],[-344,101],[-623,-334],[-300,1127],[-494,-476],[-289,34],[-118,572],[-336,18],[-4,335],[-257,801],[-821,-1012],[-31,-450],[454,355],[163,-473],[-125,-368],[418,-19],[309,-563],[630,-611],[374,8],[145,-335],[357,-185],[-227,-463]],[[9820,49154],[-842,346],[-215,335],[-650,350],[-277,-306],[58,-262],[-410,-211],[-785,908],[-136,-165],[-440,187],[-368,-473],[-527,-104],[-304,559]],[[4924,50318],[319,876],[-53,997],[321,747],[-49,538],[-281,807]],[[5181,54283],[905,-282],[698,658]],[[6784,54659],[61,-548],[-218,-455],[-252,-1497],[-205,-263],[613,-86],[89,548],[280,711],[64,698],[-74,688],[250,235],[-254,446]],[[7138,55136],[473,142],[442,-114],[550,623],[-112,365],[256,204],[-532,1561]],[[8215,57917],[1247,626]],[[9462,58543],[-10,-990],[338,-2463],[694,-704],[574,-867],[142,-553]],[[8743,55016],[-158,452],[-388,-364],[113,-602],[433,514]],[[4137,42838],[-312,-476],[-240,-12],[-499,-339],[-289,758],[-657,-301]],[[2140,42468],[-200,838],[382,1352],[190,156],[192,598],[296,451],[-54,817]],[[2946,46680],[758,36],[-120,-373],[320,-388],[-76,-399],[-568,-1144],[458,-705],[126,24],[293,-893]],[[11200,52966],[123,-1142],[169,-519],[734,-1203]],[[12226,50102],[-270,-457],[51,-558],[-182,-218],[-55,-538],[268,-67],[-237,-644],[127,-413],[-383,-460],[157,-733],[-558,-669],[-479,-1519]],[[10665,43826],[-505,-261]],[[10160,43565],[-448,524],[79,538],[-74,384],[122,397],[-126,565],[113,321],[-13,735],[-295,529],[211,519],[-70,248],[324,502],[-163,327]],[[6784,54659],[354,477]],[[6520,62529],[-1165,-844],[-479,221],[-1215,1],[-667,845]],[[2994,62752],[261,264],[172,451],[439,113],[102,1067],[187,687],[-51,256],[404,666],[49,353]],[[4557,66609],[473,-381],[188,376],[-42,734]],[[5176,67338],[952,-1607],[429,-470],[177,-406],[77,-1147],[-291,-1179]],[[2994,62752],[-438,324],[-138,-463],[196,-515],[-756,125],[-328,-577],[-570,-98],[-356,166],[-356,-282]],[[248,61432],[-248,996],[70,751],[537,665],[643,85],[841,1589],[-15,419],[-240,480],[199,898]],[[2035,67315],[645,-412],[492,-458],[578,-50],[807,214]],[[10160,43565],[-41,-761]],[[10119,42804],[-163,103],[-520,835],[-1463,1467],[-767,-8],[-378,-185],[-610,-15],[-659,152],[-353,-132],[-603,-670],[-339,-1333],[-127,-180]],[[2946,46680],[33,278],[539,260],[381,811],[182,957],[676,467],[201,331],[-34,534]],[[10119,42804],[-182,-607],[441,-1874],[19,-820]],[[10397,39503],[-169,-78]],[[10228,39425],[-738,-505],[-647,-1111],[-661,-529]],[[2459,40576],[-319,1892]],[[5181,54283],[-275,246],[-414,-303],[-213,542],[-216,96],[-322,596],[-222,6],[-136,370],[106,411],[-305,738],[-320,430]],[[2864,57415],[630,336],[881,197],[333,377],[394,-69],[330,181],[1036,-298],[704,563],[559,-499],[331,248],[153,-534]],[[6520,62529],[59,-367],[291,-393],[385,-1003],[222,-337],[351,-98],[760,120],[650,-989],[224,-919]],[[2864,57415],[-217,74],[-528,594],[-394,-10],[-142,750],[78,310],[-136,478],[-707,16],[-3,441],[-295,1001],[-272,363]],[[77380,59126],[-321,249],[-206,625],[-453,707],[-685,1320],[-88,635],[-396,544],[753,718],[83,173]],[[76067,64097],[121,8],[372,-827],[147,-833],[680,-687],[244,-591],[153,-909],[-306,-182],[100,-448],[-198,-502]],[[72144,64875],[333,207],[-40,-1016],[341,90],[-112,-374],[34,-874],[155,-356],[65,-804],[331,-624],[311,-284]],[[84024,56253],[-387,-490],[-253,158],[-461,-288],[-449,-460],[-230,34],[-788,-212],[-269,88],[-514,553],[-417,101]],[[76067,64097],[-177,481]],[[75890,64578],[269,45],[560,498],[298,560],[141,522],[240,-27],[251,-476],[534,513]],[[75411,64188],[-660,-711],[-1012,-1953],[-117,-446]],[[75179,69592],[605,-1184],[-349,-371],[79,-239],[-274,-911],[0,-771],[-303,-888],[474,-1040]],[[64989,57736],[-175,-474],[-856,-315],[-193,74],[-983,-639]],[[62782,56382],[-494,460],[-456,87],[29,266],[-334,50],[-122,997],[556,880],[221,118],[799,1179],[-41,423],[337,787],[147,690],[150,80]],[[63574,62399],[626,-885],[276,-847],[472,-338]],[[65763,70453],[-303,-70],[-456,-678],[-1141,-779],[-23,-195],[-570,-634],[-156,-504],[95,-365]],[[63209,67228],[-901,-536],[-281,209]],[[62027,66901],[-476,408],[-1734,2557],[-144,586],[102,590],[-662,533],[-322,503],[-49,345],[-324,661]],[[58418,73084],[595,439],[113,423],[446,683],[317,239],[254,494],[1558,1066],[195,466],[934,956],[1946,81],[599,345],[236,270],[261,-131],[923,566],[244,539],[467,67],[15,432],[541,389]],[[62416,53819],[-216,-490],[298,-779],[424,-281],[177,-403]],[[63099,51866],[114,-478],[-699,-660],[-57,-225],[-420,-156],[-52,-286],[-305,-223],[-92,-330],[-625,-946],[-525,110],[-622,-337]],[[59816,48335],[79,859],[254,564],[81,1125],[438,1467],[166,138],[-151,484],[-146,1325],[-196,329],[-60,821]],[[60281,55447],[49,242],[737,-349],[-145,-582],[377,-467],[412,-61],[-29,-221],[734,-190]],[[59816,55162],[114,-737],[-154,-542],[-244,-236],[-500,-1269],[-399,-525],[-519,-1226],[-963,-731]],[[57029,55688],[753,176],[814,-197],[818,-513],[402,8]],[[59880,64412],[-83,-984],[-246,-349]],[[59551,63079],[-307,392],[-336,157],[-838,-289],[-398,-37]],[[54730,70071],[208,-261],[404,116],[276,588],[224,223],[436,70],[290,281]],[[56568,71088],[267,-748],[405,-696],[-32,-531],[-325,-473],[265,-56],[772,-750],[270,-495],[-314,-349],[-141,-510],[17,-466],[325,-198],[-25,-533],[291,-692],[469,372],[274,33],[794,-584]],[[60426,65197],[-399,-159],[-147,-626]],[[56568,71088],[454,541]],[[57022,71629],[595,-584],[379,-726],[264,-251],[161,-877],[185,-157],[401,-978],[252,-115],[59,-483],[287,-911],[460,-768],[297,-31],[64,-551]],[[60909,65373],[224,-612],[-105,-191],[315,-874],[-184,-1450],[45,-725],[-683,-2046],[-189,-160],[56,-416],[-352,-832],[-247,-1755],[74,-647]],[[59863,55665],[-47,-503]],[[57053,56203],[347,0],[104,409],[365,66],[804,-215],[-150,518],[-34,613],[303,745],[403,677],[178,551],[-76,1025],[169,1379],[-79,444],[164,664]],[[60426,65197],[483,176]],[[62782,56382],[-112,-568]],[[62670,55814],[-301,-1397],[-308,81],[14,-302],[341,-377]],[[60281,55447],[-62,267],[-356,-49]],[[60909,65373],[196,537],[466,330],[456,661]],[[63209,67228],[169,-480],[256,-299],[94,-1735],[-368,-1900],[214,-415]],[[59816,48335],[119,-1004]],[[59935,47331],[-344,-163],[-78,-1291],[-230,-301],[-661,-214],[-533,324]],[[57022,71629],[607,560],[789,895]],[[75411,64188],[479,390]],[[18136,39228],[-538,340],[-317,60],[-293,-610],[-11,-302],[-686,-417],[-480,-43],[-11,-340],[-254,-123]],[[15546,37793],[-333,1294],[-108,741],[30,454],[243,422]],[[15378,40704],[6,569]],[[15384,41273],[720,457],[817,692],[274,420],[424,199],[248,-185]],[[16456,35120],[-870,1234],[18,1041]],[[15604,37395],[-58,398]],[[15604,37395],[-534,-342],[-1153,-47]],[[13917,37006],[-1654,-471],[92,-353],[-31,-705],[-185,-376],[294,-866],[-238,-168],[-508,-1109],[-606,-34],[-154,-150],[-688,442],[-541,47],[-663,442],[-405,-10],[-1075,-332]],[[7555,33363],[-529,166],[-476,-308],[-355,360],[-429,-97],[-1026,193],[-484,303],[-92,386]],[[10228,39425],[22,-194],[822,-417],[880,-37],[808,844],[52,328],[740,474],[274,21],[262,441],[1086,9],[204,-190]],[[10500,24269],[-394,-97],[-458,615],[104,1120],[-224,247],[-276,-321],[-274,71],[-317,-697],[-674,-1170],[-711,-226],[-237,-707],[-448,253],[-430,405],[-177,547],[27,442],[453,1746],[623,557]],[[7087,27054],[462,-413],[249,373],[485,415],[58,293],[395,-416],[339,563],[734,232],[276,258],[354,-63],[452,-314],[300,42],[137,272],[-90,481],[515,698],[-397,638],[333,110],[207,296],[540,-540],[372,-182],[189,-441],[-81,-1061]],[[13633,46173],[-201,-212]],[[13432,45961],[-572,54],[-509,-578],[-123,202],[-584,21],[-979,-1834]],[[12226,50102],[450,-630],[125,-915],[420,-1167],[362,-659],[50,-558]],[[10397,39503],[588,-42],[-132,265],[284,596],[520,385],[224,603],[498,298],[137,316],[33,1173],[471,476],[264,1363],[332,548],[-184,477]],[[13633,46173],[76,-450],[265,-142],[126,-1370],[117,-619],[564,-742],[603,-1577]],[[7087,27054],[-181,602],[200,802],[-517,1278],[211,317],[512,1319],[-120,594],[363,1397]],[[13917,37006],[253,-741],[866,-806],[-209,-419],[57,-424],[316,8],[480,-819],[-341,-1120],[-151,11],[-324,-624],[453,-668]],[[45925,50990],[360,-733],[258,-227],[-93,-402],[142,-447],[-156,-330],[30,-941],[-90,-665],[-299,-545],[-1101,-1403],[-460,-354]],[[44516,44943],[-823,704],[-195,382],[-193,1592],[-443,1556],[-626,716],[-254,-112],[-444,613]],[[41538,50394],[812,659],[885,372],[1163,1141]],[[44398,52566],[330,-663],[376,101],[272,-596],[549,-418]],[[42630,52864],[-131,-175],[-1409,-762],[53,263]],[[41143,52190],[122,1030],[-501,-128],[-456,2000],[404,53],[147,705],[-54,780],[296,113]],[[41101,56743],[142,-756],[535,-1250],[370,-1396],[482,-477]],[[46049,52932],[-456,-485],[-159,-501],[55,-489],[436,-467]],[[44398,52566],[633,674],[618,304],[400,-612]],[[44516,44943],[40,-577]],[[38352,47765],[-184,395]],[[38168,48160],[413,566]],[[38581,48726],[388,117],[550,650],[2019,901]],[[41953,64380],[-159,-192],[-220,-1007],[618,-1106],[-350,-764]],[[41842,61311],[-708,-1348],[27,-104],[-566,-616],[-134,-292],[11,-667],[-256,-577],[285,-646],[-418,-418],[-45,-603],[-357,-182],[-144,-1465],[113,-532],[-629,-604],[-220,-568],[-129,-677],[40,-658],[-207,-609]],[[38505,50745],[20,1099],[-291,-196]],[[40503,65072],[98,223],[362,28],[215,683],[336,204],[242,-468],[197,-1362]],[[41637,57912],[-521,112],[-107,-136],[92,-1145]],[[41143,52190],[-352,-245],[-90,-324],[-310,4],[-963,-910]],[[39428,50715],[-475,-368],[-448,398]],[[41842,61311],[35,-474],[-443,-910],[264,-300],[36,-520],[382,-609],[-412,-214],[-67,-372]],[[46167,56653],[-172,-245],[-553,-353],[-320,935]],[[45122,56990],[-297,282],[-37,760]],[[44788,58032],[550,-47],[314,613]],[[44788,58032],[-464,-27],[220,-196],[-5,-753],[-1096,-1113]],[[43443,55943],[178,1510],[-97,496],[34,625],[-275,488],[-90,837],[38,566],[-387,1041],[67,869],[259,1243],[-489,657]],[[42681,64275],[174,68],[290,679],[1114,-170],[712,372],[132,797],[861,653]],[[41637,57912],[149,-326],[-155,-244],[205,-942],[1481,-2813]],[[43317,53587],[-687,-723]],[[43443,55943],[355,-1299]],[[43798,54644],[-58,-697],[-306,-428],[-117,68]],[[41953,64380],[446,151],[282,-256]],[[39428,50715],[207,-484],[-1054,-1505]],[[38168,48160],[26,185],[-372,1394]],[[47445,52459],[-702,-346],[-304,161],[-390,658]],[[43798,54644],[100,307],[360,377],[308,100]],[[44566,55428],[452,-116],[599,153],[321,638],[250,267]],[[45122,56990],[-124,-410],[-471,-702],[39,-450]],[[55082,31668],[37,-419],[247,-750],[-555,-1281],[-372,-1687],[-572,-939],[-26,-655]],[[53841,25937],[-307,-753],[-10,-473],[-413,-494],[-78,-314],[106,-853],[-818,-608],[-263,16],[-426,-252],[-146,-323],[-308,-83],[-250,-301],[-309,32],[-231,-328],[-634,1007],[-489,-133]],[[36350,51293],[-146,99],[-559,-196],[-20,226],[-474,-556]],[[35151,50866],[-60,912],[-130,780],[-532,599],[-473,1785],[28,721],[258,913],[157,1338],[-136,311],[73,671],[-3,966],[140,706]],[[36917,49428],[-189,-134],[-696,-105],[-216,-337],[-427,-315],[-630,-191],[-16,335]],[[34743,48681],[242,1162],[213,521],[-47,502]],[[34743,48681],[-286,-77],[-387,-503],[19,-184],[-510,-393],[-569,-252],[-319,269],[-632,-114],[-350,-428]],[[25186,57099],[1224,2060],[711,-335],[597,157],[557,345],[515,961],[-113,777],[99,516],[27,1227],[1655,1122],[252,-173],[244,111],[664,1066],[141,-603],[-57,-874],[-198,-656],[90,-306],[-113,-475],[423,-1017],[511,57],[787,283],[608,518],[334,-62],[324,388]],[[33650,42435],[-191,1086]],[[64900,56125],[-117,-317]],[[64783,55808],[-1065,63],[-653,-159],[-395,102]],[[68617,42823],[765,-42],[245,-491],[516,-42],[118,-218],[406,-58],[989,-873]],[[71740,40320],[-718,329],[-517,-40],[-1136,-859],[-323,297],[-411,25],[-232,-264],[-552,47],[-276,-308],[-158,-434],[-464,-194],[615,-984],[-386,-112],[-300,-430],[-1074,-471],[-387,-653],[29,-346],[-462,-1166]],[[64988,34757],[-321,478],[17,293],[-284,489],[-172,607],[-287,109],[-220,599],[46,1085],[109,271],[-152,533],[57,350]],[[63781,39571],[190,469],[-13,364],[396,449],[78,678],[154,304],[-7,2025]],[[64579,43860],[287,12],[44,656],[210,428]],[[65120,44956],[661,-1080],[492,-152],[282,-466],[549,-184],[249,-513],[836,-34],[428,296]],[[62789,45118],[-172,-349],[-807,-1077]],[[61810,43692],[-265,350],[-364,127],[-340,443],[-1106,-214],[82,-853],[-1135,-423],[-384,29],[-679,408]],[[59935,47331],[500,-334],[132,-423],[426,-80],[390,-415],[495,545],[529,-711],[382,-795]],[[63781,39571],[-756,300],[-652,573],[-243,594],[-276,70],[31,488],[-405,470],[111,429],[-307,277],[526,920]],[[62789,45118],[268,379]],[[63057,45497],[822,-706],[427,-756],[273,-175]],[[66826,55378],[-224,-259],[-614,-73],[-909,675],[-296,87]],[[64039,31471],[200,-565],[-147,-824],[-351,-481],[31,-826],[-134,-531]],[[63638,28244],[-510,-214],[-426,-468],[-543,-56],[-1,-262],[-601,-277],[-496,26],[-417,705],[-439,574],[-442,-186],[-773,346],[-55,-584],[-385,110],[-866,-165],[-633,-485],[-815,-41],[-448,-327],[-459,-784],[-858,67],[-630,-286]],[[57117,33600],[365,-127],[727,-674],[247,-1],[627,409],[436,-181],[-188,-587],[717,-28],[509,-525],[470,148],[715,518],[410,-85],[572,86],[396,254],[322,-896],[341,-125],[256,-315]],[[74011,30444],[-31,-742],[-248,-678],[-24,-1012],[-393,-853],[-46,-655],[154,-366],[-28,-442],[239,-858],[216,-1153],[208,-380],[-590,-424],[-773,-1198],[332,-806],[-377,-718],[130,-439],[-57,-435],[-660,20],[-78,-498],[-336,-777],[-7,-292],[-290,-455],[-689,409],[-1113,-420],[-517,191],[-470,-16],[-474,-167],[-384,158],[-443,-188],[-610,133]],[[66652,17383],[-157,522],[-69,1450],[-501,64],[-283,226],[-468,1037]],[[65174,20682],[109,278],[26,1442],[228,291],[291,870]],[[65828,23563],[116,632],[367,447],[309,826],[201,281],[602,-42],[460,1335],[64,526],[363,790],[465,633],[-331,849],[16,398],[336,368],[-397,885]],[[68399,31491],[1933,375],[428,263],[315,582],[562,407],[182,258],[868,440]],[[72200,38892],[-273,-408],[-475,-31],[-422,-229],[-759,-1348],[-263,-70],[-1309,-895],[-432,36],[-277,-862],[152,-562],[-128,-33],[164,-1118]],[[68178,33372],[-659,-187],[-839,-507],[-407,535],[-551,367],[-350,-402],[-440,-244]],[[64932,32934],[55,323],[-85,825],[86,675]],[[68178,33372],[241,-1131],[-20,-750]],[[65828,23563],[-444,83],[-268,311],[-463,185],[-14,487],[-215,161],[-386,867],[30,761],[133,538],[-401,645],[-162,643]],[[64039,31471],[139,366],[592,738],[162,359]],[[67096,47236],[76,-522],[-249,-72],[-333,549],[-337,200],[-143,-456],[-573,-37],[-297,291],[-663,332],[-63,-788],[278,-669],[328,-1108]],[[63057,45497],[465,513],[-226,224],[604,599],[370,771],[-164,682],[-46,1180],[-130,696]],[[63930,50162],[410,-98],[512,132]],[[64852,50196],[-92,-628],[364,-57],[240,-817],[717,-125],[44,-373],[536,-314],[211,-626],[224,-20]],[[67096,47236],[234,-331],[224,0],[209,-378],[685,-577],[93,-446],[-352,-720],[214,-412],[-99,-1170],[313,-379]],[[65174,20682],[-789,-574],[-356,-133],[-451,47],[-187,-202],[-868,207],[-623,726],[-537,66],[-299,299],[-165,475],[-386,589],[-63,951],[-530,665],[-846,-431],[-607,570],[-517,91],[-402,217],[-486,561],[-455,-247],[-390,128],[-240,-231],[-244,100],[-679,837],[-180,37],[-230,-341],[-357,-138],[-242,320],[-204,666]],[[63099,51866],[556,-827],[141,-801],[134,-76]],[[67921,53338],[-961,-405],[-606,502],[-161,433],[-89,-390],[-556,-325],[-284,189],[-298,-139],[55,-728],[-66,-619]],[[64955,51856],[-201,1214],[-184,608],[-261,-117],[-1013,125],[-338,-114],[-67,210],[-475,37]],[[64852,50196],[-18,991],[121,669]],[[66652,17383],[-289,-1031],[-183,-97],[-321,-730],[-73,-461],[-931,-664],[183,-1199],[-332,-759],[129,-456],[-26,-585],[-376,-228],[-144,-1372],[509,-1204],[-233,-805],[-394,-119],[-160,-383],[-337,540],[-464,-66],[-531,210],[-246,-38],[-255,362],[-762,271],[-545,-483],[-333,-540],[-279,-169],[-344,385],[-106,487],[-280,395],[-580,330],[-454,865],[-1072,338],[-175,156],[-106,-638],[-195,-486],[-395,-455],[-87,-575],[-854,-24],[-442,642],[-51,483],[-242,257],[138,1690],[-782,860],[-434,10],[-441,259],[-207,487],[-71,537],[-509,1111],[-627,342],[-1067,-829],[-1138,285],[-576,-373],[-958,246],[-390,-54],[-343,522],[12,648],[-146,655],[-203,247]],[[2035,67315],[930,4160],[204,-284],[1957,-3679],[50,-174]]],"transform":{"scale":[0.000017077299727336642,0.000007952938059768725],"translate":[6.7704474273010495,45.858721277835855]}}