{"type":"Topology","objects":{"municipalities":{"type":"GeometryCollection","geometries":[{"type":"Polygon","id":6002,"properties":{"id":6002,"name":"Brig-Glis"},"arcs":[[0,1,2,3,4,5,6]]},{"type":"Polygon","id":6004,"properties":{"id":6004,"name":"Eggerberg"},"arcs":[[7,8,9,10,11]]},{"type":"Polygon","id":6007,"properties":{"id":6007,"name":"Naters"},"arcs":[[12,13,14,15,-6,16,-12,17,18,19]]},{"type":"Polygon","id":6008,"properties":{"id":6008,"name":"Ried-Brig"},"arcs":[[20,21,22,23,-1,24]]},{"type":"Polygon","id":6009,"properties":{"id":6009,"name":"Simplon"},"arcs":[[25,26,27,28,29,30,-2,-24]]},{"type":"Polygon","id":6010,"properties":{"id":6010,"name":"Termen"},"arcs":[[31,-25,-7,-16,32,33,34]]},{"type":"Polygon","id":6011,"properties":{"id":6011,"name":"Zwischbergen"},"arcs":[[35,-26,-23,36]]},{"type":"Polygon","id":6021,"properties":{"id":6021,"name":"Ardon"},"arcs":[[37,38,39,40]]},{"type":"Polygon","id":6022,"properties":{"id":6022,"name":"Chamoson"},"arcs":[[-39,41,42,43,44,45]]},{"type":"Polygon","id":6023,"properties":{"id":6023,"name":"Conthey"},"arcs":[[46,47,48,-40,-46,49,50]]},{"type":"Polygon","id":6024,"properties":{"id":6024,"name":"Nendaz"},"arcs":[[51,52,53,54,55,56,57,58,-42,-38,59,-48,60]]},{"type":"Polygon","id":6025,"properties":{"id":6025,"name":"Vétroz"},"arcs":[[-60,-41,-49]]},{"type":"Polygon","id":6031,"properties":{"id":6031,"name":"Bagnes"},"arcs":[[-56,61,62,63,64,65,66,67,68,69,70]]},{"type":"Polygon","id":6032,"properties":{"id":6032,"name":"Bourg-Saint-Pierre"},"arcs":[[-65,71,72,73],[74]]},{"type":"MultiPolygon","id":6033,"properties":{"id":6033,"name":"Liddes"},"arcs":[[[-75]],[[-66,-74,75]]]},{"type":"Polygon","id":6034,"properties":{"id":6034,"name":"Orsières"},"arcs":[[76,-67,-76,-73,77,78,79,80]]},{"type":"Polygon","id":6035,"properties":{"id":6035,"name":"Sembrancher"},"arcs":[[-68,-77,81,82]]},{"type":"Polygon","id":6036,"properties":{"id":6036,"name":"Vollèges"},"arcs":[[-69,-83,83,84,85,86]]},{"type":"Polygon","id":6052,"properties":{"id":6052,"name":"Bellwald"},"arcs":[[87,88,89,90,91,92]]},{"type":"Polygon","id":6054,"properties":{"id":6054,"name":"Binn"},"arcs":[[93,94,95,96]]},{"type":"Polygon","id":6055,"properties":{"id":6055,"name":"Blitzingen"},"arcs":[[97,98,-88,99]]},{"type":"Polygon","id":6056,"properties":{"id":6056,"name":"Ernen"},"arcs":[[-98,100,101,-96,102,103,104,-90,105]]},{"type":"Polygon","id":6057,"properties":{"id":6057,"name":"Fiesch"},"arcs":[[-91,-105,106,107,108]]},{"type":"Polygon","id":6058,"properties":{"id":6058,"name":"Fieschertal"},"arcs":[[109,110,111,-92,-109,112,-20,113,114]]},{"type":"Polygon","id":6061,"properties":{"id":6061,"name":"Lax"},"arcs":[[-104,115,116,-107]]},{"type":"Polygon","id":6064,"properties":{"id":6064,"name":"Niederwald"},"arcs":[[-106,-89,-99]]},{"type":"Polygon","id":6073,"properties":{"id":6073,"name":"Grafschaft"},"arcs":[[117,118,-101,-100,-93,-112,119]]},{"type":"Polygon","id":6074,"properties":{"id":6074,"name":"Münster-Geschinen"},"arcs":[[120,-110,121,122]]},{"type":"Polygon","id":6075,"properties":{"id":6075,"name":"Reckingen-Gluringen"},"arcs":[[123,124,-97,-102,-119,125,-120,-111,-121]]},{"type":"Polygon","id":6076,"properties":{"id":6076,"name":"Obergoms"},"arcs":[[-124,-123,126]]},{"type":"Polygon","id":6081,"properties":{"id":6081,"name":"Les Agettes"},"arcs":[[-53,127,128,129]]},{"type":"Polygon","id":6082,"properties":{"id":6082,"name":"Ayent"},"arcs":[[130,131,132,133,134,135,136]]},{"type":"Polygon","id":6083,"properties":{"id":6083,"name":"Evolène"},"arcs":[[137,138,139,-63,140,141]]},{"type":"Polygon","id":6084,"properties":{"id":6084,"name":"Hérémence"},"arcs":[[142,-141,-62,-55,143]]},{"type":"Polygon","id":6087,"properties":{"id":6087,"name":"Saint-Martin (VS)"},"arcs":[[144,-142,-143,145,146]]},{"type":"Polygon","id":6089,"properties":{"id":6089,"name":"Vex"},"arcs":[[147,-146,-144,-54,-130,148]]},{"type":"Polygon","id":6090,"properties":{"id":6090,"name":"Mont-Noble"},"arcs":[[149,-147,-148,150,151]]},{"type":"Polygon","id":6101,"properties":{"id":6101,"name":"Agarn"},"arcs":[[152,153,154,155]]},{"type":"Polygon","id":6102,"properties":{"id":6102,"name":"Albinen"},"arcs":[[156,157,158,159]]},{"type":"Polygon","id":6104,"properties":{"id":6104,"name":"Ergisch"},"arcs":[[160,161,162,163,164,165,166]]},{"type":"Polygon","id":6109,"properties":{"id":6109,"name":"Inden"},"arcs":[[-159,167,168,169,170]]},{"type":"Polygon","id":6110,"properties":{"id":6110,"name":"Leuk"},"arcs":[[171,172,-155,173,174,175,-168,-158,176,177]]},{"type":"Polygon","id":6111,"properties":{"id":6111,"name":"Leukerbad"},"arcs":[[178,179,-160,-171,180,181]]},{"type":"Polygon","id":6112,"properties":{"id":6112,"name":"Oberems"},"arcs":[[-166,182,183,-153,184]]},{"type":"Polygon","id":6113,"properties":{"id":6113,"name":"Salgesch"},"arcs":[[-175,185,186,187,188,189,190]]},{"type":"Polygon","id":6116,"properties":{"id":6116,"name":"Varen"},"arcs":[[-176,-191,191,-169]]},{"type":"Polygon","id":6117,"properties":{"id":6117,"name":"Guttet-Feschel"},"arcs":[[-177,-157,-180,192]]},{"type":"Polygon","id":6118,"properties":{"id":6118,"name":"Gampel-Bratsch"},"arcs":[[193,194,-172,195]]},{"type":"MultiPolygon","id":6119,"properties":{"id":6119,"name":"Turtmann-Unterems"},"arcs":[[[196,197,-183,-165]],[[198,199,-167,-185,-156,-173,-195]]]},{"type":"Polygon","id":6131,"properties":{"id":6131,"name":"Bovernier"},"arcs":[[-84,-82,-81,200,201]]},{"type":"Polygon","id":6132,"properties":{"id":6132,"name":"Charrat"},"arcs":[[-86,202,203,204]]},{"type":"Polygon","id":6133,"properties":{"id":6133,"name":"Fully"},"arcs":[[205,206,207,208,-204,209,210,211,212,213]]},{"type":"Polygon","id":6134,"properties":{"id":6134,"name":"Isérables"},"arcs":[[214,-58]]},{"type":"Polygon","id":6135,"properties":{"id":6135,"name":"Leytron"},"arcs":[[-44,215,216,-207,217,-214,218]]},{"type":"Polygon","id":6136,"properties":{"id":6136,"name":"Martigny"},"arcs":[[-210,-203,-85,-202,219,220,221,222]]},{"type":"Polygon","id":6137,"properties":{"id":6137,"name":"Martigny-Combe"},"arcs":[[-201,-80,223,224,-220]]},{"type":"Polygon","id":6139,"properties":{"id":6139,"name":"Riddes"},"arcs":[[-215,-57,-71,225,226,-216,-43,-59]]},{"type":"MultiPolygon","id":6140,"properties":{"id":6140,"name":"Saillon"},"arcs":[[[-227,227,-208,-217]],[[-206,-218]]]},{"type":"Polygon","id":6141,"properties":{"id":6141,"name":"Saxon"},"arcs":[[-70,-87,-205,-209,-228,-226]]},{"type":"Polygon","id":6142,"properties":{"id":6142,"name":"Trient"},"arcs":[[-79,228,229,230,-224]]},{"type":"Polygon","id":6151,"properties":{"id":6151,"name":"Champéry"},"arcs":[[231,232,233]]},{"type":"Polygon","id":6152,"properties":{"id":6152,"name":"Collombey-Muraz"},"arcs":[[234,235,236,237,238,239,240,241],[242]]},{"type":"MultiPolygon","id":6153,"properties":{"id":6153,"name":"Monthey"},"arcs":[[[243,244,245]],[[246,247,248,249,-235]],[[250,-239]],[[-243]]]},{"type":"Polygon","id":6154,"properties":{"id":6154,"name":"Port-Valais"},"arcs":[[251,252,253,254]]},{"type":"Polygon","id":6155,"properties":{"id":6155,"name":"Saint-Gingolph"},"arcs":[[-253,255,256,257]]},{"type":"Polygon","id":6156,"properties":{"id":6156,"name":"Troistorrents"},"arcs":[[-250,258,259,-246,260,-236]]},{"type":"Polygon","id":6157,"properties":{"id":6157,"name":"Val-d'Illiez"},"arcs":[[261,262,263,-234,264,-244,-260]]},{"type":"Polygon","id":6158,"properties":{"id":6158,"name":"Vionnaz"},"arcs":[[-240,-251,-238,265,266]]},{"type":"Polygon","id":6159,"properties":{"id":6159,"name":"Vouvry"},"arcs":[[-252,267,-241,-267,268,-256]]},{"type":"Polygon","id":6172,"properties":{"id":6172,"name":"Bister"},"arcs":[[269,270]]},{"type":"Polygon","id":6173,"properties":{"id":6173,"name":"Bitsch"},"arcs":[[-33,-15,271]]},{"type":"Polygon","id":6177,"properties":{"id":6177,"name":"Grengiols"},"arcs":[[-103,-95,272,-21,-32,-271,273,274,-116]]},{"type":"Polygon","id":6181,"properties":{"id":6181,"name":"Riederalp"},"arcs":[[275,-34,-272,-14,276]]},{"type":"Polygon","id":6191,"properties":{"id":6191,"name":"Ausserberg"},"arcs":[[-10,277,278,279]]},{"type":"Polygon","id":6192,"properties":{"id":6192,"name":"Blatten"},"arcs":[[-19,280,281,282,283,-114]]},{"type":"Polygon","id":6193,"properties":{"id":6193,"name":"Bürchen"},"arcs":[[284,285,286,287]]},{"type":"Polygon","id":6194,"properties":{"id":6194,"name":"Eischoll"},"arcs":[[288,-161,-200,289]]},{"type":"Polygon","id":6195,"properties":{"id":6195,"name":"Ferden"},"arcs":[[290,291,-196,-178,-193,-179,292,293]]},{"type":"Polygon","id":6197,"properties":{"id":6197,"name":"Kippel"},"arcs":[[294,-294,295,296]]},{"type":"Polygon","id":6198,"properties":{"id":6198,"name":"Niedergesteln"},"arcs":[[297,298,-290,-199,299,-291,-295,300]]},{"type":"Polygon","id":6199,"properties":{"id":6199,"name":"Raron"},"arcs":[[-279,301,302,-288,303,-298,304,-282,305]]},{"type":"Polygon","id":6201,"properties":{"id":6201,"name":"Unterbäch"},"arcs":[[-287,306,307,-162,-289,-299,-304]]},{"type":"Polygon","id":6202,"properties":{"id":6202,"name":"Wiler (Lötschen)"},"arcs":[[-305,-301,-297,308,-283]]},{"type":"Polygon","id":6203,"properties":{"id":6203,"name":"Mörel-Filet"},"arcs":[[-270,-35,-276,309,-274]]},{"type":"Polygon","id":6204,"properties":{"id":6204,"name":"Steg-Hohtenn"},"arcs":[[-300,-194,-292]]},{"type":"Polygon","id":6205,"properties":{"id":6205,"name":"Bettmeralp"},"arcs":[[-108,-117,-275,-310,-277,-13,-113]]},{"type":"Polygon","id":6211,"properties":{"id":6211,"name":"Collonges"},"arcs":[[-212,310,311,312,313]]},{"type":"Polygon","id":6212,"properties":{"id":6212,"name":"Dorénaz"},"arcs":[[-211,-223,314,315,-311]]},{"type":"Polygon","id":6213,"properties":{"id":6213,"name":"Evionnaz"},"arcs":[[-312,-316,316,317,318,-232,-264,319]]},{"type":"Polygon","id":6214,"properties":{"id":6214,"name":"Finhaut"},"arcs":[[-230,320,321]]},{"type":"Polygon","id":6215,"properties":{"id":6215,"name":"Massongex"},"arcs":[[322,323,-248,324]]},{"type":"Polygon","id":6217,"properties":{"id":6217,"name":"Saint-Maurice"},"arcs":[[-313,-320,-263,325,-323,326]]},{"type":"Polygon","id":6218,"properties":{"id":6218,"name":"Salvan"},"arcs":[[-221,-225,-231,-322,327,-318,328]]},{"type":"Polygon","id":6219,"properties":{"id":6219,"name":"Vernayaz"},"arcs":[[-222,-329,-317,-315]]},{"type":"Polygon","id":6220,"properties":{"id":6220,"name":"Vérossaz"},"arcs":[[-326,-262,-259,-249,-324]]},{"type":"Polygon","id":6232,"properties":{"id":6232,"name":"Chalais"},"arcs":[[329,330,331,332]]},{"type":"Polygon","id":6234,"properties":{"id":6234,"name":"Chermignon"},"arcs":[[333,334,335]]},{"type":"Polygon","id":6235,"properties":{"id":6235,"name":"Chippis"},"arcs":[[336,-333,337]]},{"type":"Polygon","id":6238,"properties":{"id":6238,"name":"Grône"},"arcs":[[338,-152,339,340,341,-331]]},{"type":"Polygon","id":6239,"properties":{"id":6239,"name":"Icogne"},"arcs":[[342,343,344,-131,345]]},{"type":"Polygon","id":6240,"properties":{"id":6240,"name":"Lens"},"arcs":[[346,-335,347,348,-344,349]]},{"type":"Polygon","id":6241,"properties":{"id":6241,"name":"Miège"},"arcs":[[350,351,352,-189]]},{"type":"Polygon","id":6242,"properties":{"id":6242,"name":"Mollens (VS)"},"arcs":[[-170,-192,-190,-353,353,354,355,-181]]},{"type":"Polygon","id":6243,"properties":{"id":6243,"name":"Montana"},"arcs":[[356,357,-336,-347]]},{"type":"Polygon","id":6244,"properties":{"id":6244,"name":"Randogne"},"arcs":[[-355,358,359,-357,-350,-343,360]]},{"type":"Polygon","id":6246,"properties":{"id":6246,"name":"Saint-Léonard"},"arcs":[[-349,361,-341,362,-132,-345]]},{"type":"Polygon","id":6248,"properties":{"id":6248,"name":"Sierre"},"arcs":[[363,-338,-332,-342,-362,-348,-334,-358,-360,364,365,-187]]},{"type":"Polygon","id":6249,"properties":{"id":6249,"name":"Venthône"},"arcs":[[366,-365,-359,-354,-352]]},{"type":"Polygon","id":6250,"properties":{"id":6250,"name":"Veyras"},"arcs":[[-188,-366,-367,-351]]},{"type":"Polygon","id":6252,"properties":{"id":6252,"name":"Anniviers"},"arcs":[[-186,-174,-154,-184,367,368,-138,-145,-150,-339,-330,-337,-364]]},{"type":"Polygon","id":6261,"properties":{"id":6261,"name":"Arbaz"},"arcs":[[369,370,-135]]},{"type":"Polygon","id":6263,"properties":{"id":6263,"name":"Grimisuat"},"arcs":[[-134,371,372,-370]]},{"type":"Polygon","id":6265,"properties":{"id":6265,"name":"Savièse"},"arcs":[[-136,-371,-373,373,-51,374]]},{"type":"Polygon","id":6266,"properties":{"id":6266,"name":"Sion"},"arcs":[[-363,-340,-151,-149,-129,375,-61,-47,-374,-372,-133]]},{"type":"Polygon","id":6267,"properties":{"id":6267,"name":"Veysonnaz"},"arcs":[[-128,-52,-376]]},{"type":"MultiPolygon","id":6281,"properties":{"id":6281,"name":"Baltschieder"},"arcs":[[[376,377,-302,-278,-9]],[[-11,-280,-306,-281,-18]]]},{"type":"Polygon","id":6282,"properties":{"id":6282,"name":"Eisten"},"arcs":[[378,-30,379,380,381,382,383]]},{"type":"Polygon","id":6283,"properties":{"id":6283,"name":"Embd"},"arcs":[[384,385,-163,-308,386]]},{"type":"Polygon","id":6285,"properties":{"id":6285,"name":"Grächen"},"arcs":[[-382,387,-385,388,389]]},{"type":"Polygon","id":6286,"properties":{"id":6286,"name":"Lalden"},"arcs":[[-17,-5,390,-377,-8]]},{"type":"Polygon","id":6287,"properties":{"id":6287,"name":"Randa"},"arcs":[[391,392,-368,-198,393]]},{"type":"Polygon","id":6288,"properties":{"id":6288,"name":"Saas-Almagell"},"arcs":[[-36,394,395,396,397,398,-27]]},{"type":"Polygon","id":6289,"properties":{"id":6289,"name":"Saas-Balen"},"arcs":[[-29,399,400,401,-380]]},{"type":"Polygon","id":6290,"properties":{"id":6290,"name":"Saas-Fee"},"arcs":[[402,-398,403,-392,404,-401]]},{"type":"Polygon","id":6291,"properties":{"id":6291,"name":"Saas-Grund"},"arcs":[[-399,-403,-400,-28]]},{"type":"Polygon","id":6292,"properties":{"id":6292,"name":"St. Niklaus"},"arcs":[[-388,-381,-402,-405,-394,-197,-164,-386]]},{"type":"Polygon","id":6293,"properties":{"id":6293,"name":"Stalden (VS)"},"arcs":[[405,-383,-390,406,407,408]]},{"type":"Polygon","id":6294,"properties":{"id":6294,"name":"Staldenried"},"arcs":[[409,-384,-406]]},{"type":"Polygon","id":6295,"properties":{"id":6295,"name":"Täsch"},"arcs":[[-404,-397,410,-393]]},{"type":"Polygon","id":6296,"properties":{"id":6296,"name":"Törbel"},"arcs":[[-407,-389,-387,-307,-286,411]]},{"type":"Polygon","id":6297,"properties":{"id":6297,"name":"Visp"},"arcs":[[-391,-4,412,413,-303,-378]]},{"type":"Polygon","id":6298,"properties":{"id":6298,"name":"Visperterminen"},"arcs":[[-3,-31,-379,-410,-409,414,-413]]},{"type":"Polygon","id":6299,"properties":{"id":6299,"name":"Zeneggen"},"arcs":[[-415,-408,-412,-285,-414]]},{"type":"Polygon","id":6300,"properties":{"id":6300,"name":"Zermatt"},"arcs":[[-396,415,-139,-369,-411]]},{"type":"Polygon","id":6391,"properties":{"id":6391,"name":"Kommunanz Reckingen-Gluringen/Grafschaft"},"arcs":[[-118,-126]]},{"type":"Polygon","id":9759,"properties":{"id":9759,"name":"Lac Léman (VS)"},"arcs":[[-254,-258,416]]}]},"lakes":{"type":"GeometryCollection","geometries":[{"type":"Polygon","id":9757,"properties":{"id":9757,"name":"Lac Léman"},"arcs":[[-254,-258,417]]}]}},"arcs":[[[79641,57964],[-64,-279],[266,-142],[-232,-330],[66,-422],[-88,-294],[192,-433],[-80,-317],[468,-995],[38,-272],[314,-350],[311,-1922]],[[80832,52208],[-316,-1219],[-216,-404],[-1071,-753],[-229,588],[-208,168]],[[78792,50588],[-68,620],[-134,-222],[-719,553],[-128,-482],[-150,3],[-43,-422],[-174,913],[-286,1110],[-25,396],[119,321],[-350,312],[-290,-352]],[[76544,53338],[-202,873],[1,1159],[-501,-174],[-99,182]],[[75743,55378],[-61,504]],[[75682,55882],[1357,571],[43,-204],[1524,1625],[520,356],[508,143]],[[79634,58373],[7,-409]],[[75440,55899],[-810,-120],[-296,346]],[[74334,56125],[-470,151],[135,562],[298,344],[103,554]],[[74400,57736],[23,1059],[-53,1534]],[[74370,60329],[249,152]],[[74619,60481],[69,-529],[261,-1025],[-41,-403],[338,34],[31,-399],[170,-128],[71,-759],[-177,-68],[-113,-436],[243,8],[-31,-877]],[[79163,76387],[1331,-1104],[1069,-1746],[310,-253],[585,-1151],[-307,-826],[-166,-1254],[-135,-461]],[[81850,69592],[-615,-674],[-414,-868],[-367,-354],[-415,-672],[-146,-666],[-272,-746],[11,-737]],[[79632,64875],[-160,-1346],[-101,-202],[-17,-1674],[234,-1678],[293,-321],[198,-403]],[[80079,59251],[-106,-435],[-339,-443]],[[75682,55882],[-242,17]],[[74619,60481],[-45,1107],[307,405],[233,14],[141,510],[-97,333],[10,737],[186,277],[302,149],[105,561],[69,1180],[-46,368],[-225,220],[148,1609],[10,966],[-104,666],[-648,870]],[[74965,70453],[542,722],[104,423],[630,1083],[105,380],[414,493],[464,1000],[116,668],[304,905],[188,368],[212,107]],[[78044,76602],[334,154],[155,-221],[244,95],[386,-243]],[[83949,57259],[145,165],[530,-224],[289,-353],[171,50],[46,-549],[433,-611]],[[85563,55737],[-149,-33],[-436,-834],[-302,-380],[-87,-655],[-210,-737],[-305,-178],[-403,-1035],[-471,-594],[9,-569],[-233,-187],[41,-374],[264,-455],[523,-176],[72,-377]],[[83876,49153],[-738,-752]],[[83138,48401],[-744,-280],[-206,110],[-555,1148],[-134,25],[-402,764],[-172,1564],[-93,476]],[[79641,57964],[99,152],[606,98],[234,157],[511,-200],[544,546],[14,-1018],[102,220],[114,-594],[-188,-420],[-201,-107],[-2,-262],[-329,-742],[820,283],[187,-300],[373,167],[93,408],[71,-771],[355,-129],[434,260],[434,635],[-67,699],[104,213]],[[83138,48401],[-62,-1149],[-96,-87],[447,-821],[14,-540],[139,-834],[464,-506],[102,-771],[-46,-338],[338,-893],[-365,-295],[-277,-428],[-226,-558],[-300,-188],[-199,241],[-351,-322],[-116,-1378],[-292,-1013],[-392,-989],[-363,-673],[-257,-190],[-272,-831],[29,-951],[126,-579],[-49,-975],[-353,-409],[-280,88],[-287,561]],[[80214,33573],[-186,243]],[[80028,33816],[32,866],[-222,677],[13,623],[-125,711],[41,362],[-121,492],[97,832],[246,306],[-91,357],[-226,-150]],[[79672,38892],[-321,579],[-15,849]],[[79336,40320],[29,517],[-90,262]],[[79275,41099],[-100,1118],[124,1050],[-184,127],[-362,954],[31,1194],[-117,1083],[70,341],[-102,541],[31,714],[202,847],[-157,847],[81,673]],[[83460,59126],[131,-953],[167,-240],[191,-674]],[[80079,59251],[64,433],[453,785],[72,371]],[[80668,60840],[44,238]],[[80712,61078],[85,76],[357,-286],[198,-376],[500,-201],[344,-299],[287,-69],[343,-530],[43,-442],[338,-172],[253,347]],[[80996,30444],[-292,727],[-242,986],[-135,160],[-113,1256]],[[83876,49153],[367,-15],[129,-1363],[110,-303],[198,-24],[173,-814],[387,-406],[234,-21],[195,-1849],[337,-1088],[2,-879],[75,-599],[177,-196],[343,-888],[-6,-702],[-302,-416],[-53,-536],[-249,-490],[-65,-1037],[139,-398],[92,-796],[-203,-850],[-256,-523],[-228,-176],[-133,199],[-430,-187],[-483,-710],[-23,-1550],[-281,-770],[-350,-53],[-452,-499],[-348,-165],[-470,115],[-507,-503],[-361,24],[-212,-266],[-426,25]],[[48806,42812],[-651,-748]],[[48155,42064],[-404,508],[-220,-516],[-389,572],[87,1044],[-258,217],[-293,738],[-420,1764],[-701,1296],[-499,288]],[[45058,47975],[475,1766],[568,953]],[[46101,50694],[198,-282],[292,172],[449,-13],[364,-1684],[-16,-316],[167,-667],[-37,-1380],[-89,-362],[6,-577],[167,-407],[545,-766],[618,-1301],[41,-299]],[[48155,42064],[-749,-1204]],[[47406,40860],[-608,-312],[-286,-507],[-243,173]],[[46269,40214],[12,1293],[-156,1069],[-152,-413],[-273,306],[-436,13],[-145,377],[-324,276],[-467,-25],[-142,550],[-473,633],[-271,13],[-231,438],[-573,1634],[-171,295],[-181,908]],[[42286,47581],[427,102],[468,821]],[[43181,48504],[380,133],[348,-1175],[913,291],[236,222]],[[50065,46999],[25,-1055],[-260,-504],[-44,-357],[301,-915]],[[50087,44168],[-449,-737]],[[49638,43431],[-155,681],[-116,69],[-137,649],[286,419],[-215,836],[51,413],[-181,365],[-480,201],[-964,-1681],[-55,774],[142,649],[-50,334],[45,755],[-38,502],[-314,685],[-198,1096],[-74,75],[-7,1102],[-250,313],[-258,-58],[-569,-916]],[[43181,48504],[174,1045],[284,138],[691,1837],[278,25],[211,550],[-132,1230],[362,360],[91,433],[-323,735],[-11,1117],[490,1125]],[[45296,57099],[527,423],[233,-173],[274,-668],[2136,421],[223,-214],[349,-72],[598,166],[673,-1323],[346,-215],[198,-729],[-61,-385],[46,-1357],[-344,-1110],[22,-237],[-232,-1211],[-188,-702],[-162,-1305],[119,-347],[-55,-656],[67,-406]],[[51345,43521],[-301,-345],[68,-247],[-246,-334],[-49,-613],[366,-101],[89,198],[317,3]],[[51589,42082],[292,-288],[126,-491],[358,-675],[103,-480]],[[52468,40148],[-8,-1514],[-177,-724]],[[52283,37910],[-289,-380],[-174,-1297],[60,-396],[-159,-492],[-5,-541],[-268,-574],[139,-260],[27,-447],[203,-478],[201,-1020],[-5,-800],[126,-381],[-162,-729],[249,-962],[-31,-580],[140,-272],[-351,-823],[-193,-740],[-11,-553],[202,-639],[-110,-154]],[[51872,25392],[-291,259],[-283,-27],[-77,362],[-234,29],[-88,1127],[-276,92],[-162,531],[-514,-103],[-234,287],[-137,503],[-507,607],[-95,533],[-319,361]],[[48655,29953],[66,315],[-89,479],[61,388],[-123,1125]],[[48570,32260],[271,476],[181,86],[74,814],[114,434],[-66,695],[219,929],[-90,313],[23,682],[-56,650],[-283,29],[-430,390],[57,225],[-376,134],[-310,499],[-170,475],[-98,577],[-227,-52],[77,336],[-25,772]],[[47455,40724],[-49,136]],[[48806,42812],[502,247],[330,372]],[[50087,44168],[95,16],[153,-659],[816,780],[194,-784]],[[51872,25392],[-50,-1002],[114,-837],[241,-706],[316,-337],[-115,-837],[250,-809],[-115,-1053],[398,-659],[389,-75],[271,-763],[278,-1257],[261,-169],[255,-435],[212,466],[614,-282]],[[55191,16637],[-53,-362],[122,-480],[295,376],[511,-112],[119,637],[640,-1066],[46,-588],[129,-325],[80,-659],[221,-335],[-21,-548],[252,-430],[81,-530]],[[57613,12215],[-408,-419],[-299,-608],[137,-1408],[-234,-326],[-443,256],[-141,-432],[-405,-99],[-219,-514],[-302,-963],[-325,-608],[-185,-71],[-63,-311],[-240,-127],[-175,-314],[-231,48],[-173,296],[-167,-373],[-4,-376],[-277,-750],[-353,-365],[-302,517],[-403,432],[-225,-102],[-210,521],[7,395],[-248,135],[-275,463],[-526,-551],[-357,-95],[-239,198],[-75,614],[-458,131],[-155,-76],[-321,598]],[[49319,7931],[74,843],[187,758],[-63,373],[-471,74],[-267,-182],[-721,1671],[-126,1434]],[[47932,12902],[211,549],[174,-89],[8,910],[-260,881],[-35,613],[-342,443],[-641,553],[-218,1023],[-21,480],[-199,679],[-182,-25],[-528,353],[-142,232],[-306,32],[-144,477]],[[45307,20013],[11,888],[-120,709],[31,467],[-429,1027],[-233,1299]],[[44567,24403],[-72,946],[86,122],[390,1682],[-189,1330],[-254,-532]],[[44528,27951],[-162,1226],[30,400],[-74,725],[221,629],[429,-197],[160,861],[-11,514]],[[45121,32109],[148,516],[222,218],[173,-89],[119,397],[515,130]],[[46298,33281],[884,-541],[107,-424],[311,-700],[413,-501],[170,-878],[281,41],[191,-325]],[[49319,7931],[-169,-168],[-46,-361],[-200,-294],[-339,-1800],[-236,-142],[-622,-1444],[-150,7],[-198,606],[-370,-405],[-491,255],[-128,-293],[-324,-33],[-104,-701],[-235,-406],[-169,-74],[-255,-560],[-102,-670],[124,-903],[-168,-329],[-264,-214],[-291,192],[-190,395],[-187,-51],[-564,1047],[97,649],[-283,347],[-168,-4]],[[43287,2577],[-129,972],[-200,788],[-114,1242],[-130,430],[3,500],[-118,446]],[[42599,6955],[309,558],[150,59],[132,433],[284,493],[96,951],[228,841],[-32,644],[272,1608],[105,174],[257,-107],[484,261],[45,832],[476,551],[257,157],[38,-505],[250,-5],[-110,548],[209,-72],[161,-855],[418,-349],[364,53],[483,-225],[177,172],[280,-270]],[[45393,13766],[-226,-47],[39,-972],[134,-55],[53,1074]],[[42599,6955],[-348,190],[-256,1639],[254,416],[0,301],[206,731],[31,1075],[215,411],[-44,378],[151,437],[-143,366],[239,1487],[-21,391],[126,975],[43,1420],[-123,1402],[301,597],[271,778],[195,106],[222,441],[1389,-483]],[[41251,25273],[216,-473],[44,-500],[552,495],[76,379],[296,-131],[580,276],[153,-282],[469,-69],[930,-565]],[[43287,2577],[-556,-504],[-281,-420],[-31,-466],[-460,-585],[-214,-499],[-392,-103],[-324,139],[-137,286],[-120,1039],[-105,230],[87,500],[-399,879],[-216,245],[-159,648],[6,617],[-530,616],[9,1178],[-154,492],[-312,257],[-368,882],[-130,1075],[-265,938],[123,802],[-63,973],[-94,450],[-524,283],[-221,307],[-360,1079],[42,418],[468,445],[54,540]],[[37661,15318],[210,420],[228,-147],[437,386],[108,250],[-294,754],[249,517],[26,420],[-200,174],[-231,600],[62,612],[167,420],[8,928]],[[38431,20652],[262,389],[250,59]],[[38943,21100],[435,527],[164,840],[408,462],[325,630],[90,861],[659,936],[227,-83]],[[41251,25273],[80,284],[-166,2255],[207,927]],[[41372,28739],[273,98],[220,-222],[190,-439],[8,-676],[379,317],[974,-38],[106,-169],[387,127],[465,15],[154,199]],[[41372,28739],[-194,-50],[-507,272]],[[40671,28961],[655,677],[784,495],[562,686]],[[42672,30819],[175,276],[318,1012]],[[43165,32107],[297,268],[323,33],[306,-365],[764,225],[266,-159]],[[86443,77111],[-29,-330],[110,-956],[268,-549],[17,-728],[307,250],[119,-538],[-216,-317],[167,-386]],[[87186,73557],[48,-349],[-146,-339],[84,-271],[-97,-533],[-142,-169]],[[86933,71896],[-95,-580],[-237,-443],[113,-480],[-438,-823],[-393,-575]],[[85883,68995],[-128,257],[158,510]],[[85913,69762],[206,1250],[-258,826],[-216,353],[103,748],[-253,731],[4,631],[-140,672],[-113,1165],[219,453],[479,189],[206,570],[249,290]],[[86399,77640],[44,-529]],[[91889,69147],[248,-460],[185,-24],[304,-321],[159,232],[254,-651],[62,-522],[-135,-383],[24,-341],[181,-321],[-159,-298],[-101,-843],[-261,-282],[-181,86],[-286,-578],[-334,-487],[-188,-481],[-400,413],[-412,-296],[-159,-445],[185,-483],[20,-662],[-243,-370],[126,-357],[-132,-107],[-294,157],[-145,-219],[0,-499],[-372,-145],[-224,121],[-491,-761],[-96,-564],[130,-468],[-107,-349],[-331,-473],[10,-448],[-164,-336],[24,-477],[-268,-452]],[[88318,56253],[-275,676],[25,531],[-157,193],[-74,724],[-402,1737],[-513,730],[114,770],[-27,1336],[-367,222],[-498,1033]],[[86144,64205],[226,425],[452,46],[209,168],[224,932],[127,190],[645,198],[137,219],[408,253],[1001,1002],[587,914],[213,699],[353,83],[145,-198],[212,250]],[[91083,69386],[441,-315],[365,76]],[[89890,70780],[-236,-717],[-371,150],[-274,-436]],[[89009,69777],[-490,1876],[-214,502],[-37,430],[-273,51],[-211,358],[-92,-165],[-506,728]],[[86443,77111],[310,-455],[269,154],[467,-281],[259,-593],[-15,-382],[464,-1244],[502,-689],[394,-1213],[464,-539],[74,-527],[259,-562]],[[89890,70780],[245,17],[147,297]],[[90282,71094],[203,-401],[170,-597],[322,-159],[106,-551]],[[86144,64205],[-142,76],[-64,634],[-186,750],[-355,222],[-497,-297],[-79,-304],[-155,60],[-269,-233],[-278,27],[-57,199]],[[84062,65339],[294,532],[269,301],[284,890]],[[84909,67062],[255,356],[321,820],[398,757]],[[86933,71896],[215,-522],[417,767],[616,-1352],[53,-477],[222,-971],[553,436]],[[84909,67062],[-322,728],[-177,218],[-391,1025],[-597,985],[-383,211]],[[83039,70229],[34,384],[230,352],[223,630]],[[83526,71595],[315,-87],[452,362],[322,-67],[-73,-511],[131,-212],[152,397],[172,-721],[120,-4],[293,-695],[220,-249],[283,-46]],[[87430,83250],[226,-871]],[[87656,82379],[-188,-231],[-55,-691]],[[87413,81457],[-167,-24],[-624,-1062],[13,-839],[-244,-814],[92,-744],[-84,-334]],[[83526,71595],[33,399],[-317,1023],[-1177,2178],[-328,-373],[-224,281],[-227,883],[-271,350],[-20,402],[-249,628],[-315,472],[-769,-306],[-499,-1145]],[[78044,76602],[-87,924],[-203,87],[-502,742],[-284,171],[-4,358],[-310,1068],[-7,456]],[[76647,80408],[78,640],[317,561],[401,142],[93,-105],[475,646],[131,-41],[134,462],[-18,564],[108,402],[-175,350],[-60,654],[-207,575],[9,310],[211,283],[82,412],[429,412],[271,-3],[485,1295],[168,-31],[621,657],[389,-173],[238,70],[530,-686],[477,-141],[322,-571],[54,240],[347,83],[213,208],[404,-486],[360,-36],[103,-264],[768,-352],[365,-734],[140,-434],[1034,-686],[398,-58],[164,106],[484,-98],[7,-920],[269,-442],[164,31]],[[84062,65339],[-15,874]],[[84047,66213],[-42,807],[-315,627],[-336,391],[181,561],[-289,597],[-352,391],[145,642]],[[88512,77182],[10,-667],[244,-337],[149,216]],[[88915,76394],[935,-1420],[347,-1231],[-75,-490],[272,-250],[25,-622],[-123,-278],[-84,-881],[70,-128]],[[87413,81457],[19,-343],[209,-547],[221,-1238],[332,-917],[21,-296],[235,-551],[62,-383]],[[92777,73002],[-198,7],[-486,1339],[-95,821],[-199,363],[-97,647],[-492,1509],[-281,451],[-127,-289],[-307,-125],[-678,1305],[19,701],[-150,297],[-404,433],[-347,-267],[-199,496],[34,655],[-243,-118],[-193,208],[-326,63],[-166,745],[-186,136]],[[87430,83250],[303,327],[363,129],[226,-105],[570,360],[531,77],[431,-62],[459,358],[262,2]],[[90575,84336],[62,-437],[283,-441],[96,-480],[478,-909],[355,-395],[176,-412],[104,-941],[497,631],[230,-841],[309,201],[474,-206],[441,276],[237,-869],[71,-541],[152,-103],[215,-568],[-123,-403],[-735,-479],[-113,-322],[-298,150],[-442,-872],[93,-230],[-16,-886],[204,-674],[54,-485],[-602,-1098]],[[92777,73002],[178,-573],[-353,-761],[98,-361]],[[92700,71307],[-163,-327],[-250,-1127],[-398,-706]],[[88915,76394],[135,229],[4,560],[-223,-166],[-200,304],[-119,-139]],[[90575,84336],[269,489],[814,622],[173,596],[300,248],[358,68],[428,876],[182,826],[839,254],[591,952],[51,385],[382,764],[172,642],[-161,409],[117,798],[-76,1084],[143,358],[233,1255],[15,615],[-104,194],[35,1045],[144,567],[330,112],[447,1293],[164,183],[189,1028],[820,-223],[164,-547],[-59,-178],[-15,-1149],[-65,-202],[89,-924],[-21,-1502],[-277,-1426],[-249,-481],[96,-568],[-175,-1339],[170,-658],[-6,-454],[295,-763],[161,-1272],[125,-142],[44,-1110],[187,-958],[261,-426],[191,66],[245,-467],[543,-441],[300,278],[363,-892],[181,-116],[21,-315],[-229,-234],[-289,-713],[-247,-802],[-193,-368],[-173,-56],[-283,-1364],[-95,-194],[-484,201],[-516,-553],[-225,264],[-141,-246],[-427,-51],[-98,237],[-277,61],[-28,-394],[130,-830],[-375,-1179],[136,-282],[142,-683],[-302,-298],[17,-468],[-149,-258],[106,-962],[-170,-205],[-237,319],[-354,-133],[-428,-558],[-253,-765],[-356,-605],[-199,-586],[-423,-574],[-102,-284],[-639,-246],[-138,326]],[[51589,42082],[-104,353]],[[51485,42435],[770,21],[31,188],[-131,953],[237,670],[157,176],[-98,370],[489,190]],[[52940,45003],[64,-1730],[-202,-1734],[-334,-1391]],[[56495,65072],[-823,-710],[-319,-797],[-572,-787],[362,-898],[333,-632],[145,-430],[77,-792],[238,-698],[-10,-829],[-111,-1199],[-442,-1393],[-215,-897],[-143,-1906],[-172,-543],[-7,-913]],[[54836,51648],[-171,-252],[-350,-996],[220,-661]],[[54535,49739],[-223,191],[-109,-271],[-329,-231]],[[53874,49428],[-273,264],[61,1194],[-203,407]],[[53459,51293],[12,682],[298,647],[-147,488],[-278,2605],[226,111],[122,468],[-477,1031],[-95,893],[46,899],[-319,347],[-417,836],[-344,268]],[[52086,60568],[-61,337],[168,739],[-110,542]],[[52083,62186],[153,429],[232,121],[272,410],[162,458],[123,-18],[194,524],[602,1011],[194,-76],[455,337],[100,191],[452,58],[253,559],[189,134],[223,-414],[601,-173],[207,-665]],[[58765,35868],[328,-402],[466,-1531],[126,-182],[117,-670],[231,-504],[63,-743],[140,-445],[355,-518],[152,-848],[115,-23],[356,-827],[193,-821],[-169,-740],[349,-624],[215,-32],[187,-648],[58,-688],[246,-156],[125,-609],[363,-230],[111,-320],[-234,-658],[54,-622],[190,-950]],[[62902,22077],[-102,-1186],[-164,-587],[-162,-1199],[10,-1099],[-546,-354],[-76,-458],[-518,-1014]],[[61344,16180],[-359,-12],[-221,-209],[-498,41],[-182,-271],[-188,-952],[206,-1740],[-139,-636],[-200,-307],[-165,263],[-274,-58],[-365,453],[-68,322],[-278,-432],[-279,-52],[-256,431],[-118,-621],[-347,-185]],[[55191,16637],[450,722],[-43,961],[-333,495],[-76,842],[50,388],[-26,902],[110,501],[23,771],[-190,164],[-179,546],[31,472],[265,996],[18,1626],[-283,153],[-80,560],[144,198],[146,706],[-114,681],[86,394],[-132,975],[22,873],[-61,586],[41,874],[-72,240]],[[54988,32263],[175,34],[147,560],[490,390],[183,707],[89,1165],[196,235],[161,679],[471,217],[-116,-200],[215,-1307],[339,520],[53,285],[385,31],[268,-204],[474,176],[247,317]],[[54456,41496],[178,-1083],[249,-430],[360,-980],[-314,-498],[-255,-1045],[-30,-494],[91,-950],[-20,-620],[259,-613],[69,-812],[-119,-1137],[64,-571]],[[52283,37910],[157,-141],[302,509],[450,1102],[82,415],[25,876],[206,862],[550,451],[61,-675],[340,187]],[[58796,38668],[200,-1041],[-136,-797],[193,-501],[-288,-461]],[[54456,41496],[-30,178]],[[54426,41674],[662,-277],[510,464],[379,73],[1184,-1100],[218,-490],[253,-93],[222,-1318],[150,-128],[223,-631],[351,76],[218,418]],[[54214,45757],[-42,-538],[244,-520],[39,-1402],[-75,-384],[46,-1239]],[[52940,45003],[257,179],[230,419],[649,641],[138,-485]],[[59459,44366],[67,-409],[-165,-491],[-9,-394],[222,-815],[-461,-923],[-68,-422],[19,-699],[-103,-188],[12,-607],[-177,-750]],[[54214,45757],[265,1004],[444,1004]],[[54923,47765],[903,619],[247,39],[232,-785],[9,-529],[271,-563],[466,-464],[478,-130],[280,-1071],[756,-1652],[349,364],[545,773]],[[65722,53868],[-346,-400],[69,-224],[-32,-701],[101,-1505],[-214,-474],[40,-534],[-236,-576],[91,-428],[-370,-650],[-128,-546]],[[64697,47830],[-157,91],[-290,548],[-19,444]],[[64231,48913],[95,99],[130,759],[342,584],[177,1136],[32,511],[-109,1358],[46,1493],[125,549],[483,26],[506,666]],[[66058,56094],[-20,-362],[-249,-471],[35,-399],[-102,-994]],[[65418,65089],[-73,-1097],[79,-1379],[-152,-1048],[62,-303],[-273,-539],[-238,-237]],[[64823,60486],[-340,-394],[-347,-713],[-637,-430],[-89,430]],[[63410,59379],[32,512],[-92,746],[-174,732],[154,302],[-151,266],[39,560],[-154,-79],[108,697]],[[63172,63115],[951,1321],[93,392],[215,58],[173,323],[814,-120]],[[68556,53754],[-222,-1398],[-146,-269],[182,-1047],[5,-481],[293,-663]],[[68668,49896],[199,-1218],[-273,-990],[-182,-112],[-12,-480],[104,-227],[328,-5],[177,-203],[227,-844],[119,-131]],[[69355,45686],[-45,-252],[-350,-786],[-15,-786],[66,-303]],[[69011,43559],[-28,-127]],[[68983,43432],[-883,118],[-744,525],[-436,452]],[[66920,44527],[153,687],[93,847],[5,1222],[72,169],[-147,1585],[118,553],[34,724],[-60,520],[-305,1646]],[[66883,52480],[-24,684],[-240,977],[48,608],[155,313],[890,559],[221,7],[195,-278],[289,-1324],[139,-272]],[[63410,59379],[-176,175],[114,-489]],[[63348,59065],[-107,47],[-137,642],[-351,653],[-116,438],[-282,109],[-213,399],[-69,734],[-245,900],[-176,144],[-449,1176]],[[61203,64307],[-38,714],[340,559],[45,498]],[[61550,66078],[750,-5],[41,-249],[-151,-391],[510,-1076],[-514,-804],[423,-362],[107,-977],[243,-248],[35,908],[178,241]],[[67211,63175],[-170,-514],[-330,-676],[126,-959],[-83,-942],[44,-205],[-3,-1599],[-192,-659],[-32,-845]],[[66571,56776],[-579,-365],[66,-317]],[[64231,48913],[-125,-30],[-719,600],[-213,560],[-83,790],[-867,1868],[-321,-45]],[[61903,52656],[-118,1330],[-186,948],[7,986],[145,642]],[[61751,56562],[896,674],[689,227],[191,1200],[-179,402]],[[64823,60486],[139,-130],[45,-702],[112,-132],[-119,-728],[-242,-563],[213,-342],[656,-231],[-9,-402],[220,932],[251,811],[72,946],[-228,303],[-198,576],[76,423],[-11,640],[274,882],[-133,666],[101,565],[-51,387],[624,890],[184,570]],[[66799,65847],[231,-698],[-133,-394],[35,-710],[279,-870]],[[66898,70071],[-18,-494],[95,-486],[-430,-1546],[-341,-577],[161,-490]],[[66365,66478],[-140,-177],[-100,-734],[-358,-356],[-349,-122]],[[61550,66078],[-368,-16],[-144,-300],[-435,438],[-115,474]],[[60488,66674],[-367,636],[-259,103],[-517,710],[227,1165],[245,252],[406,32],[240,195],[325,-144],[139,234],[276,71],[216,278],[272,25],[124,-438],[334,-299],[252,502],[-71,758],[342,372],[164,527],[-61,451],[37,575],[468,212],[236,834],[576,-652],[1000,-801],[1144,-1129],[146,25],[233,-620],[283,-477]],[[66920,44527],[-205,-827],[-140,-926],[-35,-1448],[-129,-678],[-68,-1153],[38,-366],[-78,-2611],[-205,-1174],[13,-751],[146,-460],[674,-1426],[224,-1039]],[[67155,31668],[-360,613],[-536,371],[-231,954],[-466,991],[-136,683],[-3,509],[-346,1078],[228,304],[156,444],[50,1004],[-126,469],[-407,573],[78,434],[-234,533],[80,1458],[155,390],[-60,409],[53,586],[-74,1660],[72,344],[-49,937],[-146,459],[-156,959]],[[65722,53868],[647,-27],[162,97],[352,-1458]],[[61903,52656],[-332,-197]],[[61571,52459],[-345,1973],[-177,-42],[-86,667],[-256,-106],[-46,645],[67,655],[-76,119]],[[60652,56370],[-15,283]],[[60637,56653],[36,447],[-116,453],[6,577],[-303,468]],[[60260,58598],[316,-100],[153,634],[411,223],[-16,487],[225,954]],[[61349,60796],[346,-5],[407,-944],[58,-368],[-179,-554],[-274,-1350],[133,-583],[-89,-430]],[[61349,60796],[-206,422],[148,400],[-48,415],[-440,117],[-115,406],[51,1396],[464,355]],[[66365,66478],[222,-234],[164,195],[48,-592]],[[69050,63302],[89,-651],[-130,-836],[32,-475],[-180,-1085],[21,-837],[-325,-1163],[40,-2052]],[[68597,56203],[-675,305],[-341,432],[-270,-204],[-740,40]],[[67211,63175],[288,145],[257,583],[177,179],[234,-524],[229,-33],[676,252],[-22,-475]],[[68983,43432],[-229,-611],[-496,-294],[-69,-334],[-20,-1286],[-103,-622],[283,-606],[-86,-526],[73,-634],[-159,-532],[-50,-598],[157,-747],[-148,-434],[-50,-590],[228,-310],[-82,-793],[411,-915]],[[68643,33600],[-200,-584],[-195,63],[-516,-405],[-409,-38],[-168,-968]],[[68597,56203],[-18,-515]],[[68579,55688],[-18,-718],[87,-1138],[-92,-78]],[[38943,21100],[-47,1072],[238,1328],[224,195],[270,511],[314,1015],[-238,1622],[-316,308]],[[39388,27151],[261,165],[-20,700],[185,406],[397,188],[460,351]],[[42672,30819],[-354,397],[-138,482],[-263,-272],[-200,287],[43,662],[431,572],[-182,406],[-494,-683],[-83,159],[268,573]],[[41700,33402],[1103,1977]],[[42803,35379],[641,-1918],[-279,-1354]],[[40777,42624],[124,-757],[277,-442],[891,-611],[362,93],[473,-169]],[[42904,40738],[107,-650]],[[43011,40088],[180,-881],[617,-1870]],[[43808,37337],[-669,-897],[108,-260],[-444,-801]],[[41700,33402],[-1116,-129],[-108,141],[-299,-278],[-534,-214]],[[39643,32922],[222,657],[-72,1239],[9,801],[471,1247],[221,818],[-259,605],[-94,939]],[[40141,39228],[153,685],[11,1203],[-361,1740]],[[39944,42856],[547,253]],[[40491,43109],[286,-485]],[[48570,32260],[-156,472],[-36,630],[-221,298],[-561,2068],[4,275],[-224,638],[-136,708],[-305,440],[-17,430],[-380,682],[301,248],[312,479],[121,745],[183,351]],[[46269,40214],[-596,-57],[-190,-120]],[[45483,40037],[-290,748],[-344,32],[-288,-164],[-532,36],[-353,-297],[-268,-420],[-397,116]],[[42904,40738],[-79,1226],[-511,713],[-1537,-53]],[[40491,43109],[340,715],[519,570],[496,1387],[111,88],[-30,712],[125,972],[234,28]],[[39388,27151],[-132,-154],[-244,133],[-39,248],[113,1019],[137,669],[-125,589],[485,1374],[-320,37],[-253,275],[-66,-219],[-155,455],[-357,218],[-180,-739],[-160,-132],[-165,321]],[[37927,31245],[152,159]],[[38079,31404],[241,1122],[222,1366],[-12,280],[331,523],[51,425]],[[38912,35120],[561,-1391],[170,-807]],[[38431,20652],[-469,1486],[-385,707],[-180,889],[-224,60],[-243,-206],[98,960],[-241,514],[25,1182],[-732,611],[92,298],[195,-97],[205,567],[-202,360],[-9,331]],[[36361,28314],[101,202],[243,1196],[403,280],[303,724],[147,45],[369,484]],[[46298,33281],[97,793],[-246,196],[96,351],[-147,369],[10,324],[-178,609],[-91,757],[-352,900],[-299,510]],[[45188,38090],[-16,327],[152,1308],[159,312]],[[45188,38090],[-450,-622],[-164,293],[-499,-193],[-267,-231]],[[37661,15318],[-286,775],[-150,81],[17,539],[-82,709],[-246,516],[-167,-292],[-207,117],[-451,560],[-196,1987],[-422,697],[-193,679],[-157,-82],[-351,1400],[-213,1265]],[[34557,24269],[339,541],[225,727],[157,1223],[181,240],[169,627],[228,34],[468,634]],[[36324,28295],[37,19]],[[32862,37280],[-384,-155],[-342,-453],[-92,-408],[-247,-402],[-62,-442],[-154,-119],[-329,78],[-269,-117],[-377,343],[-304,-378],[-91,-515],[-287,-346]],[[29924,34366],[-104,66],[-847,-188],[-176,-219],[-357,908],[-254,-146],[-131,179],[-145,1388],[-174,814],[100,692],[-19,425],[570,1207],[72,635],[218,449]],[[28677,40576],[137,112],[248,-477],[217,183],[195,-186],[171,177],[274,-471],[168,-51],[174,514],[314,497],[-42,281],[598,95],[498,335],[355,-91],[-65,-481],[-418,-911],[533,-332],[96,-474],[301,-403],[431,-1613]],[[35069,52966],[-180,-393],[-21,-336],[234,-1208],[-193,-175],[-31,238],[-252,101],[-455,-334],[-219,1127],[-361,-476],[-212,34],[-86,572],[-246,18],[-2,335],[-189,801],[-600,-1012],[-23,-450],[332,355],[119,-473],[-91,-368],[306,-19],[226,-563],[461,-611],[273,8],[106,-335],[261,-185],[-166,-463]],[[34060,49154],[-616,346],[-157,335],[-475,350],[-203,-306],[43,-262],[-300,-211],[-574,908],[-100,-165],[-321,187],[-269,-473],[-386,-104],[-222,559]],[[30480,50318],[233,876],[-38,997],[234,747],[-36,538],[-205,807]],[[30668,54283],[662,-282],[510,658]],[[31840,54659],[45,-548],[-160,-455],[-184,-1497],[-150,-263],[448,-86],[65,548],[205,711],[47,698],[-54,688],[183,235],[-186,446]],[[32099,55136],[346,142],[323,-114],[402,623],[-82,365],[187,204],[-389,1561]],[[32886,57917],[912,626]],[[33798,58543],[-7,-990],[247,-2463],[508,-704],[419,-867],[104,-553]],[[33273,55016],[-116,452],[-284,-364],[83,-602],[317,514]],[[29904,42838],[-228,-476],[-175,-12],[-365,-339],[-211,758],[-481,-301]],[[28444,42468],[-146,838],[280,1352],[139,156],[140,598],[216,451],[-39,817]],[[29034,46680],[554,36],[-88,-373],[234,-388],[-55,-399],[-415,-1144],[334,-705],[93,24],[213,-893]],[[35069,52966],[118,-1368],[632,-1496]],[[35819,50102],[-197,-457],[37,-558],[-133,-218],[-40,-538],[196,-67],[-173,-644],[93,-413],[-281,-460],[115,-733],[-408,-669],[-350,-1519]],[[34678,43826],[-369,-261]],[[34309,43565],[-328,524],[58,538],[-54,384],[89,397],[-92,565],[82,321],[-9,735],[-216,529],[154,519],[-51,248],[238,502],[-120,327]],[[31840,54659],[259,477]],[[31647,62529],[-852,-844],[-350,221],[-888,1],[-489,845]],[[29068,62752],[192,264],[125,451],[321,113],[75,1067],[137,687],[-37,256],[295,666],[35,353]],[[30211,66609],[346,-381],[138,376],[-30,734]],[[30665,67338],[696,-1607],[313,-470],[129,-406],[57,-1147],[-213,-1179]],[[29068,62752],[-320,324],[-100,-463],[143,-515],[-553,125],[-239,-577],[-417,-98],[-261,166],[-260,-282]],[[27061,61432],[-181,996],[51,751],[392,665],[471,85],[614,1589],[-10,419],[-176,480],[146,898]],[[28368,67315],[471,-412],[360,-458],[423,-50],[589,214]],[[34309,43565],[-30,-761]],[[34279,42804],[-120,103],[-380,835],[-1070,1467],[-560,-8],[-277,-185],[-445,-15],[-483,152],[-258,-132],[-441,-670],[-248,-1333],[-93,-180]],[[29034,46680],[24,278],[394,260],[279,811],[133,957],[494,467],[147,331],[-25,534]],[[34279,42804],[-133,-607],[322,-1874],[14,-820]],[[34482,39503],[-124,-78]],[[34358,39425],[-539,-505],[-473,-1111],[-484,-529]],[[28677,40576],[-233,1892]],[[30668,54283],[-201,246],[-303,-303],[-156,542],[-158,96],[-235,596],[-162,6],[-100,370],[78,411],[-223,738],[-234,430]],[[28974,57415],[461,336],[643,197],[244,377],[288,-69],[242,181],[757,-298],[515,563],[408,-499],[243,248],[111,-534]],[[31647,62529],[43,-367],[213,-393],[282,-1003],[162,-337],[256,-98],[556,120],[476,-989],[163,-919]],[[28974,57415],[-159,74],[-386,594],[-288,-10],[-104,750],[57,310],[-99,478],[-518,16],[-1,441],[-216,1001],[-199,363]],[[83460,59126],[-235,249],[-151,625],[-330,707],[-501,1320],[-65,635],[-290,544],[551,718],[61,173]],[[82500,64097],[88,8],[273,-827],[107,-833],[497,-687],[179,-591],[111,-909],[-224,-182],[74,-448],[-145,-502]],[[79632,64875],[243,207],[-29,-1016],[249,90],[-82,-374],[25,-874],[114,-356],[47,-804],[242,-624],[227,-284]],[[88318,56253],[-283,-490],[-185,158],[-337,-288],[-328,-460],[-169,34],[-576,-212],[-197,88],[-375,553],[-305,101]],[[82500,64097],[-129,481]],[[82371,64578],[196,45],[410,498],[218,560],[103,522],[175,-27],[184,-476],[390,513]],[[82020,64188],[-483,-711],[-740,-1953],[-85,-446]],[[81850,69592],[443,-1184],[-255,-371],[58,-239],[-201,-911],[0,-771],[-221,-888],[346,-1040]],[[74400,57736],[-128,-474],[-627,-315],[-140,74],[-719,-639]],[[72786,56382],[-361,460],[-334,87],[22,266],[-245,50],[-89,997],[407,880],[161,118],[584,1179],[-30,423],[247,787],[107,690],[110,80]],[[73365,62399],[457,-885],[203,-847],[345,-338]],[[74965,70453],[-221,-70],[-333,-678],[-834,-779],[-18,-195],[-416,-634],[-114,-504],[69,-365]],[[73098,67228],[-659,-536],[-205,209]],[[72234,66901],[-348,408],[-1268,2557],[-105,586],[74,590],[-484,533],[-235,503],[-36,345],[-237,661]],[[69595,73084],[435,439],[83,423],[326,683],[231,239],[186,494],[1140,1066],[142,466],[683,956],[1423,81],[438,345],[173,270],[190,-131],[675,566],[179,539],[341,67],[11,432],[396,389]],[[72518,53819],[-157,-490],[217,-779],[310,-281],[130,-403]],[[73018,51866],[83,-478],[-511,-660],[-42,-225],[-307,-156],[-38,-286],[-223,-223],[-204,-662],[-320,-614],[-384,110],[-455,-337]],[[70617,48335],[58,859],[186,564],[59,1125],[320,1467],[121,138],[-110,484],[-107,1325],[-143,329],[-44,821]],[[70957,55447],[36,242],[539,-349],[-106,-582],[276,-467],[301,-61],[-21,-221],[536,-190]],[[70617,55162],[83,-737],[-112,-542],[-178,-236],[-366,-1269],[-292,-525],[-380,-1226],[-704,-731]],[[68579,55688],[551,176],[595,-197],[598,-513],[294,8]],[[70664,64412],[-61,-984],[-180,-349]],[[70423,63079],[-224,392],[-246,157],[-590,-278],[-313,-48]],[[66898,70071],[153,-261],[295,116],[365,811],[319,70],[212,281]],[[68242,71088],[195,-748],[297,-696],[-24,-531],[-238,-473],[195,-56],[564,-750],[198,-495],[-231,-349],[-102,-510],[12,-466],[237,-198],[-18,-533],[213,-692],[343,372],[200,33],[581,-584]],[[71063,65197],[-292,-159],[-107,-626]],[[68242,71088],[332,541]],[[68574,71629],[435,-584],[277,-726],[193,-251],[118,-877],[135,-157],[294,-978],[184,-115],[43,-483],[210,-911],[336,-768],[217,-31],[47,-551]],[[71416,65373],[164,-612],[-77,-191],[231,-874],[-135,-1450],[33,-725],[-499,-2046],[-139,-160],[41,-416],[-257,-832],[-181,-1755],[55,-647]],[[70652,55665],[-35,-503]],[[68597,56203],[254,0],[75,409],[267,66],[589,-215],[-110,518],[-25,613],[221,745],[295,677],[130,551],[-56,1025],[124,1379],[-57,444],[119,664]],[[71063,65197],[353,176]],[[72786,56382],[-82,-568]],[[72704,55814],[-220,-1397],[-225,81],[10,-302],[249,-377]],[[70957,55447],[-45,267],[-260,-49]],[[71416,65373],[143,537],[341,330],[334,661]],[[73098,67228],[123,-480],[188,-299],[69,-1735],[-270,-1900],[157,-415]],[[70617,48335],[87,-1004]],[[70704,47331],[-251,-163],[-58,-1291],[-168,-301],[-483,-214],[-389,324]],[[68574,71629],[444,560],[577,895]],[[82020,64188],[351,390]],[[40141,39228],[-394,340],[-231,60],[-215,-610],[-8,-302],[-501,-417],[-351,-43],[-8,-340],[-186,-123]],[[38247,37793],[-243,1294],[-79,741],[21,454],[178,422]],[[38124,40704],[4,569]],[[38128,41273],[527,457],[597,692],[201,420],[310,199],[181,-185]],[[38912,35120],[-636,1234],[13,1041]],[[38289,37395],[-42,398]],[[38289,37395],[-390,-342],[-843,-47]],[[37056,37006],[-1209,-471],[67,-353],[-23,-705],[-135,-376],[215,-866],[-174,-168],[-372,-1109],[-443,-34],[-113,-150],[-502,442],[-396,47],[-485,442],[-296,-10],[-786,-332]],[[32404,33363],[-387,166],[-348,-308],[-260,360],[-314,-97],[-750,193],[-353,303],[-68,386]],[[34358,39425],[17,-194],[601,-417],[643,-37],[646,969],[105,250],[419,427],[200,21],[192,441],[794,9],[149,-190]],[[34557,24269],[-288,-97],[-334,615],[75,1120],[-163,247],[-202,-321],[-200,71],[-232,-697],[-494,-1170],[-519,-226],[-173,-707],[-328,253],[-315,405],[-129,547],[20,442],[331,1746],[456,557]],[[32062,27054],[337,-413],[183,373],[354,415],[42,293],[289,-416],[248,563],[537,232],[202,258],[258,-63],[331,-314],[219,42],[100,272],[-65,481],[376,698],[-290,638],[244,110],[151,296],[395,-540],[272,-182],[138,-441],[-59,-1061]],[[36848,46173],[-147,-212]],[[36701,45961],[-418,54],[-373,-578],[-89,202],[-427,21],[-716,-1834]],[[35819,50102],[330,-630],[91,-915],[307,-1167],[264,-659],[37,-558]],[[34482,39503],[430,-42],[-96,265],[207,596],[380,385],[164,603],[364,298],[100,316],[25,1173],[344,476],[193,1363],[243,548],[-135,477]],[[36848,46173],[55,-450],[194,-142],[93,-1370],[85,-619],[412,-742],[441,-1577]],[[32062,27054],[-133,602],[146,802],[-378,1278],[155,317],[374,1319],[-87,594],[265,1397]],[[37056,37006],[185,-741],[633,-806],[-153,-419],[42,-424],[231,8],[351,-819],[-249,-1120],[-111,11],[-236,-624],[330,-668]],[[60460,50990],[264,-733],[188,-227],[-68,-402],[104,-447],[-114,-330],[22,-941],[-67,-665],[-217,-545],[-806,-1403],[-336,-354]],[[59430,44943],[-602,704],[-143,382],[-140,1592],[-325,1556],[-457,716],[-186,-112],[-325,613]],[[57252,50394],[594,659],[647,372],[851,1141]],[[59344,52566],[241,-663],[275,101],[198,-596],[402,-418]],[[58051,52864],[-96,-175],[-1030,-762],[39,263]],[[56964,52190],[89,1030],[-367,-128],[-333,2000],[295,53],[108,705],[-39,780],[216,113]],[[56933,56743],[104,-756],[391,-1250],[270,-1396],[353,-477]],[[60551,52932],[-334,-485],[-116,-501],[40,-489],[319,-467]],[[59344,52566],[462,674],[452,304],[293,-612]],[[59430,44943],[29,-577]],[[54923,47765],[-135,395]],[[54788,48160],[302,566]],[[55090,48726],[284,117],[402,650],[1476,901]],[[57556,64380],[-116,-192],[-162,-1007],[452,-1106],[-255,-764]],[[57475,61311],[-518,-1348],[20,-104],[-414,-616],[-98,-292],[8,-667],[-188,-577],[209,-646],[-305,-418],[-33,-603],[-262,-182],[-105,-1465],[83,-532],[-460,-604],[-161,-568],[-94,-677],[29,-658],[-151,-609]],[[55035,50745],[14,1099],[-213,-196]],[[56495,65072],[72,223],[265,28],[157,683],[246,204],[177,-468],[144,-1362]],[[57325,57912],[-381,112],[-78,-136],[67,-1145]],[[56964,52190],[-258,-245],[-66,-324],[-226,4],[-705,-910]],[[55709,50715],[-347,-368],[-327,398]],[[57475,61311],[25,-474],[-324,-910],[193,-300],[27,-520],[279,-609],[-302,-214],[-48,-372]],[[60637,56653],[-126,-245],[-404,-353],[-234,935]],[[59873,56990],[-217,282],[-27,760]],[[59629,58032],[402,-47],[229,613]],[[59629,58032],[-340,-27],[161,-196],[-4,-753],[-801,-1113]],[[58645,55943],[130,1510],[-70,496],[24,625],[-201,488],[-66,837],[28,566],[-283,1041],[49,869],[190,1243],[-358,657]],[[58088,64275],[127,68],[213,679],[814,-170],[521,372],[96,797],[629,653]],[[57325,57912],[109,-326],[-114,-244],[150,-942],[1083,-2813]],[[58553,53587],[-502,-723]],[[58645,55943],[260,-1299]],[[58905,54644],[-43,-697],[-223,-428],[-86,68]],[[57556,64380],[325,151],[207,-256]],[[55709,50715],[152,-484],[-771,-1505]],[[54788,48160],[19,185],[-272,1394]],[[61571,52459],[-513,-346],[-222,161],[-285,658]],[[58905,54644],[73,307],[263,377],[225,100]],[[59466,55428],[331,-116],[438,153],[235,638],[182,267]],[[59873,56990],[-91,-410],[-344,-702],[28,-450]],[[67155,31668],[27,-419],[181,-750],[-405,-1281],[-273,-1687],[-418,-939],[-19,-655]],[[66248,25937],[-224,-753],[-7,-473],[-302,-494],[-58,-314],[78,-853],[-598,-608],[-192,16],[-312,-252],[-107,-323],[-225,-83],[-183,-301],[-226,32],[-169,-328],[-463,1007],[-358,-133]],[[53459,51293],[-107,99],[-408,-196],[-16,226],[-346,-556]],[[52582,50866],[-44,912],[-95,780],[-389,599],[-345,1785],[20,721],[188,913],[115,1338],[-99,311],[53,671],[-2,966],[102,706]],[[53874,49428],[-139,-134],[-509,-105],[-158,-337],[-312,-315],[-460,-191],[-12,335]],[[52284,48681],[205,1276],[127,407],[-34,502]],[[52284,48681],[-209,-77],[-283,-503],[14,-184],[-374,-393],[-416,-252],[-233,269],[-462,-114],[-256,-428]],[[45296,57099],[895,2060],[520,-335],[436,157],[407,345],[377,961],[-83,777],[73,516],[19,1227],[1211,1122],[362,-62],[486,1066],[103,-603],[-42,-874],[-145,-656],[67,-306],[-84,-475],[310,-1017],[374,57],[575,283],[445,518],[244,-62],[237,388]],[[51485,42435],[-140,1086]],[[74334,56125],[-85,-317]],[[74249,55808],[-779,63],[-477,-159],[-289,102]],[[77052,42823],[560,-42],[179,-491],[377,-42],[87,-218],[297,-58],[723,-873]],[[79336,40320],[-525,329],[-378,-40],[-831,-859],[-236,297],[-300,25],[-170,-264],[-404,47],[-201,-308],[-116,-434],[-340,-194],[450,-984],[-282,-112],[-219,-430],[-786,-471],[-283,-653],[22,-346],[-338,-1166]],[[74399,34757],[-235,478],[13,293],[-208,489],[-126,607],[-210,109],[-161,599],[34,1085],[80,271],[-111,533],[42,350]],[[73517,39571],[138,469],[-9,364],[289,449],[57,678],[113,304],[-5,2025]],[[74100,43860],[209,12],[33,656],[154,428]],[[74496,44956],[483,-1080],[359,-152],[207,-466],[401,-184],[182,-513],[612,-34],[312,296]],[[72791,45118],[-126,-349],[-589,-1077]],[[72076,43692],[-195,350],[-266,127],[-249,443],[-808,-214],[60,-853],[-830,-423],[-280,29],[-497,408]],[[70704,47331],[366,-334],[96,-423],[312,-80],[285,-415],[362,545],[387,-711],[279,-795]],[[73517,39571],[-554,300],[-476,573],[-178,594],[-202,70],[23,488],[-296,470],[81,429],[-224,277],[385,920]],[[72791,45118],[196,379]],[[72987,45497],[601,-706],[312,-756],[200,-175]],[[75743,55378],[-164,-259],[-449,-73],[-665,675],[-216,87]],[[73705,31471],[146,-565],[-107,-824],[-257,-481],[23,-826],[-98,-531]],[[73412,28244],[-373,-214],[-312,-468],[-397,-56],[0,-262],[-440,-277],[-362,26],[-627,1279],[-323,-186],[-565,346],[-40,-584],[-282,110],[-633,-165],[-463,-485],[-596,-41],[-327,-327],[-336,-784],[-627,67],[-461,-286]],[[68643,33600],[268,-127],[531,-674],[181,-1],[458,409],[319,-181],[-138,-587],[525,-28],[372,-525],[343,148],[523,518],[300,-85],[418,86],[290,254],[236,-896],[249,-125],[187,-315]],[[80996,30444],[-22,-742],[-181,-678],[-18,-1012],[-287,-853],[-34,-655],[112,-366],[-20,-442],[175,-858],[158,-1153],[152,-380],[-432,-424],[-565,-1198],[243,-806],[-276,-718],[95,-439],[-41,-435],[-483,20],[-57,-498],[-246,-777],[-4,-292],[-213,-455],[-503,409],[-814,-420],[-378,191],[-344,-16],[-347,-167],[-280,158],[-325,-188],[-445,133]],[[75616,17383],[-115,522],[-51,1450],[-366,64],[-207,226],[-342,1037]],[[74535,20682],[80,278],[18,1442],[167,291],[213,870]],[[75013,23563],[85,632],[268,447],[227,826],[146,281],[440,-42],[337,1335],[47,526],[265,790],[340,633],[-242,849],[12,398],[245,368],[-290,885]],[[76893,31491],[1414,375],[312,263],[231,582],[411,407],[133,258],[634,440]],[[79672,38892],[-199,-408],[-348,-31],[-308,-229],[-555,-1348],[-192,-70],[-958,-895],[-316,36],[-202,-862],[111,-562],[-93,-33],[119,-1118]],[[76731,33372],[-482,-187],[-613,-507],[-297,535],[-404,367],[-255,-402],[-322,-244]],[[74358,32934],[40,323],[-62,825],[63,675]],[[76731,33372],[176,-1131],[-14,-750]],[[75013,23563],[-325,83],[-195,311],[-339,185],[-11,487],[-157,161],[-282,867],[22,761],[97,538],[-293,645],[-118,643]],[[73705,31471],[102,366],[433,738],[118,359]],[[75941,47236],[55,-522],[-182,-72],[-244,549],[-246,200],[-104,-456],[-419,-37],[-218,291],[-484,332],[-47,-788],[204,-669],[240,-1108]],[[72987,45497],[340,513],[-165,224],[441,599],[271,771],[-120,682],[-34,1180],[-95,696]],[[73625,50162],[300,-98],[375,132]],[[74300,50196],[-68,-546],[266,-139],[176,-817],[524,-125],[32,-373],[392,-314],[154,-626],[165,-20]],[[75941,47236],[171,-331],[163,0],[153,-378],[501,-577],[68,-446],[-258,-720],[157,-412],[-73,-1170],[229,-379]],[[74535,20682],[-577,-574],[-260,-133],[-330,47],[-137,-202],[-634,207],[-456,726],[-393,66],[-218,299],[-121,475],[-282,589],[-46,951],[-388,665],[-618,-431],[-445,570],[-377,91],[-294,217],[-356,561],[-332,-247],[-285,128],[-176,-231],[-178,100],[-497,837],[-132,37],[-167,-341],[-262,-138],[-176,320],[-150,666]],[[73018,51866],[406,-827],[103,-801],[98,-76]],[[76544,53338],[-703,-405],[-444,502],[-117,433],[-65,-390],[-407,-325],[-207,189],[-218,-139],[40,-728],[-48,-619]],[[74375,51856],[-147,1214],[-135,608],[-190,-117],[-742,125],[-247,-114],[-48,210],[-348,37]],[[74300,50196],[-14,991],[89,669]],[[75616,17383],[-212,-1031],[-133,-97],[-235,-730],[-53,-461],[-682,-664],[135,-1199],[-243,-759],[94,-456],[-19,-585],[-275,-228],[-106,-1372],[373,-1204],[-170,-805],[-288,-119],[-118,-383],[-246,540],[-339,-66],[-389,210],[-179,-38],[-187,362],[-557,271],[-398,-483],[-244,-540],[-204,-169],[-252,385],[-77,487],[-205,395],[-424,330],[-332,865],[-784,338],[-127,156],[-78,-638],[-142,-486],[-289,-455],[-64,-575],[-625,-24],[-323,642],[-37,483],[-177,257],[101,1690],[-572,860],[-317,10],[-323,259],[-151,487],[-52,537],[-372,1111],[-459,342],[-780,-829],[-832,285],[-421,-373],[-701,246],[-285,-54],[-251,522],[9,648],[-106,655],[-149,247]],[[28368,67315],[679,4160],[150,-284],[1431,-3679],[37,-174]],[[28368,67315],[-609,-80],[-637,555],[-135,9],[-674,668],[-325,206],[-579,48],[-459,388],[-267,40],[-1247,-13],[-534,-89],[-289,-266],[-400,-42],[-413,128],[-669,54],[-671,-348],[-351,-2],[-745,-260],[-244,98],[-673,-395],[-378,-121],[-622,-354],[-297,-76],[-305,219],[-628,824],[-240,152],[-300,-109],[-266,-334],[-465,-386],[-352,-664],[-61,-285],[16,-947],[-214,-867],[-1064,-1056],[-546,-636],[-454,-363],[-712,-19],[-361,-1095],[-249,-177],[-365,-1163],[-334,126],[-912,825],[-150,786],[-291,987],[18,612],[-309,398],[-567,-50],[-174,267],[-149,-276],[-864,-478],[-37,-250],[-387,-441],[-532,-1147],[-159,-186],[20,-497],[-238,-1003],[-402,-1200],[-219,-403],[49,-632],[-242,-1184],[-163,-525],[-315,-226],[36,-823],[-353,-1233],[-253,-348],[-357,-1278],[-299,-915],[-225,-346],[-376,-183],[-195,-797],[-86,-1712],[55,-574],[-138,-762],[-300,-866],[-333,-1368],[-145,-428],[-436,-433],[-351,-510],[-471,111],[226,162],[256,579],[-57,833],[52,409],[-173,582],[61,1451],[95,653],[-13,1046],[236,843],[257,652],[91,-6],[154,1296],[6,679],[-110,427],[133,863],[-7,905],[258,359],[483,1509],[234,525],[228,848],[213,1183],[-4,543],[168,503],[42,1085],[216,869],[99,116],[232,910],[428,842],[195,707],[298,572],[210,731],[472,866],[212,-17],[408,-293],[410,1121],[-60,564],[385,1392],[47,1065],[224,85],[81,340],[343,363],[453,1212],[97,501],[525,773],[332,957],[239,456],[743,219],[489,330],[351,-1],[458,-658],[405,-90],[851,1235],[623,242],[433,317],[347,689],[295,-5],[-4,701],[341,778],[462,113],[113,727],[175,547],[322,266],[488,1394],[234,164],[548,-259],[473,-747],[921,-80],[331,566],[379,231],[358,551],[403,9],[562,-859],[26,171],[596,-485],[388,-491],[249,186],[320,-247],[169,103],[846,17],[115,-169],[543,-128],[460,-453],[291,-162],[966,-1522],[379,7],[289,367],[278,-6],[324,-334],[479,-930],[560,-579],[357,-178],[269,67],[301,-258],[475,-229],[558,-104],[134,-179],[346,-17],[171,-869],[201,-223],[469,-219],[97,-564],[123,-111],[141,-586],[127,137],[414,-73],[235,-302],[113,-439],[217,6],[179,-272],[435,63],[268,-358],[137,-881],[357,-108],[225,-721],[285,-1953],[-221,-738],[-82,-575],[-171,-254],[-787,136],[-215,-263],[-352,198],[-422,-51],[-472,-290],[-301,165]]],"transform":{"scale":[0.00002335513193544566,0.000007952938059768725],"translate":[6.142670484322355,45.858721277835855]}}