{"type":"Topology","objects":{"municipalities":{"type":"GeometryCollection","geometries":[{"type":"Polygon","id":1,"properties":{"id":1,"name":"Aeugst am Albis"},"arcs":[[0,1,2,3,4,5]]},{"type":"Polygon","id":2,"properties":{"id":2,"name":"Affoltern am Albis"},"arcs":[[6,-5,7,8,9,10,11]]},{"type":"Polygon","id":3,"properties":{"id":3,"name":"Bonstetten"},"arcs":[[12,13,14,15,16]]},{"type":"Polygon","id":4,"properties":{"id":4,"name":"Hausen am Albis"},"arcs":[[17,18,19,20,21,-2,22]]},{"type":"Polygon","id":5,"properties":{"id":5,"name":"Hedingen"},"arcs":[[23,-12,24,-14]]},{"type":"Polygon","id":6,"properties":{"id":6,"name":"Kappel am Albis"},"arcs":[[25,26,27,28,-21]]},{"type":"Polygon","id":7,"properties":{"id":7,"name":"Knonau"},"arcs":[[-27,29,30,31]]},{"type":"Polygon","id":8,"properties":{"id":8,"name":"Maschwanden"},"arcs":[[-31,32,33,34]]},{"type":"Polygon","id":9,"properties":{"id":9,"name":"Mettmenstetten"},"arcs":[[-4,35,-28,-32,-35,36,-8]]},{"type":"Polygon","id":10,"properties":{"id":10,"name":"Obfelden"},"arcs":[[-37,-34,37,38,-9]]},{"type":"Polygon","id":11,"properties":{"id":11,"name":"Ottenbach"},"arcs":[[-39,39,-10]]},{"type":"Polygon","id":12,"properties":{"id":12,"name":"Rifferswil"},"arcs":[[-22,-29,-36,-3]]},{"type":"Polygon","id":13,"properties":{"id":13,"name":"Stallikon"},"arcs":[[40,41,42,-6,-7,-24,-13,43,44,45]]},{"type":"Polygon","id":14,"properties":{"id":14,"name":"Wettswil am Albis"},"arcs":[[-44,-17,46]]},{"type":"Polygon","id":21,"properties":{"id":21,"name":"Adlikon"},"arcs":[[47,48,49,50,51]]},{"type":"Polygon","id":22,"properties":{"id":22,"name":"Benken (ZH)"},"arcs":[[52,53,54,55,56]]},{"type":"Polygon","id":23,"properties":{"id":23,"name":"Berg am Irchel"},"arcs":[[57,58,59,60,61]]},{"type":"Polygon","id":24,"properties":{"id":24,"name":"Buch am Irchel"},"arcs":[[62,63,64,65,-59,66]]},{"type":"Polygon","id":25,"properties":{"id":25,"name":"Dachsen"},"arcs":[[-56,67,68,69]]},{"type":"Polygon","id":26,"properties":{"id":26,"name":"Dorf"},"arcs":[[70,71,72,-63,73,74]]},{"type":"Polygon","id":27,"properties":{"id":27,"name":"Feuerthalen"},"arcs":[[75,76,77]]},{"type":"Polygon","id":28,"properties":{"id":28,"name":"Flaach"},"arcs":[[78,79,-62,80,81,82]]},{"type":"Polygon","id":29,"properties":{"id":29,"name":"Flurlingen"},"arcs":[[83,84,-77]]},{"type":"Polygon","id":30,"properties":{"id":30,"name":"Andelfingen"},"arcs":[[85,-51,86,-75,87,-79,88]]},{"type":"Polygon","id":31,"properties":{"id":31,"name":"Henggart"},"arcs":[[89,90,91,-72,92]]},{"type":"Polygon","id":32,"properties":{"id":32,"name":"Humlikon"},"arcs":[[-50,93,-93,-71,-87]]},{"type":"Polygon","id":33,"properties":{"id":33,"name":"Kleinandelfingen"},"arcs":[[94,-89,-83,95,96]]},{"type":"Polygon","id":34,"properties":{"id":34,"name":"Laufen-Uhwiesen"},"arcs":[[97,98,-57,-70,99,-84,-76]]},{"type":"Polygon","id":35,"properties":{"id":35,"name":"Marthalen"},"arcs":[[100,-96,-82,101,102,-54]]},{"type":"Polygon","id":36,"properties":{"id":36,"name":"Oberstammheim"},"arcs":[[103,104,105]]},{"type":"Polygon","id":37,"properties":{"id":37,"name":"Ossingen"},"arcs":[[106,107,108,109,-52,-86,-95,110]]},{"type":"Polygon","id":38,"properties":{"id":38,"name":"Rheinau"},"arcs":[[-68,-55,-103,111]]},{"type":"Polygon","id":39,"properties":{"id":39,"name":"Thalheim an der Thur"},"arcs":[[112,113,114,115,-48,-110]]},{"type":"Polygon","id":40,"properties":{"id":40,"name":"Trüllikon"},"arcs":[[116,117,-111,-97,-101,-53,-99]]},{"type":"Polygon","id":41,"properties":{"id":41,"name":"Truttikon"},"arcs":[[118,-107,-118,119]]},{"type":"Polygon","id":42,"properties":{"id":42,"name":"Unterstammheim"},"arcs":[[-105,120,121]]},{"type":"Polygon","id":43,"properties":{"id":43,"name":"Volken"},"arcs":[[-74,-67,-58,-80,-88]]},{"type":"Polygon","id":44,"properties":{"id":44,"name":"Waltalingen"},"arcs":[[-104,122,-108,-119,123,-121]]},{"type":"Polygon","id":51,"properties":{"id":51,"name":"Bachenbülach"},"arcs":[[124,125,126,127]]},{"type":"Polygon","id":52,"properties":{"id":52,"name":"Bassersdorf"},"arcs":[[128,129,130,131,132]]},{"type":"Polygon","id":53,"properties":{"id":53,"name":"Bülach"},"arcs":[[133,134,135,-128,136,137,138,139]]},{"type":"Polygon","id":54,"properties":{"id":54,"name":"Dietlikon"},"arcs":[[140,141,142,143,-132]]},{"type":"Polygon","id":55,"properties":{"id":55,"name":"Eglisau"},"arcs":[[144,145,146,-140,147,148,149,150,151,152]]},{"type":"Polygon","id":56,"properties":{"id":56,"name":"Embrach"},"arcs":[[153,154,155,156,157,-135,158,159]]},{"type":"Polygon","id":57,"properties":{"id":57,"name":"Freienstein-Teufen"},"arcs":[[-66,160,-160,161,-146,162,-60]]},{"type":"MultiPolygon","id":58,"properties":{"id":58,"name":"Glattfelden"},"arcs":[[[-148,-139,163,164,165,166]],[[-150,167,168]]]},{"type":"Polygon","id":59,"properties":{"id":59,"name":"Hochfelden"},"arcs":[[169,170,171,-164,-138]]},{"type":"Polygon","id":60,"properties":{"id":60,"name":"Höri"},"arcs":[[-137,-127,172,173,174,-170]]},{"type":"Polygon","id":61,"properties":{"id":61,"name":"Hüntwangen"},"arcs":[[-151,-169,175,176,177]]},{"type":"Polygon","id":62,"properties":{"id":62,"name":"Kloten"},"arcs":[[178,-133,-144,179,180,181,182,183,184]]},{"type":"Polygon","id":63,"properties":{"id":63,"name":"Lufingen"},"arcs":[[185,-184,186,-157]]},{"type":"Polygon","id":64,"properties":{"id":64,"name":"Nürensdorf"},"arcs":[[187,188,-129,-179,189]]},{"type":"Polygon","id":65,"properties":{"id":65,"name":"Oberembrach"},"arcs":[[190,191,-190,-185,-186,-156,192]]},{"type":"Polygon","id":66,"properties":{"id":66,"name":"Opfikon"},"arcs":[[193,194,195,-181]]},{"type":"Polygon","id":67,"properties":{"id":67,"name":"Rafz"},"arcs":[[-153,196,197]]},{"type":"Polygon","id":68,"properties":{"id":68,"name":"Rorbas"},"arcs":[[-159,-134,-147,-162]]},{"type":"Polygon","id":69,"properties":{"id":69,"name":"Wallisellen"},"arcs":[[198,199,-194,-180,-143]]},{"type":"Polygon","id":70,"properties":{"id":70,"name":"Wasterkingen"},"arcs":[[-177,200,201]]},{"type":"Polygon","id":71,"properties":{"id":71,"name":"Wil (ZH)"},"arcs":[[-152,-178,-202,202,-197]]},{"type":"Polygon","id":72,"properties":{"id":72,"name":"Winkel"},"arcs":[[-158,-187,-183,203,204,-125,-136]]},{"type":"Polygon","id":81,"properties":{"id":81,"name":"Bachs"},"arcs":[[205,206,207,208,209,210,211]]},{"type":"Polygon","id":82,"properties":{"id":82,"name":"Boppelsen"},"arcs":[[212,213,214,215]]},{"type":"Polygon","id":83,"properties":{"id":83,"name":"Buchs (ZH)"},"arcs":[[216,217,218,219,220,221,-213,222]]},{"type":"Polygon","id":84,"properties":{"id":84,"name":"Dällikon"},"arcs":[[223,224,225,226,-220]]},{"type":"Polygon","id":85,"properties":{"id":85,"name":"Dänikon"},"arcs":[[-221,-227,227,228,229]]},{"type":"Polygon","id":86,"properties":{"id":86,"name":"Dielsdorf"},"arcs":[[-217,230,231,232]]},{"type":"Polygon","id":87,"properties":{"id":87,"name":"Hüttikon"},"arcs":[[233,234,235,-229]]},{"type":"Polygon","id":88,"properties":{"id":88,"name":"Neerach"},"arcs":[[-175,236,237,-207,238,-171]]},{"type":"Polygon","id":89,"properties":{"id":89,"name":"Niederglatt"},"arcs":[[239,240,241,-237,-174]]},{"type":"Polygon","id":90,"properties":{"id":90,"name":"Niederhasli"},"arcs":[[242,243,244,-218,-233,245,-241]]},{"type":"Polygon","id":91,"properties":{"id":91,"name":"Niederweningen"},"arcs":[[246,247,248]]},{"type":"Polygon","id":92,"properties":{"id":92,"name":"Oberglatt"},"arcs":[[-205,249,-243,-240,-173,-126]]},{"type":"Polygon","id":93,"properties":{"id":93,"name":"Oberweningen"},"arcs":[[250,251,252,253,254,-210]]},{"type":"Polygon","id":94,"properties":{"id":94,"name":"Otelfingen"},"arcs":[[-222,-230,-236,255,-248,256,-214]]},{"type":"Polygon","id":95,"properties":{"id":95,"name":"Regensberg"},"arcs":[[-231,-223,-216,257,-253,258]]},{"type":"Polygon","id":96,"properties":{"id":96,"name":"Regensdorf"},"arcs":[[259,260,261,262,263,-224,-219,-245]]},{"type":"Polygon","id":97,"properties":{"id":97,"name":"Rümlang"},"arcs":[[-182,-196,264,-260,-244,-250,-204]]},{"type":"Polygon","id":98,"properties":{"id":98,"name":"Schleinikon"},"arcs":[[-258,-215,-257,-247,265,-254]]},{"type":"Polygon","id":99,"properties":{"id":99,"name":"Schöfflisdorf"},"arcs":[[-209,266,-251]]},{"type":"Polygon","id":100,"properties":{"id":100,"name":"Stadel"},"arcs":[[-172,-239,-206,267,-165]]},{"type":"Polygon","id":101,"properties":{"id":101,"name":"Steinmaur"},"arcs":[[-238,-242,-246,-232,-259,-252,-267,-208]]},{"type":"Polygon","id":102,"properties":{"id":102,"name":"Weiach"},"arcs":[[-166,-268,-212,268]]},{"type":"Polygon","id":111,"properties":{"id":111,"name":"Bäretswil"},"arcs":[[269,270,271,272,273,274]]},{"type":"Polygon","id":112,"properties":{"id":112,"name":"Bubikon"},"arcs":[[275,276,277,278,279,280,281]]},{"type":"Polygon","id":113,"properties":{"id":113,"name":"Dürnten"},"arcs":[[282,283,-277,284]]},{"type":"Polygon","id":114,"properties":{"id":114,"name":"Fischenthal"},"arcs":[[285,286,-270,287,288]]},{"type":"Polygon","id":115,"properties":{"id":115,"name":"Gossau (ZH)"},"arcs":[[289,290,-282,291,292,293,294,295]]},{"type":"Polygon","id":116,"properties":{"id":116,"name":"Grüningen"},"arcs":[[-281,296,297,298,-292]]},{"type":"Polygon","id":117,"properties":{"id":117,"name":"Hinwil"},"arcs":[[-287,299,-285,-276,-291,300,-271]]},{"type":"Polygon","id":118,"properties":{"id":118,"name":"Rüti (ZH)"},"arcs":[[301,-278,-284,302]]},{"type":"Polygon","id":119,"properties":{"id":119,"name":"Seegräben"},"arcs":[[303,304,305,306]]},{"type":"Polygon","id":120,"properties":{"id":120,"name":"Wald (ZH)"},"arcs":[[307,-303,-283,-300,-286]]},{"type":"Polygon","id":121,"properties":{"id":121,"name":"Wetzikon (ZH)"},"arcs":[[-272,-301,-290,308,-304,309]]},{"type":"Polygon","id":131,"properties":{"id":131,"name":"Adliswil"},"arcs":[[310,311,-42,312,313]]},{"type":"Polygon","id":132,"properties":{"id":132,"name":"Hirzel"},"arcs":[[314,315,316,-19,317]]},{"type":"Polygon","id":133,"properties":{"id":133,"name":"Horgen"},"arcs":[[318,319,320,-318,-18,321,322]]},{"type":"Polygon","id":134,"properties":{"id":134,"name":"Hütten"},"arcs":[[323,324,325]]},{"type":"Polygon","id":135,"properties":{"id":135,"name":"Kilchberg (ZH)"},"arcs":[[326,-314,327,328]]},{"type":"Polygon","id":136,"properties":{"id":136,"name":"Langnau am Albis"},"arcs":[[329,-322,-23,-1,-43,-312,330]]},{"type":"Polygon","id":137,"properties":{"id":137,"name":"Oberrieden"},"arcs":[[-319,331,332]]},{"type":"Polygon","id":138,"properties":{"id":138,"name":"Richterswil"},"arcs":[[333,-326,334,335,336]]},{"type":"Polygon","id":139,"properties":{"id":139,"name":"Rüschlikon"},"arcs":[[337,-331,-311,-327,338]]},{"type":"Polygon","id":140,"properties":{"id":140,"name":"Schönenberg (ZH)"},"arcs":[[-335,-325,339,-316,340]]},{"type":"Polygon","id":141,"properties":{"id":141,"name":"Thalwil"},"arcs":[[-332,-323,-330,-338,341]]},{"type":"Polygon","id":142,"properties":{"id":142,"name":"Wädenswil"},"arcs":[[-336,-341,-315,-321,342]]},{"type":"Polygon","id":151,"properties":{"id":151,"name":"Erlenbach (ZH)"},"arcs":[[343,344,345]]},{"type":"Polygon","id":152,"properties":{"id":152,"name":"Herrliberg"},"arcs":[[346,347,348,349,-344,350]]},{"type":"Polygon","id":153,"properties":{"id":153,"name":"Hombrechtikon"},"arcs":[[-280,351,352,353,354,-297]]},{"type":"Polygon","id":154,"properties":{"id":154,"name":"Küsnacht (ZH)"},"arcs":[[355,356,-351,-346,357,358]]},{"type":"Polygon","id":155,"properties":{"id":155,"name":"Männedorf"},"arcs":[[359,360,361,362]]},{"type":"Polygon","id":156,"properties":{"id":156,"name":"Meilen"},"arcs":[[363,364,365,-349]]},{"type":"Polygon","id":157,"properties":{"id":157,"name":"Oetwil am See"},"arcs":[[-298,-355,366,-363,367,368]]},{"type":"Polygon","id":158,"properties":{"id":158,"name":"Stäfa"},"arcs":[[-354,369,-360,-367]]},{"type":"Polygon","id":159,"properties":{"id":159,"name":"Uetikon am See"},"arcs":[[-368,-362,370,-365,371]]},{"type":"Polygon","id":160,"properties":{"id":160,"name":"Zumikon"},"arcs":[[-356,372,373]]},{"type":"Polygon","id":161,"properties":{"id":161,"name":"Zollikon"},"arcs":[[374,-373,-359,375,376]]},{"type":"Polygon","id":172,"properties":{"id":172,"name":"Fehraltorf"},"arcs":[[377,378,379,380,381]]},{"type":"Polygon","id":173,"properties":{"id":173,"name":"Hittnau"},"arcs":[[382,-274,383]]},{"type":"Polygon","id":174,"properties":{"id":174,"name":"Illnau-Effretikon"},"arcs":[[384,385,386,-382,387,388,389]]},{"type":"Polygon","id":175,"properties":{"id":175,"name":"Kyburg"},"arcs":[[390,391,-385,392]]},{"type":"Polygon","id":176,"properties":{"id":176,"name":"Lindau"},"arcs":[[393,-389,394,395,-130,-189,396]]},{"type":"Polygon","id":177,"properties":{"id":177,"name":"Pfäffikon"},"arcs":[[397,-384,-273,-310,-307,398,-379,399,400]]},{"type":"Polygon","id":178,"properties":{"id":178,"name":"Russikon"},"arcs":[[-400,-378,-387,401,402]]},{"type":"Polygon","id":180,"properties":{"id":180,"name":"Weisslingen"},"arcs":[[403,-402,-386,-392,404]]},{"type":"Polygon","id":181,"properties":{"id":181,"name":"Wila"},"arcs":[[405,406,407,408]]},{"type":"Polygon","id":182,"properties":{"id":182,"name":"Wildberg"},"arcs":[[-408,409,-401,-403,-404,410,411]]},{"type":"Polygon","id":191,"properties":{"id":191,"name":"Dübendorf"},"arcs":[[412,413,414,415,-199,-142,416]]},{"type":"Polygon","id":192,"properties":{"id":192,"name":"Egg"},"arcs":[[-293,-299,-369,-372,-364,-348,417,418]]},{"type":"Polygon","id":193,"properties":{"id":193,"name":"Fällanden"},"arcs":[[419,420,421,422,-415]]},{"type":"Polygon","id":194,"properties":{"id":194,"name":"Greifensee"},"arcs":[[423,424,425,426]]},{"type":"Polygon","id":195,"properties":{"id":195,"name":"Maur"},"arcs":[[427,428,-418,-347,-357,-374,-375,429,-422]]},{"type":"MultiPolygon","id":196,"properties":{"id":196,"name":"Mönchaltorf"},"arcs":[[[-294,-419,-429,430,431]],[[-305,-309,-296,432]]]},{"type":"Polygon","id":197,"properties":{"id":197,"name":"Schwerzenbach"},"arcs":[[-426,433,-420,-414,434]]},{"type":"Polygon","id":198,"properties":{"id":198,"name":"Uster"},"arcs":[[-380,-399,-306,-433,-295,-432,435,-424,436]]},{"type":"Polygon","id":199,"properties":{"id":199,"name":"Volketswil"},"arcs":[[-381,-437,-427,-435,-413,437,-395,-388]]},{"type":"Polygon","id":200,"properties":{"id":200,"name":"Wangen-Brüttisellen"},"arcs":[[-396,-438,-417,-141,-131]]},{"type":"Polygon","id":211,"properties":{"id":211,"name":"Altikon"},"arcs":[[438,439,440,-114,441]]},{"type":"Polygon","id":213,"properties":{"id":213,"name":"Brütten"},"arcs":[[-397,-188,-192,442]]},{"type":"Polygon","id":214,"properties":{"id":214,"name":"Dägerlen"},"arcs":[[-116,443,444,445,-90,-94,-49]]},{"type":"Polygon","id":215,"properties":{"id":215,"name":"Dättlikon"},"arcs":[[446,447,-154,-161,-65]]},{"type":"Polygon","id":216,"properties":{"id":216,"name":"Dinhard"},"arcs":[[-441,448,449,450,-444,-115]]},{"type":"Polygon","id":217,"properties":{"id":217,"name":"Elgg"},"arcs":[[451,452,453,454,455]]},{"type":"Polygon","id":218,"properties":{"id":218,"name":"Ellikon an der Thur"},"arcs":[[456,457,-439,458]]},{"type":"Polygon","id":219,"properties":{"id":219,"name":"Elsau"},"arcs":[[-455,459,460,461,462]]},{"type":"Polygon","id":220,"properties":{"id":220,"name":"Hagenbuch"},"arcs":[[-452,463,464]]},{"type":"Polygon","id":221,"properties":{"id":221,"name":"Hettlingen"},"arcs":[[-446,465,466,467,-91]]},{"type":"Polygon","id":222,"properties":{"id":222,"name":"Hofstetten (ZH)"},"arcs":[[468,469,470,-460,-454]]},{"type":"Polygon","id":223,"properties":{"id":223,"name":"Neftenbach"},"arcs":[[-92,-468,471,472,-447,-64,-73]]},{"type":"Polygon","id":224,"properties":{"id":224,"name":"Pfungen"},"arcs":[[473,-193,-155,-448,-473]]},{"type":"Polygon","id":225,"properties":{"id":225,"name":"Rickenbach (ZH)"},"arcs":[[-458,474,475,-449,-440]]},{"type":"Polygon","id":226,"properties":{"id":226,"name":"Schlatt (ZH)"},"arcs":[[476,477,478,-461,-471]]},{"type":"Polygon","id":227,"properties":{"id":227,"name":"Seuzach"},"arcs":[[479,-466,-445,-451]]},{"type":"Polygon","id":228,"properties":{"id":228,"name":"Turbenthal"},"arcs":[[-409,-412,480,-477,-470,481]]},{"type":"Polygon","id":230,"properties":{"id":230,"name":"Winterthur"},"arcs":[[-476,482,-462,-479,483,-393,-390,-394,-443,-191,-474,-472,-467,-480,-450]]},{"type":"Polygon","id":231,"properties":{"id":231,"name":"Zell (ZH)"},"arcs":[[-481,-411,-405,-391,-484,-478]]},{"type":"Polygon","id":241,"properties":{"id":241,"name":"Aesch (ZH)"},"arcs":[[-16,484,485]]},{"type":"Polygon","id":242,"properties":{"id":242,"name":"Birmensdorf (ZH)"},"arcs":[[-45,-47,-486,486,487,488]]},{"type":"Polygon","id":243,"properties":{"id":243,"name":"Dietikon"},"arcs":[[489,490,491,492,493,494,495]]},{"type":"Polygon","id":244,"properties":{"id":244,"name":"Geroldswil"},"arcs":[[496,-490,497]]},{"type":"Polygon","id":245,"properties":{"id":245,"name":"Oberengstringen"},"arcs":[[498,499,500,-262]]},{"type":"Polygon","id":246,"properties":{"id":246,"name":"Oetwil an der Limmat"},"arcs":[[-228,-226,501,-498,-496,502,-234]]},{"type":"Polygon","id":247,"properties":{"id":247,"name":"Schlieren"},"arcs":[[503,504,-493,505,-500]]},{"type":"Polygon","id":248,"properties":{"id":248,"name":"Uitikon"},"arcs":[[-46,-489,506,507]]},{"type":"Polygon","id":249,"properties":{"id":249,"name":"Unterengstringen"},"arcs":[[-501,-506,-492,508,-263]]},{"type":"Polygon","id":250,"properties":{"id":250,"name":"Urdorf"},"arcs":[[-505,-507,-488,509,-494]]},{"type":"Polygon","id":251,"properties":{"id":251,"name":"Weiningen (ZH)"},"arcs":[[-264,-509,-491,-497,-502,-225]]},{"type":"Polygon","id":261,"properties":{"id":261,"name":"Zürich"},"arcs":[[-195,-200,-416,-423,-430,-377,510,-328,-313,-41,-508,-504,-499,-261,-265]]},{"type":"Polygon","id":297,"properties":{"id":297,"name":"Bauma"},"arcs":[[-288,-275,-383,-398,-410,-407,511]]},{"type":"Polygon","id":298,"properties":{"id":298,"name":"Wiesendangen"},"arcs":[[512,-464,-456,-463,-483,-475,-457]]},{"type":"Polygon","id":9040,"properties":{"id":9040,"name":"Greifensee"},"arcs":[[-425,-436,-431,-428,-421,-434]]},{"type":"Polygon","id":9051,"properties":{"id":9051,"name":"Zürichsee (ZH)"},"arcs":[[-376,-358,-345,-350,-366,-371,-361,-370,-353,513,-337,-343,-320,-333,-342,-339,-329,-511]]}]},"lakes":{"type":"GeometryCollection","geometries":[{"type":"Polygon","id":9040,"properties":{"id":9040,"name":"Greifensee"},"arcs":[[-425,-436,-431,-428,-421,-434]]},{"type":"Polygon","id":9050,"properties":{"id":9050,"name":"Zürichsee"},"arcs":[[-337,-343,-320,-333,-342,-339,-329,-511,-376,-358,-345,-350,-366,-371,-361,-370,-353,514],[515],[516]]}]}},"arcs":[[[23743,23621],[734,-546],[-470,-1591],[-710,-245]],[[23297,21239],[-439,-83],[384,-1453],[-237,-675]],[[23005,19028],[-168,46]],[[22837,19074],[-962,-334],[-1467,68],[-292,-460],[-1545,570],[-342,479]],[[18229,19397],[467,232],[269,831],[-730,954],[136,1490],[-280,435],[953,855]],[[19044,24194],[1056,53],[292,698],[1118,-362],[1678,-999],[555,37]],[[18955,24980],[89,-786]],[[18229,19397],[-584,258],[-650,-233],[-1747,931],[-892,-97],[93,-756],[-518,458]],[[13931,19958],[-1443,1566],[384,436],[-430,543],[-975,41],[-408,-382]],[[11059,22162],[-422,1025],[-804,1181],[-1,575],[-758,100]],[[9074,25043],[2298,1353]],[[11372,26396],[68,-390],[1530,-565],[758,-954],[1089,-291],[1166,516],[387,460],[1040,-325],[1545,133]],[[20105,30729],[282,-415],[-354,-1005],[503,-552],[851,-185],[-1579,-473],[-275,-1604],[384,-752]],[[19917,25743],[-928,214],[-887,708],[-3270,1661],[-943,792],[-593,113]],[[13296,29231],[-110,359],[842,414],[535,626],[-91,500],[1029,1427],[-146,183]],[[15355,32740],[179,42]],[[15534,32782],[882,-783],[784,315],[-43,-811],[1905,-116],[90,-526],[953,-132]],[[28339,19040],[341,-632],[921,-809],[652,-996],[1572,-1048],[759,-1101],[202,-703],[862,-1041],[1118,-453],[38,-446],[704,-190]],[[35508,11621],[-355,-532]],[[35153,11089],[-894,-75],[-1900,249],[-1094,654],[-184,-287],[-1500,73]],[[29581,11703],[-14,496],[-890,749],[803,151],[-683,682],[-1447,333],[-1104,840],[-18,-313]],[[26228,14641],[-1280,-13],[101,1003],[-167,1338],[442,177],[-1402,1301],[-917,581]],[[23297,21239],[1165,-550],[654,584],[510,-1270],[490,-245],[470,492],[1192,-307],[561,-903]],[[19917,25743],[-962,-763]],[[11372,26396],[478,1433],[-20,592],[635,676],[831,134]],[[29581,11703],[-664,180],[-445,-432],[-626,239],[-184,-793],[-632,212],[-2360,97],[-343,-693],[-1359,-701],[-705,97],[-1186,-278]],[[21077,9631],[-626,827],[-36,585]],[[20415,11043],[532,94],[-88,807],[483,651],[-307,639],[-1171,1029],[259,344]],[[20123,14607],[1029,-60],[478,-367],[770,123],[1422,-1111],[962,-137],[-348,717],[1937,479],[-145,390]],[[21077,9631],[-976,-491],[-1628,418],[-488,538],[-1469,32],[-755,920],[-581,-145],[-827,422],[-230,633]],[[14123,11958],[259,374],[-336,738],[-1327,1427],[50,1238]],[[12769,15735],[468,192],[303,-687],[425,273],[475,-837],[650,298],[960,-1041],[988,183],[439,-833],[880,-793],[1891,-968],[167,-479]],[[14123,11958],[-851,335],[-643,-280],[-1207,228],[-1171,-296],[-723,1281],[99,638],[-537,977],[342,464],[-445,510]],[[8987,15815],[11,437],[2310,-53],[1030,285]],[[12338,16484],[431,-749]],[[22837,19074],[-288,-821],[-1118,-722],[143,-388],[-929,-37],[-426,597],[-1211,15],[-747,-312],[891,-493],[-472,-279],[1443,-2027]],[[12338,16484],[315,320],[-819,828],[49,1109],[1497,612],[551,605]],[[8987,15815],[-141,496],[-1586,1359],[168,1376],[-561,510],[86,776]],[[6953,20332],[2299,532],[1021,902],[779,-571],[7,967]],[[6953,20332],[26,988],[-1062,834],[-528,1587],[-460,663],[570,181],[758,-567],[1154,735],[1663,290]],[[20580,36111],[1745,-1367],[-97,-385],[765,-1263],[-224,-1018],[196,-632],[-195,-939],[397,-462]],[[23167,30045],[552,-1520],[552,-623],[-455,-602],[265,-559],[-358,-593],[520,-2245]],[[24243,23903],[-500,-282]],[[20105,30729],[246,1201],[-765,1542],[-904,1118],[-914,690]],[[17768,35280],[188,654],[651,352]],[[18607,36286],[856,207],[1117,-382]],[[15534,32782],[1003,258],[-1,622],[-915,795],[-134,606],[1045,556],[1236,-339]],[[58688,81586],[-46,-901],[-1227,-722],[2586,-2209]],[[60001,77754],[-606,-627],[-1144,319],[-997,788],[-359,-233],[-1014,788],[88,-1219],[-970,-492]],[[54999,77078],[-351,682],[-1205,-478],[-875,85],[-794,1095],[-647,-135],[-447,871]],[[50680,79198],[783,135],[947,1277],[1510,-596],[363,142],[344,-841],[543,-401],[714,188],[936,1015],[-1414,297],[-913,576],[-1,671]],[[54492,81661],[375,-201],[1886,950],[589,833],[381,-38],[718,-1169],[-1025,-357],[436,-459],[836,366]],[[49829,94760],[176,-335],[-512,-1609],[321,-912],[-602,-105],[349,-487],[-1372,-692],[-465,-759]],[[47724,89861],[-451,555],[-1405,216],[-131,-727],[-1071,556]],[[44666,90461],[-359,578]],[[44307,91039],[691,1786],[-83,467],[-978,340]],[[43937,93632],[712,267],[630,-223],[1861,587],[452,544],[2237,-47]],[[40747,76339],[644,-240]],[[41391,76099],[-1110,-1102],[155,-1085],[304,-146],[-767,-1393],[-662,270],[-1134,-140]],[[38177,72503],[-468,683],[-1134,788],[-1446,-87],[51,806],[-565,398],[-1165,240]],[[33450,75331],[697,2189]],[[34147,77520],[4765,-374],[1064,-647],[771,-160]],[[43576,75840],[1072,-998],[631,189],[1136,-525]],[[46415,74506],[260,-570],[-648,-120],[435,-506],[195,-1076],[-714,-30],[1092,-679],[-1847,-1341],[93,-409],[-736,-81],[-405,-939]],[[44140,68755],[-808,161],[130,702],[-1504,1017],[-1379,-395]],[[40579,70240],[-599,587],[-1427,233],[231,245],[-607,1198]],[[41391,76099],[2185,-259]],[[44307,91039],[-1185,392]],[[43122,91431],[-174,980],[-2028,1413]],[[40920,93824],[-609,437],[-248,906],[472,857],[787,-506],[678,255],[1043,-1813],[894,-328]],[[48000,79788],[-145,-1096],[749,-409],[469,-1337],[-612,-428],[897,-1139]],[[49358,75379],[2,-131]],[[49360,75248],[-1123,12],[-731,-853],[-1091,99]],[[43576,75840],[756,493],[368,2271],[915,83],[-77,514],[1033,152],[-125,415]],[[46446,79768],[1440,256],[114,-236]],[[49479,96840],[-1445,63]],[[48034,96903],[-505,107],[-2678,1276],[218,519],[-764,36],[-578,813]],[[43727,99654],[1684,345],[1516,-640],[1399,-911],[1517,-263],[-364,-1345]],[[45016,80690],[234,-697]],[[45250,79993],[-548,-189],[-1579,23],[-343,-764],[-509,11],[-638,-1594],[-886,-1141]],[[34147,77520],[1198,402],[151,378],[-490,1014],[100,839],[843,865],[1531,489]],[[37480,81507],[946,494],[1342,-445],[233,213],[1733,255]],[[41734,82024],[761,-655],[853,-293],[1131,160],[537,-546]],[[48034,96903],[-947,-467],[-2575,458],[-1651,-579],[-440,274]],[[42421,96589],[556,548],[-438,1518],[95,788],[1093,211]],[[54195,81819],[297,-158]],[[50680,79198],[-643,-39],[-533,513],[-1504,116]],[[46446,79768],[-1127,-45],[-69,270]],[[45016,80690],[1411,-469],[322,214],[213,1157],[800,780],[552,1103],[1064,205],[796,-514],[598,-848],[763,-522],[888,-142],[1772,165]],[[54368,76170],[331,-396],[-458,-435]],[[54241,75339],[-807,93],[166,-908],[-441,-6],[-600,-1090]],[[52559,73428],[-591,138],[-343,-636],[-562,1254],[-769,726],[-934,338]],[[49358,75379],[343,-18],[1286,1367],[1649,119],[621,-305],[566,211],[545,-583]],[[54999,77078],[-631,-908]],[[52724,87382],[-312,-677],[631,-134],[-268,-1300],[697,-479],[573,238],[895,-305],[312,-645],[-973,-1004],[608,-260],[-62,-515],[-630,-482]],[[41734,82024],[1648,15],[1517,207],[479,1088],[3507,1163],[438,498],[-92,2849]],[[49231,87844],[2389,89],[1104,-551]],[[49479,96840],[229,-544],[1159,-549],[173,-1122]],[[51040,94625],[-1211,135]],[[40920,93824],[-268,-146],[-772,728],[-256,815],[543,528],[482,1015],[997,-384],[775,209]],[[47724,89861],[1539,-1367],[-676,-313],[644,-337]],[[37480,81507],[306,262],[-45,1009],[305,767],[1115,886]],[[39161,84431],[698,-1646],[1157,91],[851,454],[-458,476],[923,653],[-24,447],[-787,-157],[-434,646],[949,163],[1324,878],[25,521],[-1543,955],[935,429],[418,593],[1011,-197],[980,758],[-520,966]],[[68557,84130],[-200,315],[529,665],[-675,446],[-374,750],[314,419],[-736,93],[442,607],[-556,211]],[[67301,87636],[1552,327],[53,672],[1241,605],[463,1182],[1543,501],[-133,394],[821,274]],[[72841,91591],[1871,-529],[177,-1197],[-1165,-2063],[-1089,-355],[-264,-890],[459,-242],[-491,-444],[391,-326],[-1444,-658],[-444,-1970],[142,-401],[-2285,398],[-142,1216]],[[56547,88725],[-193,-837],[1073,-215],[-100,-530],[456,-509],[1470,-230],[1434,855],[979,239]],[[61666,87498],[1148,119],[487,-875],[-858,-419]],[[62443,86323],[-492,96],[-91,-1694],[-876,-119],[-137,-763],[394,-133],[316,-907],[760,-465],[-480,-655],[401,-786]],[[62238,80897],[-976,-831],[-1176,536],[-233,1012],[-1165,-28]],[[52724,87382],[974,211],[1369,-613],[-354,541],[-65,1014],[572,250],[1327,-60]],[[39161,84431],[126,1182],[-1093,2125],[-339,2529],[914,564],[476,1045],[767,172],[621,-500],[199,-923],[-445,-434],[-978,-75],[-368,-389],[387,-422],[1144,-2],[1257,308],[515,381],[778,1439]],[[62238,80897],[2202,93]],[[64440,80990],[439,-2289],[-360,-1062],[475,-111],[7,-655],[483,-706]],[[65484,76167],[-988,72],[-1351,564],[-614,795],[-344,-437],[-894,252],[-56,-578]],[[61237,76835],[-1236,919]],[[51040,94625],[523,-1662],[665,-395],[502,-1006],[1760,-463],[1454,-925],[764,402],[578,-454]],[[57286,90122],[-268,-1501],[-471,104]],[[62087,89563],[-446,-743],[482,-395],[-457,-927]],[[57286,90122],[1366,256],[1393,-272],[1368,182],[674,-725]],[[67301,87636],[-478,-71],[-439,1022],[-134,1849],[-429,488],[-610,-142],[-331,610]],[[64880,91392],[608,314],[1230,-238],[1542,1171],[411,1904],[2664,-121],[-64,-2334],[1570,-497]],[[68557,84130],[-2121,970],[-654,46],[-1341,559],[-875,-239],[-1123,857]],[[62087,89563],[222,453],[1450,357],[1121,1019]],[[33255,65723],[213,-510],[-816,196],[624,-1414],[-1099,-627],[-2053,-24],[-1613,-888],[469,-1106]],[[28980,61350],[-596,-101],[-1228,701],[130,860],[-967,378]],[[26319,63188],[-95,296]],[[26224,63484],[3043,1524],[1349,545],[223,395],[1068,493],[42,-485],[1306,-233]],[[42708,55834],[2212,-1926],[162,-483],[1374,-1356],[1489,-472]],[[47945,51597],[-300,-440],[-7,-1442],[755,-477],[-451,-585]],[[47942,48653],[-1357,189],[-233,574],[-940,390],[-1513,225],[-146,677],[-636,-217]],[[43117,50491],[-263,944],[-832,121],[-435,-416],[-1264,205],[-1258,892]],[[39065,52237],[701,1187],[-180,1262],[1295,819],[610,646],[1217,-317]],[[30776,73059],[137,-1807],[710,-317],[263,-662],[847,-847],[-249,-1148],[590,-514],[938,56],[669,-719]],[[34681,67101],[-330,-100],[316,-1017],[-757,-555]],[[33910,65429],[-655,294]],[[26224,63484],[-702,261],[166,541],[-609,511],[1074,519],[-384,707]],[[25769,66023],[930,903],[-193,960],[-902,240],[212,1092],[549,764],[-293,1306],[-702,646]],[[25370,71934],[613,126],[414,854],[914,-178],[-265,2264]],[[27046,75000],[1152,-130],[1688,-1337],[890,-474]],[[43117,50491],[-567,-173],[-407,-856],[224,-1115],[652,-933],[190,-886]],[[43209,46528],[-861,-365],[-724,143]],[[41624,46306],[-454,895],[-642,571],[-115,633],[-1314,1041],[-300,1234],[58,847],[-842,159]],[[38015,51686],[142,491],[908,60]],[[30260,80968],[-1958,-1047],[267,-704],[-457,-96],[543,-903],[-430,-483],[1653,-128],[158,-642],[-738,-259],[1147,-1172],[337,-1315],[601,-710]],[[31383,73509],[-77,-400]],[[31306,73109],[-530,-50]],[[27046,75000],[-1581,111],[70,1353],[-1027,421],[-21,-358],[-1155,603],[-796,-194],[84,781],[-2257,-252],[-794,327],[507,282]],[[20076,78074],[506,88]],[[20582,78162],[141,-220],[2192,179],[-261,624]],[[22654,78745],[1372,-60],[1270,234],[183,1016],[-617,516],[232,646]],[[25094,81097],[1754,50],[1392,-1146],[1480,1018]],[[29720,81019],[540,-51]],[[39594,67977],[1077,78],[791,-394]],[[41462,67661],[1166,-586],[-918,-807],[1290,-643],[338,-799]],[[43338,64826],[-177,-1321],[-748,191],[-267,-346],[-870,69],[-567,-515],[-808,-109],[-1038,-509]],[[38863,62286],[-160,281],[-1211,-73],[-770,514],[-580,-825],[-614,-243],[-1112,162]],[[34416,62102],[-169,710],[-781,429],[606,617],[-255,435],[401,625],[-308,511]],[[34681,67101],[962,289],[96,1086],[648,-100],[123,545]],[[36510,68921],[600,234],[887,-1070],[946,-364],[651,256]],[[40579,70240],[-766,-1440],[555,-197],[-774,-626]],[[36510,68921],[-839,473],[-48,798],[-1322,1136],[-358,695],[-1255,-145],[-114,690],[-1268,541]],[[31383,73509],[1001,305],[1066,1517]],[[25370,71934],[-1146,-226],[-969,-933],[-556,885]],[[22699,71660],[-1502,1401],[-1919,888],[-951,220],[-258,670],[-1699,-771],[-703,456]],[[15667,74524],[1278,542],[741,730],[-741,1337]],[[16945,77133],[2089,1066],[1042,-125]],[[20582,78162],[1215,651]],[[21797,78813],[857,-68]],[[25769,66023],[-1990,119],[47,719],[-732,428],[-512,-261],[-889,510]],[[21693,67538],[-497,1431]],[[21196,68969],[-15,388],[1021,892],[-310,1033],[807,378]],[[26319,63188],[-601,-329]],[[25718,62859],[-407,-203],[-951,1179],[-1037,-239],[-921,191],[-1766,-552]],[[20636,63235],[-1004,1721],[1293,504],[54,916],[628,585],[86,577]],[[21797,78813],[-946,1242],[-256,-93]],[[20595,79962],[-870,1025],[-353,1083],[865,1159]],[[20237,83229],[699,-176],[968,344],[15,-743],[536,-663],[1588,-151],[777,-261],[274,-482]],[[42608,58833],[-177,-304],[369,-1181],[986,-392],[-1078,-1122]],[[38015,51686],[-584,4]],[[37431,51690],[-855,517],[-792,-70],[-1415,407],[-247,335],[-1459,-573],[-879,477],[-407,-288]],[[31377,52495],[-1420,1324],[470,1093],[-559,318],[1481,2176]],[[31349,57406],[375,-331],[1204,886],[-885,1013],[1303,-472],[1188,185],[289,1106],[505,120]],[[35328,59913],[987,-416],[433,-619],[747,-195],[697,-1213],[906,735],[529,28],[-352,962],[1033,951]],[[40308,60146],[1034,-478],[10,-1158],[1256,323]],[[38863,62286],[1057,-624],[-277,-317],[817,-781],[-152,-418]],[[35328,59913],[-712,748],[-474,907],[274,534]],[[46949,58336],[255,-482],[1492,-745],[429,-561],[483,192],[651,-460]],[[50259,56280],[883,-1434],[-1132,-774],[-511,27],[-1045,-703],[-154,-1594],[-355,-205]],[[42608,58833],[1580,866],[572,-514],[149,-725],[732,50],[605,-369],[703,195]],[[47905,63167],[404,-1412]],[[48309,61755],[-1485,-977],[581,-567],[-411,-235],[481,-1053],[-526,-587]],[[43338,64826],[982,405],[126,-1143],[1805,-561],[835,272],[819,-632]],[[37431,51690],[-272,-1345],[-556,-478],[206,-411],[-674,-224],[-990,159],[-840,-282],[23,-490]],[[34328,48619],[-673,-53],[-213,-515],[-683,-174],[-390,531],[-998,447],[450,539],[-330,1293]],[[31491,50687],[567,752],[-681,1056]],[[29720,81019],[-2638,2116],[-535,1434],[-412,426],[-72,938],[434,953],[-484,266],[-403,1051],[-321,93]],[[25289,88296],[-147,369],[842,104],[783,-506],[2080,-175],[-33,-885],[714,160],[689,-268],[1589,-179],[871,-1457],[1037,94],[547,-1193],[-1009,-190],[-53,-840],[-735,-746],[220,-366],[-950,-382],[-93,-605],[-1381,-263]],[[41624,46306],[-1564,-67],[-431,-556],[-1595,316]],[[38034,45999],[-3512,1020],[-194,1600]],[[20595,79962],[-915,-385],[-2286,-203],[-338,716],[-701,51],[130,797],[-666,881],[-72,945],[1834,245],[1564,1344]],[[19145,84353],[1092,-1124]],[[19145,84353],[196,806],[652,-284],[885,263],[912,-94],[1345,490],[847,63],[-151,1185],[1218,-91],[-341,293],[581,1312]],[[31349,57406],[-490,425]],[[30859,57831],[-1316,1123],[503,367],[-413,455],[-653,1574]],[[13169,70771],[-80,-335],[849,-256],[-339,-290],[1443,-1482],[135,-1114],[906,-233],[431,-568]],[[16514,66493],[-1096,-775]],[[15418,65718],[-978,165],[-269,594],[-866,-10],[-175,-499],[-1407,182],[-267,-264],[-1057,1135]],[[10399,67021],[-705,936]],[[9694,67957],[-216,391],[-1207,576],[-491,-168],[-914,364],[291,746]],[[7157,69866],[275,248],[-537,1009],[527,-336],[1113,1488],[986,-95]],[[9521,72180],[696,85],[2071,-1710],[881,216]],[[9985,58071],[-322,-2306]],[[9663,55765],[-581,169],[-852,934],[-661,-200],[-518,699],[-867,15],[-435,712],[-724,98],[1013,1392],[-649,144],[270,512]],[[5659,60240],[1736,72]],[[7395,60312],[1801,-219],[491,-1044],[-456,-646],[754,-332]],[[10981,57818],[1188,-296],[1265,140],[569,-240],[1029,215],[276,-717],[955,335],[-118,-793],[482,42]],[[16627,56504],[265,-518]],[[16892,55986],[-1194,-462],[-73,-591],[-1107,168],[23,-385],[-801,-227],[52,-611],[-566,59]],[[13226,53937],[-1900,297],[-1459,4]],[[9867,54238],[-413,176]],[[9454,54414],[387,294],[-604,431],[426,626]],[[9985,58071],[996,-253]],[[13226,53937],[175,-926],[1590,-1056],[-1152,-1725]],[[13839,50230],[-2826,657],[-1396,465]],[[9617,51352],[-342,65]],[[9275,51417],[267,567],[-345,1585],[619,-33],[51,702]],[[9275,51417],[-1982,420]],[[7293,51837],[-1627,883],[-294,1314],[-313,406]],[[5059,54440],[1927,96],[18,196],[2450,-318]],[[10981,57818],[1121,1434],[616,202],[191,-641],[419,1082],[660,8],[231,803]],[[14219,60706],[1489,876],[3111,83]],[[18819,61665],[-866,-1880],[143,-1037],[-586,-2],[-187,-938],[-517,-214],[-179,-1090]],[[7293,51837],[-816,-402],[-627,148],[-1690,-101]],[[4160,51482],[186,304],[-502,738],[-22,1488],[795,179]],[[4617,54191],[442,249]],[[20636,63235],[-863,-210],[-647,-615]],[[19126,62410],[-2132,194],[368,505],[-438,1010],[109,458],[-996,323],[208,411],[-893,14],[66,393]],[[16514,66493],[897,1124],[1790,319],[1671,21],[324,1012]],[[25718,62859],[319,-442],[-1476,-566],[-681,-952],[-1094,-498]],[[22786,60401],[-411,-63],[-367,1112],[-727,-85],[-755,877],[-1197,-876],[-504,643]],[[18825,62009],[301,401]],[[22786,60401],[-389,-750],[630,-241],[691,-893],[328,-1105],[832,-449],[780,313],[-182,486],[809,465],[229,-1304]],[[26514,56923],[-1338,-348],[40,-609],[-942,-49],[194,-1141],[-1295,-470],[-467,-829]],[[22706,53477],[-1052,786],[16,815],[-770,328],[-454,-438],[-733,1195],[-1383,260],[-1438,-437]],[[18819,61665],[6,344]],[[5429,68337],[7,-1106],[-435,-1440],[110,-982],[-668,-613],[-361,-1216],[-796,-336],[419,-701],[-832,-708],[382,-1041]],[[3255,60194],[-789,-33]],[[2466,60161],[-1550,-103],[-251,917],[106,913],[-685,1276],[765,700],[-639,-54],[-64,888],[373,860],[2017,142],[1060,923],[161,1681],[840,727],[830,-694]],[[30859,57831],[-1793,-575],[-310,532],[-558,-386],[91,-606],[-540,324],[-1235,-197]],[[9694,67957],[-595,-229],[-1103,349],[820,-1020],[203,-1080],[-345,-817],[-578,-313],[782,-186],[-635,-1601],[712,-123],[-468,-691],[415,-110],[-5,-1146]],[[8897,60990],[-437,-626]],[[8460,60364],[-779,-23]],[[7681,60341],[-503,721],[-624,-88],[502,989],[-327,1011],[590,386],[-620,526],[224,811],[-382,68],[524,1047],[-453,821],[-244,1496],[-712,317]],[[5656,68446],[380,379],[-9,815],[1130,226]],[[4617,54191],[-609,1259],[-645,528],[-976,-48],[-529,1242],[-592,157],[331,763],[1182,148],[-266,702],[-47,1219]],[[3255,60194],[2404,46]],[[7395,60312],[286,29]],[[8460,60364],[2309,-40],[1542,138],[632,324],[1276,-80]],[[22706,53477],[426,-1168],[-229,-839]],[[22903,51470],[-997,-407],[-1554,-311],[-115,-535],[857,-557],[17,-540],[-1350,132],[-764,-529]],[[18997,48723],[-341,190],[-814,-548],[-1154,113]],[[16688,48478],[-1486,447]],[[15202,48925],[-446,914],[-917,391]],[[31491,50687],[-634,359],[-1420,160],[-369,-429],[-2287,358],[-179,-360],[-2222,191],[-1477,504]],[[5429,68337],[227,109]],[[10399,67021],[-371,-1363],[1218,-605],[349,-949],[-25,-779],[-1022,-1604],[-896,-596],[-755,-135]],[[13169,70771],[903,95],[-94,480],[712,400],[1061,1658],[-84,1120]],[[9521,72180],[-486,1559],[523,832],[100,1105],[1279,585],[865,-195],[945,129],[2423,830],[1775,108]],[[87725,35518],[-504,-1224],[800,-999],[-689,-566],[921,-942],[-304,-660],[977,-350],[-216,-1090],[-1969,322],[-821,-121],[-975,245],[-331,-906]],[[84614,29227],[-929,-150],[-393,277],[-1222,40],[-1084,837],[-793,-294],[-1372,635],[-808,-25],[-499,699]],[[77514,31246],[-601,1160],[-1115,-73],[-837,958],[140,410]],[[75101,33701],[-1188,894]],[[73913,34595],[514,614],[337,-336],[1499,47],[514,642],[1252,750],[358,-37],[1013,1292],[159,865]],[[79559,38432],[2200,-990],[634,-878],[676,49],[651,-615],[495,312],[458,-452],[1114,631],[434,-496],[1026,107],[478,-582]],[[72518,24794],[287,-1523],[784,-598],[908,-183]],[[74497,22490],[427,-525],[-636,-173],[248,-889],[725,-1032],[1012,-544]],[[76273,19327],[-613,-91],[-834,-1511],[232,-721]],[[75058,17004],[-345,195],[-2744,-658]],[[71969,16541],[-2144,133],[-880,684],[8,477],[-859,490],[-162,926],[-484,587]],[[67448,19838],[823,976],[1294,980]],[[69565,21794],[693,625],[662,44],[938,587],[-313,596],[-910,697],[1150,569],[733,-118]],[[84921,22305],[96,-1624]],[[85017,20681],[-2012,-251],[-268,271],[-1670,-139],[-658,-494],[-1189,-116],[95,-565],[-507,-428],[-2535,368]],[[74497,22490],[150,578],[1433,1224],[2284,-236],[864,-1345],[790,830],[2247,279],[1789,-1491],[867,-24]],[[98343,27568],[-1838,1042],[-1424,-163],[-297,280],[-2478,247],[-262,-359],[-527,435],[-891,-658],[-1100,-123],[-740,274],[-813,-262]],[[87973,28281],[-2487,188],[-872,758]],[[87725,35518],[861,-105],[-368,1577],[524,500],[882,-218],[655,940],[973,346],[835,1081],[1311,798]],[[93398,40437],[1162,-685],[273,-912],[1311,-2508],[992,92],[772,-357],[372,-925],[-176,-1441],[956,-397],[-316,-1014],[33,-975],[1222,-1428],[-1656,-2319]],[[64715,31288],[1885,-1520],[1500,-567],[293,-784],[734,-654],[843,-1385],[1501,-231],[425,-621]],[[71896,25526],[622,-732]],[[69565,21794],[-639,75],[-393,1113],[-1213,163],[-1198,1136],[-1556,673],[-970,-29],[-112,-306],[-1010,299],[-828,-507],[-797,436],[-377,-634]],[[60472,24213],[-1091,183],[-678,627],[476,381]],[[59179,25404],[1774,365],[-423,731],[548,425],[-1825,937],[1198,746],[-140,358],[911,628],[-116,696]],[[61106,30290],[685,559],[755,15],[1161,540]],[[63707,31404],[1008,-116]],[[67448,19838],[-2260,871],[-3187,-453]],[[62001,20256],[-1092,863],[332,571],[-970,475],[-560,618],[750,124],[-51,599]],[[60410,23506],[62,707]],[[87973,28281],[-474,-480],[-2138,-11],[-140,-867],[-741,-570],[-285,-657],[819,-1315],[166,-1848],[-259,-228]],[[71896,25526],[782,861],[-1602,1272],[132,452],[1322,558],[860,953],[1744,-1519],[1552,252],[343,1484],[80,1211],[405,196]],[[84072,17452],[-1860,-240],[36,-740],[-562,-429],[-1452,-352],[-867,178],[-481,453],[-152,783],[-1103,-439],[-5,-307],[-996,-4],[-932,628],[-640,21]],[[85017,20681],[1437,468],[-14,-605],[752,159],[143,-914],[-1167,-315],[-140,-583],[-1184,-297],[283,-419],[-1055,-723]],[[67179,35432],[-112,-1566],[311,-392],[-256,-1180],[-1069,-165],[-172,412],[-717,-51],[-475,-533]],[[64689,31957],[-942,45],[-269,928]],[[63478,32930],[720,1051],[-1095,793],[165,823],[364,-60]],[[63632,35537],[1120,196],[1120,637],[1307,-938]],[[98343,27568],[-1661,-151],[-1121,-307],[-1355,-1978],[32,-328],[-1119,-176],[-1322,-527],[1103,-776],[111,-821],[1028,359],[-18,-1057],[-1118,-746],[572,-543],[-1002,-916],[-301,-692],[-4386,-1169],[-42,446],[-1750,-510],[-1922,-224]],[[64715,31288],[-26,669]],[[67179,35432],[2625,-1754],[701,217],[2830,-670],[220,246],[1546,230]],[[29070,28135],[66,-472],[-1076,-596],[-477,-533]],[[27583,26534],[-592,-447],[-44,-627],[-543,-649],[-2161,-908]],[[23167,30045],[756,335],[2532,416],[82,345],[875,-6],[534,710],[501,52]],[[28447,31897],[-283,-1088],[906,-2674]],[[41337,11855],[1814,-1832]],[[43151,10023],[-269,-1098],[-1045,-186],[-23,-664],[-733,-576]],[[41081,7499],[-1147,1038],[-1365,-670],[-433,493],[165,939],[-559,511],[-1008,129],[-889,-275],[44,1244],[-736,181]],[[35508,11621],[657,578],[-1285,1107],[15,851],[422,523],[1805,207],[337,-873],[686,-171],[826,925],[1498,-2640],[868,-273]],[[31380,21203],[930,-1106],[579,50],[1720,-747],[602,766],[1649,643]],[[36860,20809],[615,-1123],[4564,-2026],[1056,-304]],[[43095,17356],[252,-1138],[548,-754],[-588,-787],[-883,-374],[-96,-1476],[-991,-972]],[[28339,19040],[668,-153],[-16,573],[1969,1247],[-22,520]],[[30938,21227],[442,-24]],[[51577,4514],[-149,-837],[261,-936],[1313,-817],[354,-1143],[-1324,-183],[-1497,-598],[-2099,203],[-125,1864],[-1371,118],[-1522,-385],[-412,432],[-1085,150]],[[43921,2382],[625,787],[1113,213],[1155,1028],[593,-163],[1065,1000]],[[48472,5247],[1110,-787],[1511,363],[484,-309]],[[31800,29244],[-1270,-255],[-707,-747],[-753,-107]],[[28447,31897],[1259,1099]],[[29706,32996],[694,-857],[884,-2125],[516,-770]],[[29523,25124],[494,-790],[-321,-1332],[1227,-829],[15,-946]],[[27583,26534],[1940,-1410]],[[31380,21203],[1700,697],[315,479],[964,-28],[166,440],[1154,279]],[[35679,23070],[717,-1840],[464,-421]],[[56862,8161],[-723,-493],[-962,332],[-206,-739],[-1369,-364],[-1366,-1838],[-659,-545]],[[48472,5247],[482,1196],[541,246],[363,1113]],[[49858,7802],[1063,563],[416,795],[697,161],[-56,952],[1260,1247]],[[53238,11520],[1612,-845],[2012,-2514]],[[32756,26817],[-1872,-553],[-496,-765],[-865,-375]],[[31800,29244],[598,-2019],[358,-408]],[[43921,2382],[-1474,244],[651,1068],[-1636,2474],[92,436],[-473,895]],[[43151,10023],[1435,-51],[898,-897],[1034,118],[838,-735],[466,185],[1390,-1018],[646,177]],[[32756,26817],[1507,-1609],[1416,-2138]],[[43095,17356],[1244,-481],[1377,421],[1087,-434],[346,-610],[1058,-820],[365,-710],[2206,-1339],[327,-508],[2133,-1355]],[[43675,27822],[-431,-488],[-604,164],[-667,-396],[-719,382],[-633,-75],[-1146,-917],[686,-647],[-964,-735],[-981,-37]],[[38216,25073],[-138,635],[-1102,820],[-534,1038]],[[36442,27566],[1813,425],[1069,-206],[698,444],[1588,-225],[-2,574],[1036,349],[1031,-1105]],[[47339,28227],[228,-428]],[[47567,27799],[942,-1350]],[[48509,26449],[-677,-563],[-1222,-69],[-892,-1613],[-508,-479],[-2313,-340],[-520,-406],[-1479,455],[-805,-419]],[[40093,23015],[-1877,2058]],[[43675,27822],[1063,541],[1501,-248],[1100,112]],[[71969,16541],[-1058,-219],[-68,-392],[-896,-418],[-127,-625]],[[69820,14887],[-1257,-864],[-2135,-4]],[[66428,14019],[-1033,140],[-374,1037],[-874,108],[-1422,698],[67,379],[-1205,803],[112,702],[-539,16],[-867,662],[-682,11],[-295,491]],[[59316,19066],[2685,1190]],[[39078,32782],[987,-580],[-164,-645],[592,201],[345,-519],[1233,-589],[1213,-324],[822,1046],[1400,-238],[486,724]],[[45992,31858],[628,-610],[517,-4],[209,-936],[662,-1447],[-669,-634]],[[36442,27566],[-1051,1115],[-449,812],[-67,959],[-941,1732]],[[33934,32184],[1720,370],[1075,-735],[1564,379],[234,678],[551,-94]],[[56770,19746],[-342,-535],[436,-434],[67,-957],[-1018,-1157],[-190,-512]],[[55723,16151],[-2805,1039],[-785,799],[-1097,325]],[[51036,18314],[1028,666],[541,926],[948,396],[488,898]],[[54041,21200],[1172,-78],[642,-370],[915,-1006]],[[48509,26449],[784,-336],[831,-1346],[739,-711],[986,-111],[159,-621]],[[52008,23324],[-627,-795],[-1255,-1077],[8,-779],[-815,-1729]],[[49319,18944],[-1013,488],[-1472,136],[-560,478],[-1473,85],[-641,512],[-801,110],[-2543,1460],[-723,802]],[[59316,19066],[-1059,51],[-23,303],[-980,-8],[-484,334]],[[54041,21200],[-429,493]],[[53612,21693],[1279,485],[775,-356],[489,360],[178,769],[1987,1065],[612,-433],[1104,175],[374,-252]],[[66428,14019],[-1974,-159],[-1430,121],[-2825,-181],[-1544,709],[-1675,375],[-1257,1267]],[[51036,18314],[-1717,630]],[[52008,23324],[668,-418],[306,-808],[630,-405]],[[39078,32782],[1272,758],[437,591],[640,161],[464,-342],[594,497],[317,1131]],[[42802,35578],[589,-222],[-136,-496],[1114,-442],[489,-894],[1092,-459],[-270,-460],[312,-747]],[[42567,36430],[235,-852]],[[33934,32184],[-589,1110],[-236,944],[-484,560]],[[32625,34798],[2559,574],[1321,771],[2589,-368],[334,507],[1702,173],[1437,-25]],[[62887,45871],[873,-578],[580,-4],[241,-995],[518,-293],[-283,-469],[354,-837],[1556,-814]],[[66726,41881],[-859,-767],[-595,5],[160,-826],[-1742,-1212],[166,-811],[-472,-64]],[[63384,38206],[-732,1134],[-512,-60],[-817,483],[150,509],[-1970,1443],[-346,-89]],[[59157,41626],[-670,1012],[1055,-80],[-416,735],[774,276],[-415,232]],[[59485,43801],[619,829],[-595,652],[1275,671],[1048,119],[1055,-201]],[[76573,42632],[302,-1022],[1082,-529],[-113,-715],[1715,-1934]],[[73913,34595],[-647,-63],[-597,390],[-103,1432],[-826,664],[494,1138],[-389,743],[-1008,729],[789,673],[196,932],[1140,747],[996,147],[1058,597],[1557,-92]],[[58025,56214],[699,-1255],[590,-14],[-651,-1960],[228,-625],[1514,738],[208,-456],[1027,97],[363,-465]],[[62003,52274],[550,-971],[-711,-1347],[287,-911],[503,-188],[502,-1557]],[[63134,47300],[-337,-478],[90,-951]],[[59485,43801],[-2306,647],[-2,-605],[-948,184],[77,493],[-1900,758],[-553,792],[-1131,170],[-332,578],[-1087,499],[-221,-473],[-943,1004]],[[50139,47848],[-232,243],[1091,545],[715,801],[-209,2226],[1596,1199],[2252,-587],[844,835],[-120,1164]],[[56076,54274],[206,361],[639,-368],[-51,584],[644,657],[-118,882],[629,-176]],[[64158,56241],[1979,-908]],[[66137,55333],[93,-1606],[-1202,-855],[-1291,270],[-1734,-868]],[[58025,56214],[1120,254],[531,-687],[420,885],[934,173],[1049,-434],[916,1315],[381,46],[316,-1047],[466,-478]],[[53417,57551],[328,-181],[1220,220],[614,-211],[103,-664],[-751,-826],[866,-49],[-216,-1366],[495,-200]],[[50139,47848],[-401,-182]],[[49738,47666],[-1796,987]],[[50259,56280],[243,388],[1077,350],[611,555],[1227,-22]],[[77066,44175],[53,-1378],[-546,-165]],[[63632,35537],[-761,1170],[-114,682],[627,817]],[[66726,41881],[1406,-591],[317,475],[915,21],[1361,948],[408,-359],[1003,168],[155,-350],[783,839],[-361,792],[453,1179]],[[73166,45003],[794,-405],[1872,611],[221,-870],[1013,-164]],[[63134,47300],[623,-28],[115,524],[659,129],[13,-881],[1134,168],[752,-340],[1085,545],[253,688],[949,691],[1863,371],[570,458]],[[71150,49625],[37,-1211],[398,-464],[-72,-872],[1017,-926],[386,152],[250,-1301]],[[70986,50677],[473,-485],[-309,-567]],[[66137,55333],[1503,-620],[1234,-237],[-619,-962],[-238,-923],[1411,-140],[929,-1403],[629,-371]],[[87062,45411],[363,-205]],[[87425,45206],[-1180,-588],[-1661,594],[-484,-1536],[-1783,-145],[-671,136],[-892,-392],[-310,370],[-667,-163],[-970,1186]],[[78807,44668],[563,637],[-150,905],[-737,-438],[-73,762],[-1518,-34],[-177,477],[-572,-167],[-131,570],[-568,-42],[-322,512],[1085,1000],[-878,217],[1001,832],[-88,697],[962,390]],[[77204,50986],[543,-1240],[430,510],[1355,-123],[-476,-856],[531,-289],[1823,48],[-606,-1065],[-1580,85],[-337,-503],[1218,-900],[1188,156],[1538,-208],[686,444],[1094,-1109],[1505,-694],[946,169]],[[78807,44668],[-354,-315],[-1387,-178]],[[70986,50677],[459,428],[-382,589],[680,-196],[778,683],[457,-739],[1204,25],[49,-446],[1159,708],[-464,321],[477,367]],[[75403,52417],[1538,35],[380,-964],[-117,-502]],[[47015,44125],[-230,-431]],[[46785,43694],[-810,-923],[291,-276],[-907,-1031]],[[45359,41464],[-1289,49],[-564,353],[-2205,-1266],[373,-814],[-237,-1028]],[[41437,38758],[-911,11],[-940,334],[-1272,1080],[-146,752],[-1217,989],[557,345],[-1597,637],[206,519],[1135,970],[759,-103],[-395,1075],[418,632]],[[43209,46528],[795,-159],[1946,-1878],[876,4],[189,-370]],[[47567,27799],[1371,316],[1219,887],[887,285],[577,-496],[1274,962],[1189,7],[80,367]],[[54164,30127],[1333,-495],[-563,-522],[674,-347],[-836,-1204],[1327,-1013],[897,172],[2183,-1314]],[[45359,41464],[2223,-1646]],[[47582,39818],[-380,-217],[-156,-1494],[740,-1018]],[[47786,37089],[-745,-115],[-437,444],[-442,-390],[-1453,267],[-911,-366],[-879,917],[-851,-373]],[[42068,37473],[-1097,274],[466,1011]],[[50965,40162],[972,-661],[-373,-414],[1770,-659],[-338,-584],[930,-962],[-381,-479],[-807,-229]],[[52738,36174],[-684,1130],[-683,681],[-1171,570],[-1040,1196]],[[49160,39751],[623,754],[-666,292],[354,305]],[[49471,41102],[1494,-940]],[[47786,37089],[1040,-786],[716,-1152],[1049,-299],[592,-999],[562,-428],[1141,-1998],[192,-944],[1034,-211]],[[54112,30272],[52,-145]],[[42567,36430],[-545,522],[46,521]],[[54112,30272],[498,888]],[[54610,31160],[1187,-587],[475,-487],[1292,378],[266,409],[1122,-75],[1129,531],[1025,-1039]],[[63707,31404],[-757,1107],[528,419]],[[49160,39751],[-831,273],[-747,-206]],[[46785,43694],[647,-427],[747,186],[-84,-1152],[569,-721],[807,-478]],[[54610,31160],[782,33],[401,1054],[-202,356],[-1678,694],[-865,952],[-310,1925]],[[50965,40162],[278,494],[1840,1036],[835,-158],[1102,401],[2409,-1469],[996,392],[732,768]],[[47015,44125],[2297,1565],[618,807],[-192,1169]],[[72132,76898],[-1356,-1284]],[[70776,75614],[-735,-75],[-1178,584],[-1119,-76]],[[67744,76047],[-738,-131],[-1522,251]],[[64440,80990],[887,-155],[6133,-1657],[-776,-487],[810,-189],[-228,-835],[539,-132],[327,-637]],[[48309,61755],[726,-320],[463,-961],[993,-167],[1159,831],[610,-1036],[1460,-1019],[145,-558],[721,-651],[-1169,-323]],[[61237,76835],[582,-634],[-14,-844],[439,-602],[-859,-574],[249,-1056],[339,203],[320,-756]],[[62293,72572],[-953,-639],[-614,340],[-1430,280]],[[59296,72553],[-34,802],[-1159,-284],[-529,1237],[-578,435],[-1280,83],[-36,613],[-1439,-100]],[[44140,68755],[919,-1180]],[[45059,67575],[-322,-226],[-3275,312]],[[67744,76047],[-89,-415],[-744,-200],[665,-529],[127,-785],[489,-709],[-301,-270],[93,-1218],[-1340,-32]],[[66644,71889],[-1244,543],[-487,-283],[-543,357],[-1032,101]],[[63338,72607],[-1045,-35]],[[78335,65754],[1582,-692],[679,511],[1107,-649],[906,578],[502,-1078],[-226,-543],[1508,-27],[-158,276],[1386,17]],[[85621,64147],[-233,-400],[-90,-2281],[616,-100],[125,-522],[-1937,-617],[-88,-881],[-618,-436],[569,-209],[-129,-633]],[[83836,58068],[-419,-571],[-846,104],[-1036,-712],[-1155,1026],[-569,89],[416,526],[-1117,544],[312,1243],[-654,346],[-1188,-195],[-1548,1409],[611,554],[767,56],[-246,981],[-657,434],[-1149,13]],[[75358,63915],[-350,1773]],[[75008,65688],[1942,407],[580,-548],[805,207]],[[75306,73613],[-1876,60],[-777,-267]],[[72653,73406],[-1877,2208]],[[72132,76898],[1052,-172],[888,580],[1168,-355],[155,487],[1262,-524],[78,-1042],[882,88],[-71,-504],[1091,81],[2,-546],[-1445,-127],[-499,-509],[-1497,41],[108,-783]],[[75358,63915],[-1109,-448],[552,-213],[-565,-784],[-761,-43],[22,-900]],[[73497,61527],[-991,-551],[-822,-124]],[[71684,60852],[335,807],[-608,516],[-2234,39],[-847,770],[-691,118],[251,463],[-771,540],[803,839],[2492,706],[-413,414]],[[70001,66064],[1011,-75],[1663,253],[-127,207],[1429,672],[1253,-212],[-609,-1019],[387,-202]],[[78335,65754],[686,869],[-1038,595],[220,1151],[1877,101],[507,225],[752,-518],[907,971]],[[82246,69148],[1037,-494],[517,484],[432,-293],[1651,-402],[355,-303],[-586,-860],[331,-335],[-7,-2376],[-355,-422]],[[59296,72553],[-345,-498],[-1283,-469],[-366,-382],[-2305,-567],[-373,-767]],[[54624,69870],[-405,-34]],[[54219,69836],[-341,1785],[-484,-140],[-167,1276],[-668,671]],[[83836,58068],[1107,-161],[460,-1044]],[[85403,56863],[-510,-174],[389,-530],[-1559,-671],[218,-987],[-414,-892],[-433,382],[-254,1054],[-959,-142],[-1813,-598],[-323,975],[513,713]],[[80258,55993],[-675,521],[74,634],[-635,663],[-976,334],[-531,-293],[-612,1187],[374,248],[-1475,725],[-523,13],[-1152,1245],[-630,257]],[[54219,69836],[-1633,-325],[-108,-713],[-1006,-796],[-502,-943],[-1533,-440],[-1095,87]],[[48342,66706],[-2758,986],[-525,-117]],[[48342,66706],[-393,-301],[-330,-1097],[571,-568],[-321,-384],[298,-964],[-262,-225]],[[72653,73406],[-1324,-1250],[526,-450],[-1266,-61],[-1299,-1290],[-1133,-289]],[[68157,70066],[-672,549],[-274,-237],[-567,1511]],[[80258,55993],[-647,-96],[-635,-875],[-895,426]],[[78081,55448],[-624,476],[-1063,29],[-341,464],[-1457,-99],[-920,546],[-2201,34],[-1233,191],[-506,577]],[[69736,57666],[195,690],[772,564],[1290,216],[-336,946],[-425,204],[452,566]],[[63338,72607],[-576,-910],[-132,-935],[-678,-327],[-333,-838],[-1203,-417],[-165,-1128],[-773,-581],[-1281,385],[-1233,54],[-1116,284],[-917,-495],[-594,321],[378,484],[-91,1366]],[[75403,52417],[-111,484],[582,694],[1363,730],[-95,279],[939,844]],[[85403,56863],[1096,-1763],[508,-158],[846,-990],[-990,-730],[669,-1020],[648,-403],[1151,-41],[566,-286],[1762,122],[-304,-700],[-678,-72],[-1512,334],[-576,-304],[-454,469],[-282,-853],[930,-338],[-530,-891],[543,-801],[-326,-1105],[-1238,-1365],[-170,-557]],[[68157,70066],[-1578,-1042],[-749,52],[-588,-1547],[1155,-455],[63,-639],[1334,19],[719,-686],[1488,296]],[[69736,57666],[-1321,-748],[-809,-159],[-1602,-736],[-1500,474],[-346,-256]],[[15355,32740],[-682,-778],[-2405,-964],[-897,357],[-2052,-517],[-587,769],[668,1057],[-55,533]],[[9345,33197],[115,887],[1144,150],[1573,744],[1261,-53],[329,-409],[1183,-323],[584,-1411]],[[9345,33197],[-273,-49],[-1171,913],[-564,906],[875,1595],[-690,1678],[498,497]],[[8020,38737],[606,-238],[2083,518],[353,-352],[1415,571]],[[12477,39236],[257,-589],[722,167],[852,-461],[1036,-153],[-41,-550],[1308,300],[648,-513],[313,-862],[1035,-289]],[[7024,49037],[1280,-2080]],[[8304,46957],[-95,-757]],[[8209,46200],[-200,-551],[705,-535],[1164,-21],[439,266],[1821,39]],[[12138,45398],[-261,-762],[-933,-366]],[[10944,44270],[-1443,-432],[-1246,415],[134,-630],[-394,-598],[-115,-2409],[-1031,-40],[-191,-323]],[[6658,40253],[-834,1199],[58,1882],[341,215],[-774,621],[-1319,-83],[-605,790],[-2192,-127],[-611,645],[808,-305],[246,453],[1096,305],[543,-448],[853,716],[-541,802],[1736,1864],[-703,1451]],[[4760,50233],[1346,-531],[918,-665]],[[9352,50495],[-41,-747],[1079,-322],[-593,-1023],[-900,-530],[634,-655],[-297,-369],[-930,108]],[[7024,49037],[1172,1480],[1156,-22]],[[18997,48723],[-1237,-611],[-180,-660],[739,-502],[722,232],[142,-1505],[-1671,-163]],[[17512,45514],[-1810,522],[-779,554]],[[14923,46590],[634,44],[333,1129],[415,-96],[383,811]],[[9617,51352],[-265,-857]],[[4760,50233],[-1454,134],[-619,616],[387,284],[917,-165],[169,380]],[[17512,45514],[-360,-823],[1317,-416],[-308,-628],[-1018,357],[-13,-664],[-555,-500],[-922,-1485],[-1271,-105]],[[14382,41250],[-533,175],[-1421,1175],[-432,769],[-945,77],[-107,824]],[[12138,45398],[1476,1186],[1309,6]],[[12477,39236],[160,602],[1156,336],[589,1076]],[[14382,41250],[402,-347],[1354,-125],[1366,-764],[288,-430],[-836,-542],[857,-740],[236,-542],[1239,-136],[617,-328],[675,-1185]],[[8209,46200],[540,-240],[857,500],[1027,-596],[1156,1064],[924,167],[669,664],[408,-131],[754,1141],[658,156]],[[8020,38737],[-157,636],[-1080,72],[-125,808]],[[32625,34798],[-962,1188],[-779,109],[-697,1170],[-480,1385],[-995,-424],[-172,-2681],[104,-714],[732,-1543],[330,-292]],[[87425,45206],[762,72],[1427,-391],[1168,-623],[1074,-1041],[1252,-641],[328,-409],[-533,-1068],[495,-668]],[[75306,73613],[-62,-278],[722,-1651],[1087,-1083],[-35,-826],[1296,-261],[2024,-98],[1908,-268]],[[69820,14887],[1919,-3466],[-2293,371],[-8409,-2033],[-4175,-1598]],[[69820,14887],[576,120],[812,-415],[1707,-246],[375,-1212],[-975,-477],[769,-848],[1597,-157],[992,-838],[1929,-330],[1164,303],[-555,461],[346,432],[1633,-18],[960,-675],[1470,-172],[204,-256],[1097,87],[4514,1276],[672,-44],[411,448],[4291,-164],[-792,-561],[-59,-689],[429,-126],[-1651,-798],[-2374,-719],[-3302,-758],[-1470,121],[-343,629],[-1058,-220],[-305,-466],[-1046,284],[-1226,-234],[133,-641],[-831,500],[-1188,-403],[220,-525],[-617,-1252],[-1353,-249],[-1373,692],[-1014,-188],[-1112,167],[-444,847],[-1800,464],[-684,478],[-259,-315],[-1292,589],[-2436,252],[-579,-396],[-2240,484],[-2379,-69],[-140,389],[-802,-139],[-1072,-929],[-1316,-538],[-1172,318]],[[71202,10730],[-1627,-537],[-302,-1058],[843,-210],[292,836],[1254,538],[-460,431]],[[67132,11084],[-328,-550],[1039,355],[-711,195]]],"transform":{"scale":[0.000006272179848204711,0.000005351338846294067],"translate":[8.357826901167043,47.15944386266846]}}